isin,nav_date,nav,daily_return,weekly_return,monthly_return,ytd_return,volatility_30,drawdown,moving_average_7,moving_average_30,lag_1,lag_5,lag_20,rolling_mean_7,rolling_mean_30,rolling_std_7,rolling_std_30,calendar_month,calendar_quarter,calendar_year,is_month_end,is_quarter_end
LU0056508442,2025-07-08,102.35,,,,,,,,,,,,,,,,7,3,2025,false,false
LU0056508442,2025-07-09,103.17,0.00801172,,,,,,,,102.35,,,,,,,7,3,2025,false,false
LU0056508442,2025-07-10,102.27,-0.00872347,,,,,,,,103.17,,,102.76,102.76,0.41,0.41,7,3,2025,false,false
LU0056508442,2025-07-11,101.98,-0.00283563,,,,,,,,102.27,,,102.59666667,102.59666667,0.40672131,0.40672131,7,3,2025,false,false
LU0056508442,2025-07-14,101.51,-0.00460875,,,,,,,,101.98,,,102.4425,102.4425,0.44200537,0.44200537,7,3,2025,false,false
LU0056508442,2025-07-15,102.93,0.01398877,,,,,,,,101.51,102.35,,102.256,102.256,0.54352921,0.54352921,7,3,2025,false,false
LU0056508442,2025-07-16,102.32,-0.00592636,,,,,,,,102.93,103.17,,102.36833333,102.36833333,0.55612998,0.55612998,7,3,2025,false,false
LU0056508442,2025-07-17,103.7,0.0134871,,,,,,,,102.32,102.27,,102.36142857,102.36142857,0.51515403,0.51515403,7,3,2025,false,false
LU0056508442,2025-07-18,103.91,0.00202507,,,,,,,,103.7,101.98,,102.55428571,102.52875,0.69580082,0.65435918,7,3,2025,false,false
LU0056508442,2025-07-21,104.34,0.0041382,,,,,,,,103.91,101.51,,102.66,102.68222222,0.82545226,0.75434707,7,3,2025,false,false
LU0056508442,2025-07-22,102.47,-0.01792218,,,,,,,,104.34,102.93,,102.95571429,102.848,0.98762134,0.8714792,7,3,2025,false,false
LU0056508442,2025-07-23,102.69,0.00214697,,,,,,,,102.47,102.32,,103.02571429,102.81363636,0.93177031,0.8379984,7,3,2025,false,false
LU0056508442,2025-07-24,103.98,0.01256208,,,,,,,,102.69,103.7,,103.19428571,102.80333333,0.72641698,0.80304974,7,3,2025,false,false
LU0056508442,2025-07-25,104.28,0.00288517,,,,,,,,103.98,103.91,,103.34428571,102.89384615,0.76380359,0.83282225,7,3,2025,false,false
LU0056508442,2025-07-28,104.77,0.00469889,,,,,,,,104.28,104.34,,103.62428571,102.99285714,0.6929617,0.87834608,7,3,2025,false,false
LU0056508442,2025-07-29,105.43,0.00629951,,,,,,,,104.77,102.47,,103.77714286,103.11133333,0.80220614,0.95737744,7,3,2025,false,false
LU0056508442,2025-07-30,104.84,-0.00559613,,,,,,,,105.43,102.69,,103.99428571,103.25625,0.99203769,1.08365051,7,3,2025,false,false
LU0056508442,2025-07-31,106.42,0.01507058,,,,,,,,104.84,103.98,,104.06571429,103.34941176,1.03157102,1.11538688,7,3,2025,true,false
LU0056508442,2025-08-01,102.71,-0.03486187,,,,,,,,106.42,104.28,,104.63,103.52,1.08340732,1.29216012,8,3,2025,false,false
LU0056508442,2025-08-04,104.77,0.02005647,,,,,,,,102.71,104.77,,104.63285714,103.47736842,1.07830176,1.27063532,8,3,2025,false,false
LU0056508442,2025-08-05,105.31,0.00515415,,,,,,,,104.77,105.43,102.35,104.74571429,103.542,1.04489039,1.27010078,8,3,2025,false,false
LU0056508442,2025-08-06,104.54,-0.00731175,,,,,,,,105.31,104.84,103.17,104.89285714,103.62619048,1.04146482,1.2954149,8,3,2025,false,false
LU0056508442,2025-08-07,106.69,0.02056629,,,,,,,,104.54,106.42,102.27,104.86,103.66772727,1.04842739,1.27986481,8,3,2025,false,false
LU0056508442,2025-08-08,106.0,-0.00646734,,,,,,,,106.69,102.71,101.98,105.04,103.79913043,1.22425488,1.3952432,8,3,2025,false,false
LU0056508442,2025-08-11,106.35,0.00330189,,,,,,,,106.0,104.77,101.51,105.20571429,103.89083333,1.26383608,1.43492426,8,3,2025,false,false
LU0056508442,2025-08-12,105.79,-0.00526563,,,,,,,,106.35,105.31,102.93,105.19571429,103.9892,1.25443052,1.48622722,8,3,2025,false,false
LU0056508442,2025-08-13,107.21,0.01342282,,,,,,,,105.79,104.54,102.32,105.63571429,104.05846154,0.74011306,1.49794652,8,3,2025,false,false
LU0056508442,2025-08-14,106.29,-0.00858129,,,,,,,,107.21,106.69,103.7,105.98428571,104.17518519,0.82051999,1.58586668,8,3,2025,false,false
LU0056508442,2025-08-18,105.65,-0.00602126,,,,,,,,106.29,106.0,103.91,106.12428571,104.25071429,0.77592078,1.60598196,8,3,2025,false,false
LU0056508442,2025-08-19,105.3,-0.00331283,,,,,,,,105.65,106.35,104.34,106.28285714,104.29896552,0.50047732,1.59857123,8,3,2025,false,false
LU0056508442,2025-08-20,101.95,-0.03181387,,,,,,,,105.3,105.79,102.47,106.08428571,104.33233333,0.57040981,1.58194118,8,3,2025,false,false
LU0056508442,2025-08-21,102.45,0.00490436,,,,,,,,101.95,107.21,102.69,105.50571429,104.319,1.55928424,1.60017364,8,3,2025,false,false
LU0056508442,2025-08-22,102.8,0.0034163,,,,,,,,102.45,106.29,103.98,104.94857143,104.295,1.83113102,1.62247085,8,3,2025,false,false
LU0056508442,2025-08-25,104.65,0.01799611,,,,,,,,102.8,105.65,104.28,104.52142857,104.31266667,1.93104286,1.60309478,8,3,2025,false,false
LU0056508442,2025-08-26,104.63,-0.00019111,,,,,,,,104.65,105.3,104.77,104.15571429,104.40166667,1.6015337,1.54415259,8,3,2025,false,false
LU0056508442,2025-08-27,104.59,-0.0003823,,,,,,,,104.63,101.95,105.43,103.91857143,104.50566667,1.37479794,1.44796566,8,3,2025,false,false
LU0056508442,2025-08-28,106.02,0.01367244,,,,,,,,104.59,102.45,104.84,103.76714286,104.561,1.2260822,1.41810519,8,3,2025,false,false
LU0056508442,2025-08-29,105.36,-0.00622524,,,,,,,,106.02,102.8,106.42,103.87,104.68433333,1.37189129,1.37817436,8,3,2025,false,false
LU0056508442,2025-09-01,104.85,-0.00484055,,,,,,,,105.36,104.65,102.71,104.35714286,104.73966667,1.19804262,1.37084763,9,3,2025,false,false
LU0056508442,2025-09-02,103.59,-0.01201717,,,,,,,,104.85,104.63,104.77,104.7,104.771,0.91261007,1.36224166,9,3,2025,false,false
LU0056508442,2025-09-03,104.12,0.00511632,,,,,,,,103.59,104.59,105.31,104.81285714,104.746,0.69312366,1.37672704,9,3,2025,false,false
LU0056508442,2025-09-04,104.67,0.00528237,,,,,,,,104.12,106.02,104.54,104.73714286,104.801,0.73449136,1.31633671,9,3,2025,false,false
LU0056508442,2025-09-05,107.12,0.0234069,,,,,,,,104.67,105.36,106.69,104.74285714,104.867,0.73379083,1.25714531,9,3,2025,false,false
LU0056508442,2025-09-08,108.24,0.01045556,,,,,,,,107.12,104.85,106.0,105.10428571,104.97166667,1.10079007,1.30859997,9,3,2025,false,false
LU0056508442,2025-09-09,108.01,-0.00212491,,,,,,,,108.24,103.59,106.35,105.42142857,105.10366667,1.54791499,1.42657979,9,3,2025,false,false
LU0056508442,2025-09-10,111.22,0.02971947,,,,,,,,108.01,104.12,105.79,105.8,105.21166667,1.79148781,1.5170082,9,3,2025,false,false
LU0056508442,2025-09-11,111.35,0.00116885,,,,,,,,111.22,104.67,107.21,106.71,105.40466667,2.53949376,1.86166902,9,3,2025,false,false
LU0056508442,2025-09-12,110.98,-0.00332286,,,,,,,,111.35,107.12,106.29,107.81857143,105.62166667,2.62776074,2.1415712,9,3,2025,false,false
LU0056508442,2025-09-15,111.79,0.00729861,,,,,,,,110.98,108.24,105.65,108.79857143,105.77366667,2.32772991,2.34500246,9,3,2025,false,false
LU0056508442,2025-09-16,112.19,0.00357814,,,,,,,,111.79,108.01,105.3,109.81571429,106.07633333,1.79641593,2.51019984,9,3,2025,false,false
LU0056508442,2025-09-17,111.45,-0.00659595,,,,,,,,112.19,111.22,101.95,110.54,106.32366667,1.57153246,2.72560878,9,3,2025,false,false
LU0056508442,2025-09-18,112.63,0.01058771,,,,,,,,111.45,111.35,102.45,110.99857143,106.52833333,1.27358245,2.86858511,9,3,2025,false,false
LU0056508442,2025-09-19,113.24,0.00541596,,,,,,,,112.63,110.98,102.8,111.65857143,106.798,0.53916413,3.04389378,9,3,2025,false,false
LU0056508442,2025-09-22,113.55,0.00273755,,,,,,,,113.24,111.79,104.65,111.94714286,107.01633333,0.73295321,3.25584754,9,3,2025,false,false
LU0056508442,2025-09-23,113.89,0.00299428,,,,,,,,113.55,112.19,104.63,112.26142857,107.268,0.86863487,3.45336589,9,3,2025,false,false
LU0056508442,2025-09-24,113.21,-0.00597067,,,,,,,,113.89,111.45,104.59,112.67714286,107.51933333,0.85206831,3.64639176,9,3,2025,false,false
LU0056508442,2025-09-25,111.08,-0.01881459,,,,,,,,113.21,112.63,106.02,112.88,107.76666667,0.78294317,3.77024786,9,3,2025,false,false
LU0056508442,2025-09-26,112.23,0.0103529,,,,,,,,111.08,113.24,105.36,112.72142857,107.89566667,0.99131123,3.81493616,9,3,2025,false,false
LU0056508442,2025-09-29,113.38,0.01024681,,,,,,,,112.23,113.55,104.85,112.83285714,108.09366667,0.87968686,3.88005282,9,3,2025,false,false
LU0056508442,2025-09-30,112.38,-0.0088199,,,,,,,,113.38,113.89,103.59,112.94,108.35133333,0.89401182,3.96495627,9,3,2025,true,true
LU0056508442,2025-10-01,112.41,0.00026695,,,,,,,,112.38,113.21,104.12,112.81714286,108.58733333,0.90338592,3.98695785,10,4,2025,false,false
LU0056508442,2025-10-02,114.28,0.01663553,,,,,,,,112.41,111.08,104.67,112.65428571,108.936,0.85821837,3.84615184,10,4,2025,false,false
LU0056508442,2025-10-03,114.85,0.00498775,,,,,,,,114.28,112.23,107.12,112.71,109.33033333,0.94491118,3.76657093,10,4,2025,false,false
LU0056508442,2025-10-06,115.72,0.0075751,,,,,,,,114.85,113.38,108.24,112.94428571,109.732,1.20684781,3.69049717,10,4,2025,false,false
LU0056508442,2025-10-07,115.63,-0.00077774,,,,,,,,115.72,112.38,108.01,113.60714286,110.101,1.27328276,3.71724661,10,4,2025,false,false
LU0056508442,2025-10-08,115.64,8.648e-05,,,,,,,,115.63,112.41,111.22,114.09285714,110.46766667,1.30344285,3.70199197,10,4,2025,false,false
LU0056508442,2025-10-09,116.66,0.00882048,,,,,,,,115.64,114.28,111.35,114.41571429,110.836,1.36531375,3.64818823,10,4,2025,false,false
LU0056508442,2025-10-10,116.9,0.00205726,,,,,,,,116.66,114.85,110.98,115.02714286,111.19066667,1.27191323,3.67980881,10,4,2025,false,false
LU0056508442,2025-10-13,115.22,-0.01437126,,,,,,,,116.9,115.72,111.79,115.66857143,111.57533333,0.85377194,3.65326588,10,4,2025,false,false
LU0056508442,2025-10-14,112.67,-0.02213157,,,,,,,,115.22,115.63,112.19,115.80285714,111.921,0.68131625,3.48740338,10,4,2025,false,false
LU0056508442,2025-10-15,115.19,0.0223662,,,,,,,,112.67,115.64,111.45,115.49142857,112.22366667,1.28047345,3.12658865,10,4,2025,false,false
LU0056508442,2025-10-16,115.57,0.0032989,,,,,,,,115.19,116.66,112.63,115.41571429,112.59266667,1.28038897,2.78275395,10,4,2025,false,false
LU0056508442,2025-10-17,113.98,-0.0137579,,,,,,,,115.57,116.9,113.24,115.40714286,112.956,1.27912598,2.41141121,10,4,2025,false,false
LU0056508442,2025-10-20,115.47,0.01307247,,,,,,,,113.98,115.22,113.55,115.17,113.18466667,1.36496991,2.15922939,10,4,2025,false,false
LU0056508442,2025-10-21,114.89,-0.00502295,,,,,,,,115.47,112.67,113.89,115.0,113.42566667,1.23690859,1.99080165,10,4,2025,false,false
LU0056508442,2025-10-22,115.0,0.00095744,,,,,,,,114.89,115.19,113.21,114.71285714,113.655,0.96618121,1.73335657,10,4,2025,false,false
LU0056508442,2025-10-23,114.77,-0.002,,,,,,,,115.0,115.57,111.08,114.68142857,113.781,0.95265686,1.68858195,10,4,2025,false,false
LU0056508442,2025-10-24,117.13,0.02056286,,,,,,,,114.77,113.98,112.23,114.98142857,113.895,0.49060978,1.63521405,10,4,2025,false,false
LU0056508442,2025-10-27,118.92,0.01528217,,,,,,,,117.13,115.47,113.38,115.25857143,114.1,0.90396632,1.64240677,10,4,2025,false,false
LU0056508442,2025-10-28,119.99,0.00899765,,,,,,,,118.92,114.89,112.38,115.73714286,114.33766667,1.57778972,1.79932151,10,4,2025,false,false
LU0056508442,2025-10-29,122.2,0.0184182,,,,,,,,119.99,115.0,112.41,116.59571429,114.59766667,1.97358164,2.02019089,10,4,2025,false,false
LU0056508442,2025-10-30,120.37,-0.01497545,,,,,,,,122.2,114.77,114.28,117.55714286,114.956,2.69749998,2.35563664,10,4,2025,false,false
LU0056508442,2025-10-31,120.87,0.00415386,,,,,,,,120.37,117.13,114.85,118.34,115.214,2.60340436,2.50582601,10,4,2025,true,false
LU0056508442,2025-11-03,120.63,-0.0019856,,,,,,,,120.87,118.92,115.72,119.17857143,115.46833333,2.32277192,2.67412301,11,4,2025,false,false
LU0056508442,2025-11-04,118.88,-0.01450717,,,,,,,,120.63,119.99,115.63,120.01571429,115.70433333,1.48960069,2.80368767,11,4,2025,false,false
LU0056508442,2025-11-05,117.05,-0.01539367,,,,,,,,118.88,122.2,115.64,120.26571429,115.87066667,1.07287141,2.83891403,11,4,2025,false,false
LU0056508442,2025-11-06,115.54,-0.01290047,,,,,,,,117.05,120.37,116.66,119.99857143,115.99866667,1.51599499,2.80239866,11,4,2025,false,false
LU0056508442,2025-11-07,112.53,-0.02605158,,,,,,,,115.54,120.87,116.9,119.36285714,116.14733333,2.17576072,2.65177417,11,4,2025,false,false
LU0056508442,2025-11-10,116.08,0.03154714,,,,,,,,112.53,120.63,115.22,117.98142857,116.15733333,2.88883777,2.63751011,11,4,2025,false,false
LU0056508442,2025-11-11,115.48,-0.00516885,,,,,,,,116.08,118.88,112.67,117.36857143,116.24733333,2.76970049,2.5867817,11,4,2025,false,false
LU0056508442,2025-11-12,115.0,-0.00415656,,,,,,,,115.48,117.05,115.19,116.59857143,116.35066667,2.41587268,2.49035062,11,4,2025,false,false
LU0056508442,2025-11-13,112.87,-0.01852174,,,,,,,,115.0,115.54,115.57,115.79428571,116.437,1.79801364,2.39532343,11,4,2025,false,false
LU0056508442,2025-11-14,110.73,-0.01895987,,,,,,,,112.87,112.53,113.98,114.93571429,116.39,1.53528831,2.45038636,11,4,2025,false,false
LU0056508442,2025-11-17,111.88,0.01038562,,,,,,,,110.73,116.08,115.47,114.03285714,116.25266667,1.85208542,2.64089623,11,4,2025,false,false
LU0056508442,2025-11-18,108.04,-0.03432249,,,,,,,,111.88,115.48,114.89,113.51,116.12466667,1.86934672,2.75423883,11,4,2025,false,false
LU0056508442,2025-11-19,110.49,0.02267679,,,,,,,,108.04,115.0,115.0,112.86857143,115.87166667,2.68705058,3.11326097,11,4,2025,false,false
LU0056508442,2025-11-20,112.76,0.02054485,,,,,,,,110.49,112.87,114.77,112.07,115.7,2.43257653,3.25983844,11,4,2025,false,false
LU0056508442,2025-11-21,105.69,-0.06269954,,,,,,,,112.76,110.73,117.13,111.68142857,115.57,2.04286513,3.29652039,11,4,2025,false,false
LU0056508442,2025-11-24,108.23,0.02403255,,,,,,,,105.69,111.88,118.92,110.35142857,115.19633333,2.44116734,3.73125581,11,4,2025,false,false
LU0056508442,2025-11-25,108.33,0.00092396,,,,,,,,108.23,108.04,119.99,109.68857143,114.96333333,2.29274277,3.93517753,11,4,2025,false,false
LU0056508442,2025-11-26,111.11,0.02566233,,,,,,,,108.33,110.49,122.2,109.34571429,114.81866667,2.2908193,4.09341971,11,4,2025,false,false
LU0056508442,2025-11-27,111.99,0.00792008,,,,,,,,111.11,112.76,120.37,109.23571429,114.68266667,2.18240927,4.1462593,11,4,2025,false,false
LU0056508442,2025-11-28,112.3,0.0027681,,,,,,,,111.99,105.69,120.87,109.8,114.56333333,2.30737327,4.17045108,11,4,2025,false,false
LU0056508442,2025-12-01,111.81,-0.00436331,,,,,,,,112.3,108.23,120.63,110.05857143,114.50733333,2.46616202,4.18914544,12,4,2025,false,false
LU0056508442,2025-12-02,113.73,0.01717199,,,,,,,,111.81,108.33,118.88,109.92285714,114.38533333,2.33649747,4.21256275,12,4,2025,false,false
LU0056508442,2025-12-03,112.07,-0.01459597,,,,,,,,113.73,111.11,117.05,111.07142857,114.34666667,1.91076969,4.21307673,12,4,2025,false,false
LU0056508442,2025-12-04,112.65,0.00517534,,,,,,,,112.07,111.99,115.54,111.62,114.249,1.529435,4.23072362,12,4,2025,false,false
LU0056508442,2025-12-05,114.56,0.01695517,,,,,,,,112.65,112.3,112.53,112.23714286,114.17833333,0.75070851,4.23912812,12,4,2025,false,false
LU0056508442,2025-12-08,114.86,0.00261872,,,,,,,,114.56,111.81,116.08,112.73,114.09266667,0.95392423,4.20443966,12,4,2025,false,false
LU0056508442,2025-12-09,114.83,-0.00026119,,,,,,,,114.86,113.73,115.48,113.14,113.95733333,1.1453259,4.11118631,12,4,2025,false,false
LU0056508442,2025-12-10,114.71,-0.00104502,,,,,,,,114.83,112.07,115.0,113.50142857,113.78533333,1.2199816,3.96037265,12,4,2025,false,false
LU0056508442,2025-12-11,112.75,-0.01708657,,,,,,,,114.71,112.65,112.87,113.91571429,113.53566667,1.05673158,3.64561351,12,4,2025,false,false
LU0056508442,2025-12-12,112.92,0.00150776,,,,,,,,112.75,114.56,110.73,113.77571429,113.28166667,1.13414357,3.41900871,12,4,2025,false,false
LU0056508442,2025-12-15,110.05,-0.02541622,,,,,,,,112.92,114.86,111.88,113.89714286,113.01666667,0.98005414,3.11517718,12,4,2025,false,false
LU0056508442,2025-12-16,109.74,-0.0028169,,,,,,,,110.05,114.83,108.04,113.52571429,112.664,1.64763776,2.81801893,12,4,2025,false,false
LU0056508442,2025-12-17,109.23,-0.00464735,,,,,,,,109.74,114.71,110.49,112.83714286,112.35933333,2.03350306,2.61638037,12,4,2025,false,false
LU0056508442,2025-12-18,108.86,-0.00338735,,,,,,,,109.23,112.75,112.76,112.03285714,112.09866667,2.18231014,2.52398723,12,4,2025,false,false
LU0056508442,2025-12-19,110.78,0.01763733,,,,,,,,108.86,112.92,105.69,111.18,111.876,2.08699374,2.50515548,12,4,2025,false,false
LU0056508442,2025-12-22,112.02,0.01119336,,,,,,,,110.78,110.05,108.23,110.61857143,111.81766667,1.51098292,2.50961841,12,4,2025,false,false
LU0056508442,2025-12-23,111.68,-0.00303517,,,,,,,,112.02,109.74,108.33,110.51428571,111.68233333,1.37977076,2.38236253,12,4,2025,false,false
LU0056508442,2025-12-29,112.4,0.00644699,,,,,,,,111.68,109.23,111.11,110.33714286,111.55566667,1.11343374,2.27571188,12,4,2025,false,false
LU0056508442,2025-12-30,112.84,0.00391459,,,,,,,,112.4,108.86,111.99,110.67285714,111.469,1.31269313,2.19081469,12,4,2025,false,false
LU0056508442,2025-12-31,112.24,-0.00531726,,,,,,,,112.84,110.78,112.3,111.11571429,111.468,1.44001842,2.19018173,12,4,2025,true,true
LU0056508442,2026-01-02,113.85,0.01434426,,,,,,,,112.24,112.02,111.81,111.54571429,111.51833333,1.24953542,2.18999404,1,1,2026,false,false
LU0056508442,2026-01-05,113.76,-0.00079051,,,,,,,,113.85,111.68,113.73,112.25857143,111.584,0.88389444,2.22904105,1,1,2026,false,false
LU0056508442,2026-01-06,114.1,0.00298875,,,,,,,,113.76,112.4,112.07,112.68428571,111.77466667,0.78087601,2.16135102,1,1,2026,false,false
LU0056508442,2026-01-07,114.26,0.00140228,,,,,,,,114.1,112.84,112.65,112.98142857,111.895,0.86299195,2.18682075,1,1,2026,false,false
LU0056508442,2026-01-08,112.86,-0.01225276,,,,,,,,114.26,112.24,114.56,113.35,111.945,0.77491013,2.22287764,1,1,2026,false,false
LU0056508442,2026-01-09,113.9,0.00921496,,,,,,,,112.86,113.85,114.86,113.41571429,112.184,0.70819402,1.89942202,1,1,2026,false,false
LU0056508442,2026-01-12,114.77,0.00763828,,,,,,,,113.9,113.76,114.83,113.56714286,112.373,0.68173548,1.77457065,1,1,2026,false,false
LU0056508442,2026-01-13,115.72,0.00827742,,,,,,,,114.77,114.1,114.71,113.92857143,112.58766667,0.53778457,1.65821527,1,1,2026,false,false
LU0056508442,2026-01-14,113.65,-0.01788801,,,,,,,,115.72,114.26,112.75,114.19571429,112.74133333,0.82184213,1.72636368,1,1,2026,false,false
LU0056508442,2026-01-15,115.54,0.01663,,,,,,,,113.65,112.86,112.92,114.18,112.79666667,0.83102347,1.72799756,1,1,2026,false,false
LU0056508442,2026-01-16,114.94,-0.00519301,,,,,,,,115.54,113.9,110.05,114.38571429,112.90466667,0.95477532,1.79358623,1,1,2026,false,false
LU0056508442,2026-01-19,114.91,-0.00026101,,,,,,,,114.94,114.77,109.74,114.48285714,113.009,0.97148949,1.81774833,1,1,2026,false,false
LU0056508442,2026-01-20,112.74,-0.01888434,,,,,,,,114.91,115.72,109.23,114.77571429,113.04833333,0.7126381,1.84547931,1,1,2026,false,false
LU0056508442,2026-01-21,112.75,8.87e-05,,,,,,,,112.74,113.65,108.86,114.61,113.07066667,0.98125284,1.83754172,1,1,2026,false,false
LU0056508442,2026-01-22,113.59,0.00745011,,,,,,,,112.75,115.54,110.78,114.32142857,113.074,1.17053625,1.83686617,1,1,2026,false,false
LU0056508442,2026-01-23,113.23,-0.00316929,,,,,,,,113.59,114.94,112.02,114.01714286,113.04166667,1.03661143,1.81887343,1,1,2026,false,false
LU0056508442,2026-01-26,114.44,0.01068621,,,,,,,,113.23,114.91,111.68,113.95714286,112.98733333,1.06781104,1.78782537,1,1,2026,false,false
LU0056508442,2026-01-27,116.16,0.01502971,,,,,,,,114.44,112.74,112.4,113.8,112.97433333,0.88933362,1.77575652,1,1,2026,false,false
LU0056508442,2026-01-28,117.88,0.01480716,,,,,,,,116.16,112.75,112.84,113.97428571,113.02266667,1.17070012,1.8408801,1,1,2026,false,false
LU0056508442,2026-01-29,116.2,-0.01425178,,,,,,,,117.88,113.59,112.24,114.39857143,113.19366667,1.80129659,2.0355777,1,1,2026,false,false
LU0056508442,2026-01-30,115.84,-0.00309811,,,,,,,,116.2,113.23,113.85,114.89285714,113.303,1.75241641,2.10485019,1,1,2026,false,false
LU0056508442,2026-02-02,113.75,-0.01804213,,,,,,,,115.84,114.44,113.76,115.33428571,113.496,1.5324104,2.06275479,2,1,2026,false,false
LU0056508442,2026-02-03,113.11,-0.00562637,,,,,,,,113.75,116.16,114.1,115.35714286,113.62966667,1.50720853,1.94138865,2,1,2026,false,false
LU0056508442,2026-02-04,110.74,-0.02095305,,,,,,,,113.11,117.88,114.26,115.34,113.759,1.531787,1.76522775,2,1,2026,false,false
LU0056508442,2026-02-05,107.56,-0.02871591,,,,,,,,110.74,116.2,112.86,114.81142857,113.82166667,2.23027499,1.61737665,2,1,2026,false,false
LU0056508442,2026-02-06,109.59,0.01887319,,,,,,,,107.56,115.84,113.9,113.58285714,113.71433333,3.27365551,1.8981424,2,1,2026,false,false
LU0056508442,2026-02-09,112.71,0.02846975,,,,,,,,109.59,113.75,114.77,112.39857143,113.63333333,2.99231124,2.01685288,2,1,2026,false,false
LU0056508442,2026-02-10,114.56,0.01641381,,,,,,,,112.71,113.11,115.72,111.9,113.66766667,2.5796899,1.99192149,2,1,2026,false,false
LU0056508442,2026-02-11,114.62,0.00052374,,,,,,,,114.56,110.74,113.65,111.71714286,113.73966667,2.32690913,1.98382036,2,1,2026,false,false
LU0056508442,2026-02-12,113.7,-0.00802652,,,,,,,,114.62,107.56,115.54,111.84142857,113.799,2.45203955,1.98264361,2,1,2026,false,false
LU0056508442,2026-02-13,111.41,-0.02014072,,,,,,,,113.7,109.59,114.94,111.92571429,113.84766667,2.5037906,1.96158555,2,1,2026,false,false
LU0056508442,2026-02-16,111.83,0.00376986,,,,,,,,111.41,112.71,114.91,112.02142857,113.76633333,2.46920131,2.00979515,2,1,2026,false,false
LU0056508442,2026-02-17,109.63,-0.01967272,,,,,,,,111.83,114.56,112.74,112.63142857,113.702,1.69900331,2.03963624,2,1,2026,false,false
LU0056508442,2026-02-18,112.73,0.02827693,,,,,,,,109.63,114.62,112.75,112.63714286,113.553,1.68880105,2.16456485,2,1,2026,false,false
LU0056508442,2026-02-19,112.3,-0.00381442,,,,,,,,112.73,113.7,113.59,112.64,113.502,1.6889388,2.16533046,2,1,2026,false,false
LU0056508442,2026-02-20,113.01,0.00632235,,,,,,,,112.3,111.41,113.23,112.31714286,113.48333333,1.49604922,2.17318404,2,1,2026,false,false
LU0056508442,2026-02-23,112.73,-0.00247766,,,,,,,,113.01,111.83,114.44,112.08714286,113.45366667,1.22321257,2.17336833,2,1,2026,false,false
LU0056508442,2026-02-24,112.66,-0.00062095,,,,,,,,112.73,109.63,116.16,111.94857143,113.38566667,1.07910583,2.16300822,2,1,2026,false,false
LU0056508442,2026-02-25,116.17,0.03115569,,,,,,,,112.66,112.73,117.88,112.12714286,113.28366667,1.07863292,2.1222904,2,1,2026,false,false
LU0056508442,2026-02-26,114.85,-0.01136266,,,,,,,,116.17,112.3,116.2,112.74714286,113.36766667,1.7610769,2.18409811,2,1,2026,false,false
LU0056508442,2026-02-27,112.46,-0.02080975,,,,,,,,114.85,113.01,115.84,113.49285714,113.34466667,1.33751063,2.16464737,2,1,2026,false,false
LU0056508442,2026-03-02,112.11,-0.00311222,,,,,,,,112.46,112.73,113.75,113.45428571,113.262,1.36261154,2.14944551,3,1,2026,false,false
LU0056508442,2026-03-03,107.33,-0.0426367,,,,,,,,112.11,112.66,113.11,113.42714286,113.16866667,1.38700823,2.13661217,3,1,2026,false,false
LU0056508442,2026-03-04,109.21,0.01751607,,,,,,,,107.33,116.17,110.74,112.61571429,112.98833333,2.55954157,2.37966396,3,1,2026,false,false
LU0056508442,2026-03-05,111.26,0.01877117,,,,,,,,109.21,114.85,107.56,112.11285714,112.87033333,2.82019611,2.47443796,3,1,2026,false,false
LU0056508442,2026-03-06,108.3,-0.02660435,,,,,,,,111.26,112.46,109.59,111.91285714,112.79266667,2.8239421,2.48716429,3,1,2026,false,false
LU0056508442,2026-03-09,106.96,-0.01237304,,,,,,,,108.3,112.11,112.71,110.78857143,112.62833333,2.44668539,2.61254803,3,1,2026,false,false
LU0056508442,2026-03-10,111.68,0.04412865,,,,,,,,106.96,107.33,114.56,109.66142857,112.379,2.1102974,2.77935886,3,1,2026,false,false
LU0056508442,2026-03-11,111.8,0.0010745,,,,,,,,111.68,109.21,114.62,109.55,112.22966667,1.97589763,2.69115029,3,1,2026,false,false
LU0056508442,2026-03-12,108.76,-0.02719141,,,,,,,,111.8,111.26,113.7,109.50571429,112.027,1.92072797,2.47854009,3,1,2026,false,false
LU0056508442,2026-03-13,107.98,-0.00717175,,,,,,,,108.76,108.3,111.41,109.71,111.779,1.74661305,2.42011756,3,1,2026,false,false
LU0056508442,2026-03-16,109.64,0.01537322,,,,,,,,107.98,106.96,111.83,109.53428571,111.517,1.84705833,2.39158546,3,1,2026,false,false
LU0056508442,2026-03-17,110.08,0.00401313,,,,,,,,109.64,111.68,109.63,109.30285714,111.38,1.71295663,2.37742297,3,1,2026,false,false
LU0056508442,2026-03-18,110.72,0.00581395,,,,,,,,110.08,111.8,112.73,109.55714286,111.279,1.67695059,2.36611686,3,1,2026,false,false
LU0056508442,2026-03-19,108.99,-0.015625,,,,,,,,110.72,108.76,112.3,110.09428571,111.27833333,1.32409384,2.36627145,3,1,2026,false,false
LU0056508442,2026-03-20,107.68,-0.01201945,,,,,,,,108.99,107.98,113.01,109.71,111.326,1.19186528,2.3044849,3,1,2026,false,false
LU0056508442,2026-03-23,109.81,0.01978083,,,,,,,,107.68,109.64,112.73,109.12142857,111.26233333,1.01922139,2.37681535,3,1,2026,false,false
LU0056508442,2026-03-24,108.06,-0.01593662,,,,,,,,109.81,110.08,112.66,109.27142857,111.16566667,1.03217425,2.37494377,3,1,2026,false,false
LU0056508442,2026-03-25,109.96,0.01758282,,,,,,,,108.06,110.72,116.17,109.28285714,110.949,1.0181596,2.35177996,3,1,2026,false,false
LU0056508442,2026-03-26,106.06,-0.03546744,,,,,,,,109.96,108.99,114.85,109.32857143,110.79366667,1.04011577,2.2561331,3,1,2026,false,false
LU0056508442,2026-03-27,103.07,-0.02819159,,,,,,,,106.06,107.68,112.46,108.75428571,110.539,1.48242906,2.34321197,3,1,2026,false,false
LU0056508442,2026-03-30,101.26,-0.01756088,,,,,,,,103.07,109.81,112.11,107.66142857,110.261,2.25102788,2.69213713,3,1,2026,false,false
LU0056508442,2026-03-31,102.07,0.00799921,,,,,,,,101.26,108.06,107.33,106.55714286,109.90866667,3.07401419,3.12121849,3,1,2026,true,true
LU0056508442,2026-04-01,107.07,0.04898599,,,,,,,,102.07,109.96,109.21,105.75571429,109.65666667,3.3916825,3.42404277,4,2,2026,false,false
LU0056508442,2026-04-02,105.01,-0.01923975,,,,,,,,107.07,106.06,111.26,105.36428571,109.468,3.0411974,3.40538632,4,2,2026,false,false
LU0056508442,2026-04-07,107.31,0.02190268,,,,,,,,105.01,103.07,108.3,104.92857143,109.225,2.83528496,3.45437766,4,2,2026,false,false
LU0056508442,2026-04-08,115.33,0.07473674,,,,,,,,107.31,101.26,106.96,104.55,109.035,2.25593186,3.39725257,4,2,2026,false,false
LU0056508442,2026-04-09,115.38,0.00043354,,,,,,,,115.33,102.07,111.68,105.87428571,109.12166667,4.42842719,3.52130855,4,2,2026,false,false
LU0056508442,2026-04-10,117.16,0.01542728,,,,,,,,115.38,107.07,111.8,107.63285714,109.21233333,5.32008785,3.64412192,4,2,2026,false,false
LU0056508442,2026-04-13,117.28,0.00102424,,,,,,,,117.16,105.01,108.76,109.90428571,109.24533333,5.50533211,3.71085052,4,2,2026,false,false
LU0056508442,2026-04-14,120.28,0.02557981,,,,,,,,117.28,107.31,107.98,112.07714286,109.32633333,4.95892763,3.85598711,4,2,2026,false,false
LU0056508442,2026-04-15,122.4,0.01762554,,,,,,,,120.28,115.33,109.64,113.96428571,109.587,5.20196352,4.2979981,4,2,2026,false,false
LU0056508442,2026-04-16,123.13,0.00596405,,,,,,,,122.4,115.38,110.08,116.44857143,109.93,4.42724174,4.85956651,4,2,2026,false,false
LU0056508442,2026-04-17,125.6,0.0200601,,,,,,,,123.13,117.16,110.72,118.70857143,110.45666667,2.98993755,5.37779467,4,2,2026,false,false
LU0056508442,2026-04-20,125.6,0.0,,,,,,,,125.6,117.28,108.99,120.17571429,111.003,3.45558702,6.01784078,4,2,2026,false,false
LU0056508442,2026-04-21,126.89,0.0102707,,,,,,,,125.6,120.28,107.68,121.63571429,111.481,3.27523983,6.56400302,4,2,2026,false,false
LU0056508442,2026-04-22,126.91,0.00015762,,,,,,,,126.89,122.4,109.81,123.02571429,112.10066667,3.14281883,7.09079917,4,2,2026,false,false
LU0056508442,2026-04-23,128.48,0.01237097,,,,,,,,126.91,123.13,108.06,124.40142857,112.76566667,2.32893249,7.50112466,4,2,2026,false,false
LU0056508442,2026-04-24,129.67,0.00926214,,,,,,,,128.48,125.6,109.96,125.57285714,113.32566667,2.00036935,8.00907763,4,2,2026,false,false
LU0056508442,2026-04-27,131.53,0.0143441,,,,,,,,129.67,125.6,106.06,126.61142857,113.92133333,1.97047803,8.52158973,4,2,2026,false,false
LU0056508442,2026-04-28,129.15,-0.01809473,,,,,,,,131.53,126.89,103.07,127.81142857,114.68033333,2.04141008,9.02712227,4,2,2026,false,false
LU0056508442,2026-04-29,128.96,-0.00147116,,,,,,,,129.15,126.91,101.26,128.31857143,115.386,1.8621219,9.29911451,4,2,2026,false,false
LU0056508442,2026-04-30,129.48,0.00403226,,,,,,,,128.96,128.48,102.07,128.79857143,116.03,1.49668614,9.5446334,4,2,2026,true,false
LU0056508442,2026-05-04,134.15,0.03606735,,,,,,,,129.48,129.67,107.07,129.16857143,116.67666667,1.28418322,9.77403954,5,2,2026,false,false
LU0056508442,2026-05-05,135.03,0.00655982,,,,,,,,134.15,131.53,105.01,130.20285714,117.45766667,1.84271317,10.1939396,5,2,2026,false,false
LU0056508442,2026-05-06,140.12,0.03769533,,,,,,,,135.03,129.15,107.31,131.13857143,118.32566667,2.32911037,10.5387775,5,2,2026,false,false
LU0056508442,2026-05-07,141.46,0.00956323,,,,,,,,140.12,128.96,115.33,132.63142857,119.407,3.79628175,11.04318678,5,2,2026,false,false
LU0056508442,2026-05-08,143.05,0.01123993,,,,,,,,141.46,129.48,115.38,134.05,120.462,4.83331297,11.57497427,5,2,2026,false,false
LU0056508442,2026-05-11,145.69,0.01845509,,,,,,,,143.05,134.15,117.16,136.03571429,121.62833333,5.24969348,12.02081392,5,2,2026,false,false
LU0056508442,2026-05-12,144.18,-0.01036447,,,,,,,,145.69,135.03,117.28,138.42571429,122.81933333,5.29244436,12.56351648,5,2,2026,false,false
LU0056508442,2026-05-13,145.02,0.00582605,,,,,,,,144.18,140.12,120.28,140.52571429,124.09,4.11071373,12.73083318,5,2,2026,false,false
LU0056508442,2026-05-15,144.28,-0.00510274,,,,,,,,145.02,141.46,122.4,142.07857143,125.48833333,3.40073701,12.64883106,5,2,2026,false,false
LU0056508442,2026-05-18,144.71,0.00298032,,,,,,,,144.28,143.05,123.13,143.4,126.92233333,1.84761622,12.25317882,5,2,2026,false,false
LU0056508442,2026-05-19,141.13,-0.02473913,,,,,,,,144.71,145.69,125.6,144.05571429,128.34366667,1.30075645,11.75070026,5,2,2026,false,false
LU0056508442,2026-05-20,142.87,0.01232906,,,,,,,,141.13,144.18,125.6,144.00857143,129.479,1.39643862,11.27625923,5,2,2026,false,false
LU0056508442,2026-05-21,146.83,0.02771751,,,,,,,,142.87,145.02,126.89,143.98285714,130.741,1.41538197,10.56318808,5,2,2026,false,false
LU0056508442,2026-05-22,148.46,0.01110127,,,,,,,,146.83,144.28,126.91,144.14571429,132.05833333,1.64878186,10.00868193,5,2,2026,false,false
LU0056508442,2026-05-26,151.87,0.02296915,,,,,,,,148.46,144.71,128.48,144.75714286,133.16266667,2.23684545,9.92942158,5,2,2026,false,false
LU0056508442,2026-05-27,152.87,0.00658458,,,,,,,,151.87,141.13,129.67,145.73571429,134.379,3.3561196,9.9115412,5,2,2026,false,false
LU0056508442,2026-05-28,152.09,-0.00510237,,,,,,,,152.87,142.87,131.53,146.96285714,135.56933333,4.08975275,9.9164439,5,2,2026,false,false
LU0056508442,2026-05-29,156.05,0.02603721,,,,,,,,152.09,146.83,129.15,148.01714286,136.72966667,4.31797146,9.74357446,5,2,2026,false,false
LU0056508442,2026-06-01,155.77,-0.0017943,,,,,,,,156.05,148.46,128.96,150.14857143,137.922,4.06741908,9.84572882,6,2,2026,false,false
LU0056508442,2026-06-02,160.02,0.02728382,,,,,,,,155.77,151.87,129.48,151.99142857,139.03433333,3.17708954,9.91404952,6,2,2026,false,false
LU0056508442,2026-06-03,159.46,-0.00349956,,,,,,,,160.02,152.87,134.15,153.87571429,140.264,3.45628147,10.15010562,6,2,2026,false,false
LU0056508442,2026-06-04,154.29,-0.03242192,,,,,,,,159.46,152.09,135.03,155.44714286,141.39266667,3.12112029,10.33759512,6,2,2026,false,false
LU0056508442,2026-06-05,149.82,-0.02897142,,,,,,,,154.29,156.05,140.12,155.79285714,142.349,2.82580312,10.15787358,6,2,2026,false,false
LU0056508442,2026-06-08,146.94,-0.01922307,,,,,,,,149.82,155.77,141.46,155.35714286,143.11333333,3.41632933,9.82306956,6,2,2026,false,false
LU0056508442,2026-06-09,151.82,0.03321083,,,,,,,,146.94,160.02,143.05,154.62142857,143.781,4.44143294,9.36928114,6,2,2026,false,false
LU0056508442,2026-06-10,146.0,-0.03833487,,,,,,,,151.82,159.46,145.69,154.01714286,144.559,4.49341332,9.0293028,6,2,2026,false,false
LU0056508442,2026-06-11,146.21,0.00143836,,,,,,,,146.0,154.29,144.18,152.62142857,145.10333333,5.19479528,8.59719812,6,2,2026,false,false
LU0056508442,2026-06-12,149.83,0.02475891,,,,,,,,146.21,149.82,145.02,150.64857143,145.59266667,4.59850419,8.22021976,6,2,2026,false,false
LU0056508442,2026-06-15,156.74,0.04611893,,,,,,,,149.83,146.94,144.28,149.27285714,146.282,2.87363242,7.6605019,6,2,2026,false,false
LU0056508442,2026-06-16,159.03,0.01461018,,,,,,,,156.74,151.82,144.71,149.62285714,147.208,3.53620747,7.17424207,6,2,2026,false,false
LU0056508442,2026-06-17,156.62,-0.01515437,,,,,,,,159.03,146.0,141.13,150.93857143,148.193,4.83840419,6.68446814,6,2,2026,false,false
LU0056508442,2026-06-18,159.55,0.0187077,,,,,,,,156.62,146.21,142.87,152.32142857,148.942,4.8810872,6.31781049,6,2,2026,false,false
LU0056508442,2026-06-19,161.32,0.0110937,,,,,,,,159.55,149.83,146.83,153.42571429,149.75933333,5.48035155,6.04534749,6,2,2026,false,false
LU0056508442,2026-06-22,163.23,0.01183982,,,,,,,,161.32,156.74,148.46,155.61428571,150.466,5.12541805,6.11592926,6,2,2026,false,false
LU0056508442,2026-06-24,152.95,-0.06297862,,,,,,,,163.23,159.03,151.87,158.04571429,151.19166667,4.00116004,6.29325463,6,2,2026,false,false
LU0056508442,2026-06-25,152.19,-0.00496894,,,,,,,,152.95,156.62,152.87,158.49142857,151.52166667,3.14285325,6.114708,6,2,2026,false,false
LU0056508442,2026-06-26,151.44,-0.00492805,,,,,,,,152.19,159.55,152.09,157.84142857,151.73833333,3.83267318,6.01863666,6,2,2026,false,false
LU0056508442,2026-06-29,151.74,0.00198098,,,,,,,,151.44,161.32,156.05,156.75714286,151.98033333,4.37789158,5.85355532,6,2,2026,false,false
LU0056508442,2026-06-30,159.01,0.0479109,,,,,,,,151.74,163.23,155.77,156.06,152.20433333,4.71944912,5.70972719,6,2,2026,true,true
LU0056508442,2026-07-01,156.6,-0.01515628,,,,,,,,159.01,152.95,160.02,155.98285714,152.69533333,4.66588137,5.64009204,7,3,2026,false,false
LU0056508442,2026-07-02,153.6,-0.01915709,,,,,,,,156.6,152.19,159.46,155.30857143,153.09166667,4.15943481,5.48053409,7,3,2026,false,false
LU0056508442,2026-07-03,150.7,-0.01888021,,,,,,,,153.6,151.44,154.29,153.93285714,153.50733333,2.61938768,5.0102601,7,3,2026,false,false
LU0056508442,2026-07-06,153.47,0.01838089,,,,,,,,150.7,151.74,149.82,153.61142857,153.76833333,2.84831995,4.6395611,7,3,2026,false,false
LU0056508442,2026-07-07,146.36,-0.04632827,,,,,,,,153.47,159.01,146.94,153.79428571,153.98966667,2.79172173,4.4581188,7,3,2026,false,false
LU0056508442,2026-07-08,146.38,0.00013665,,,,,,,,146.36,156.6,151.82,153.06857143,153.91966667,3.79087788,4.5597233,7,3,2026,false,false
LU0056508442,2026-07-09,151.27,0.0334062,,,,,,,,146.38,153.6,146.0,152.30285714,153.73666667,4.46354988,4.74472713,7,3,2026,false,false
LU0056508442,2026-07-10,149.97,-0.0085939,,,,,,,,151.27,150.7,146.21,151.19714286,153.68333333,3.52512903,4.76312596,7,3,2026,false,false
LU0056508442,2026-07-13,145.54,-0.02953924,,,,,,,,149.97,153.47,149.83,150.25,153.61266667,2.75217317,4.80181003,7,3,2026,false,false
LU0056508442,2026-07-14,147.46,0.01319225,,,,,,,,145.54,146.36,156.74,149.09857143,153.26233333,2.7954628,4.99088081,7,3,2026,false,false
LU0056508442,2026-07-15,148.33,0.00589991,,,,,,,,147.46,146.38,159.03,148.63571429,152.98533333,2.75999408,5.0739319,7,3,2026,false,false
LU0056508442,2026-07-16,142.67,-0.03815816,,,,,,,,148.33,151.27,156.62,147.90142857,152.59566667,1.93729877,4.96646734,7,3,2026,false,false
LU0056508442,2026-07-17,137.62,-0.03539637,,,,,,,,142.67,149.97,159.55,147.37428571,152.036,2.654338,5.10547719,7,3,2026,false,false
LU0056508442,2026-07-20,141.02,0.02470571,,,,,,,,137.62,145.54,161.32,146.12285714,151.48033333,4.35092015,5.7022057,7,3,2026,false,false
LU0056508442,2026-07-21,143.55,0.01794072,,,,,,,,141.02,147.46,163.23,144.65857143,151.187,4.08919632,5.99870828,7,3,2026,false,false
LU0056508442,2026-07-22,144.75,0.00835946,,,,,,,,143.55,148.33,152.95,143.74142857,151.074,3.46781705,6.10856972,7,3,2026,false,false
LU0056508442,2026-07-23,144.05,-0.00483592,,,,,,,,144.75,142.67,152.19,143.62857143,150.83833333,3.41997255,6.21076758,7,3,2026,false,false
LU0056508442,2026-07-24,139.72,-0.03005901,,,,,,,,144.05,137.62,151.44,143.14142857,150.77333333,3.06384646,6.27097618,7,3,2026,false,false
LU0056508442,2026-07-27,138.41,-0.00937589,,,,,,,,139.72,141.02,151.74,141.91142857,150.557,2.38760746,6.53121334,7,3,2026,false,false
LU0056508442,2026-07-28,129.65,-0.06329022,,,,,,,,138.41,143.55,159.01,141.30285714,150.17633333,2.64566338,6.88567667,7,3,2026,false,false
LU0056508442,2026-07-29,129.42,-0.00177401,,,,,,,,129.65,144.75,156.6,140.16428571,149.27333333,4.81289891,7.69450598,7,3,2026,false,false
LU0056508442,2026-07-30,134.06,0.03585226,,,,,,,,129.42,144.05,153.6,138.50714286,148.28633333,6.06668352,8.2581271,7,3,2026,false,false
LU0056508442,2026-07-31,138.31,0.03170222,,,,,,,,134.06,139.72,150.7,137.15142857,147.53433333,5.84457607,8.48896016,7,3,2026,true,false
LU0056508442,2026-08-03,137.48,-0.00600101,,,,,,,,138.31,138.41,153.47,136.23142857,146.82633333,5.02554454,8.3417574,8,3,2026,false,false
LU0056508442,2026-08-04,144.11,0.0482252,,,,,,,,137.48,129.65,146.36,135.29285714,146.03166667,3.98309182,8.05375734,8,3,2026,false,false
LU0056508442,2026-08-05,147.0,0.02005413,,,,,,,,144.11,129.42,146.38,135.92,145.39433333,4.87624563,7.39732956,8,3,2026,false,false
LU0056508442,2026-08-06,143.25,-0.0255102,,,,,,,,147.0,134.06,151.27,137.14714286,145.196,6.23892783,7.27077373,8,3,2026,false,false
LU0056508442,2026-08-07,144.63,0.00963351,,,,,,,,143.25,138.31,149.97,139.09,144.898,5.69566753,7.16038006,8,3,2026,false,false
LU0056508442,2026-08-10,145.32,0.00477079,,,,,,,,144.63,137.48,145.54,141.26285714,144.671,4.32959818,7.0565796,8,3,2026,false,false
LU0056508442,2026-08-11,145.13,-0.00130746,,,,,,,,145.32,144.11,147.46,142.87142857,144.457,3.33133791,6.93526262,8,3,2026,false,false
LU0098860793,2025-07-08,9.65,,,,,,,,,,,,,,,,7,3,2025,false,false
LU0098860793,2025-07-09,9.67,0.00207254,,,,,,,,9.65,,,,,,,7,3,2025,false,false
LU0098860793,2025-07-10,9.71,0.0041365,,,,,,,,9.67,,,9.66,9.66,0.01,0.01,7,3,2025,false,false
LU0098860793,2025-07-11,9.68,-0.0030896,,,,,,,,9.71,,,9.67666667,9.67666667,0.02494438,0.02494438,7,3,2025,false,false
LU0098860793,2025-07-14,9.66,-0.00206612,,,,,,,,9.68,,,9.6775,9.6775,0.02165064,0.02165064,7,3,2025,false,false
LU0098860793,2025-07-15,9.61,-0.00517598,,,,,,,,9.66,9.65,,9.674,9.674,0.02059126,0.02059126,7,3,2025,false,false
LU0098860793,2025-07-16,9.63,0.00208117,,,,,,,,9.61,9.67,,9.66333333,9.66333333,0.03036811,0.03036811,7,3,2025,false,false
LU0098860793,2025-07-17,9.66,0.00311526,,,,,,,,9.63,9.71,,9.65857143,9.65857143,0.03043897,0.03043897,7,3,2025,false,false
LU0098860793,2025-07-18,9.66,0.0,,,,,,,,9.66,9.68,,9.66,9.65875,0.03023716,0.02847696,7,3,2025,false,false
LU0098860793,2025-07-21,9.67,0.0010352,,,,,,,,9.66,9.66,,9.65857143,9.65888889,0.02996597,0.02685121,7,3,2025,false,false
LU0098860793,2025-07-22,9.72,0.00517063,,,,,,,,9.67,9.61,,9.65285714,9.66,0.02249717,0.02569047,7,3,2025,false,false
LU0098860793,2025-07-23,9.72,0.0,,,,,,,,9.72,9.63,,9.65857143,9.66545455,0.0318158,0.02995865,7,3,2025,false,false
LU0098860793,2025-07-24,9.69,-0.00308642,,,,,,,,9.72,9.66,,9.66714286,9.67,0.03843893,0.0324037,7,3,2025,false,false
LU0098860793,2025-07-25,9.7,0.00103199,,,,,,,,9.69,9.66,,9.67857143,9.67153846,0.03090473,0.03158533,7,3,2025,false,false
LU0098860793,2025-07-28,9.68,-0.00206186,,,,,,,,9.7,9.67,,9.68857143,9.67357143,0.02415934,0.03130658,7,3,2025,false,false
LU0098860793,2025-07-29,9.69,0.00103306,,,,,,,,9.68,9.72,,9.69142857,9.674,0.02166536,0.03028751,7,3,2025,false,false
LU0098860793,2025-07-30,9.65,-0.00412797,,,,,,,,9.69,9.72,,9.69571429,9.675,0.01761261,0.0295804,7,3,2025,false,false
LU0098860793,2025-07-31,9.59,-0.00621762,,,,,,,,9.65,9.69,,9.69285714,9.67352941,0.02249717,0.02929388,7,3,2025,true,false
LU0098860793,2025-08-01,9.51,-0.00834202,,,,,,,,9.59,9.7,,9.67428571,9.66888889,0.03958973,0.03430078,8,3,2025,false,false
LU0098860793,2025-08-04,9.55,0.0042061,,,,,,,,9.51,9.68,,9.64428571,9.66052632,0.06499608,0.04871763,8,3,2025,false,false
LU0098860793,2025-08-05,9.57,0.00209424,,,,,,,,9.55,9.69,9.65,9.62428571,9.655,0.06925257,0.05324472,8,3,2025,false,false
LU0098860793,2025-08-06,9.56,-0.00104493,,,,,,,,9.57,9.65,9.67,9.60571429,9.65095238,0.06366366,0.05502422,8,3,2025,false,false
LU0098860793,2025-08-07,9.58,0.00209205,,,,,,,,9.56,9.59,9.71,9.58857143,9.64681818,0.05717856,0.05699971,8,3,2025,false,false
LU0098860793,2025-08-08,9.6,0.00208768,,,,,,,,9.58,9.51,9.68,9.57285714,9.64391304,0.03953815,0.05738801,8,3,2025,false,false
LU0098860793,2025-08-11,9.58,-0.00208333,,,,,,,,9.6,9.55,9.66,9.56571429,9.64208333,0.02770103,0.05686088,8,3,2025,false,false
LU0098860793,2025-08-12,9.63,0.00521921,,,,,,,,9.58,9.57,9.61,9.56428571,9.6396,0.02664965,0.05702491,8,3,2025,false,false
LU0098860793,2025-08-13,9.69,0.00623053,,,,,,,,9.63,9.56,9.63,9.58142857,9.63923077,0.02474358,0.05594799,8,3,2025,false,false
LU0098860793,2025-08-14,9.67,-0.00206398,,,,,,,,9.69,9.58,9.66,9.60142857,9.64111111,0.04189394,0.05573305,8,3,2025,false,false
LU0098860793,2025-08-15,9.69,0.00206825,,,,,,,,9.67,9.6,9.66,9.61571429,9.64214286,0.04562491,0.05499072,8,3,2025,false,false
LU0098860793,2025-08-18,9.68,-0.00103199,,,,,,,,9.69,9.58,9.67,9.63428571,9.6437931,0.04562491,0.05473534,8,3,2025,false,false
LU0098860793,2025-08-19,9.7,0.00206612,,,,,,,,9.68,9.63,9.72,9.64857143,9.645,0.04189394,0.0542064,8,3,2025,false,false
LU0098860793,2025-08-20,9.7,0.0,,,,,,,,9.7,9.69,9.72,9.66285714,9.64666667,0.03989783,0.05509588,8,3,2025,false,false
LU0098860793,2025-08-21,9.7,0.0,,,,,,,,9.7,9.67,9.69,9.68,9.64766667,0.02267787,0.05577833,8,3,2025,false,false
LU0098860793,2025-08-22,9.78,0.00824742,,,,,,,,9.7,9.69,9.7,9.69,9.64733333,0.01069045,0.05543364,8,3,2025,false,false
LU0098860793,2025-08-25,9.75,-0.00306748,,,,,,,,9.78,9.68,9.68,9.70285714,9.65066667,0.03325842,0.06010731,8,3,2025,false,false
LU0098860793,2025-08-26,9.75,0.0,,,,,,,,9.75,9.7,9.69,9.71428571,9.65366667,0.03374575,0.06268883,8,3,2025,false,false
LU0098860793,2025-08-27,9.76,0.00102564,,,,,,,,9.75,9.7,9.65,9.72285714,9.65833333,0.03410668,0.06445067,8,3,2025,false,false
LU0098860793,2025-08-28,9.77,0.00102459,,,,,,,,9.76,9.7,9.59,9.73428571,9.66266667,0.0311022,0.06672997,8,3,2025,false,false
LU0098860793,2025-08-29,9.77,0.0,,,,,,,,9.77,9.78,9.51,9.74428571,9.66633333,0.0296923,0.06944942,8,3,2025,false,false
LU0098860793,2025-09-02,9.68,-0.00921187,,,,,,,,9.77,9.75,9.55,9.75428571,9.67,0.02441144,0.07187953,9,3,2025,false,false
LU0098860793,2025-09-03,9.66,-0.00206612,,,,,,,,9.68,9.75,9.57,9.75142857,9.67033333,0.03090473,0.07190194,9,3,2025,false,false
LU0098860793,2025-09-04,9.69,0.00310559,,,,,,,,9.66,9.76,9.56,9.73428571,9.66833333,0.04169863,0.07132477,9,3,2025,false,false
LU0098860793,2025-09-05,9.7,0.00103199,,,,,,,,9.69,9.77,9.58,9.72571429,9.66733333,0.04370588,0.07080176,9,3,2025,false,false
LU0098860793,2025-09-08,9.7,0.0,,,,,,,,9.7,9.77,9.6,9.71857143,9.66766667,0.04323642,0.07093111,9,3,2025,false,false
LU0098860793,2025-09-09,9.69,-0.00103093,,,,,,,,9.7,9.68,9.58,9.71,9.66766667,0.04,0.07093111,9,3,2025,false,false
LU0098860793,2025-09-10,9.71,0.00206398,,,,,,,,9.69,9.66,9.63,9.69857143,9.668,0.0318158,0.07101174,9,3,2025,false,false
LU0098860793,2025-09-11,9.74,0.0030896,,,,,,,,9.71,9.69,9.69,9.69,9.66866667,0.01511858,0.07130841,9,3,2025,false,false
LU0098860793,2025-09-12,9.71,-0.00308008,,,,,,,,9.74,9.7,9.67,9.69857143,9.67166667,0.022315,0.07234562,9,3,2025,false,false
LU0098860793,2025-09-15,9.71,0.0,,,,,,,,9.71,9.7,9.69,9.70571429,9.67566667,0.0159079,0.07102503,9,3,2025,false,false
LU0098860793,2025-09-16,9.72,0.00102987,,,,,,,,9.71,9.69,9.68,9.70857143,9.68233333,0.01456863,0.0642227,9,3,2025,false,false
LU0098860793,2025-09-17,9.73,0.00102881,,,,,,,,9.72,9.71,9.7,9.71142857,9.688,0.01456863,0.05963221,9,3,2025,false,false
LU0098860793,2025-09-18,9.74,0.00102775,,,,,,,,9.73,9.74,9.7,9.71571429,9.69333333,0.01498298,0.05587685,9,3,2025,false,false
LU0098860793,2025-09-19,9.73,-0.00102669,,,,,,,,9.74,9.71,9.7,9.72285714,9.69933333,0.01277753,0.05065789,9,3,2025,false,false
LU0098860793,2025-09-22,9.73,0.0,,,,,,,,9.73,9.71,9.78,9.72571429,9.70433333,0.0117803,0.04580272,9,3,2025,false,false
LU0098860793,2025-09-23,9.75,0.0020555,,,,,,,,9.73,9.72,9.75,9.72428571,9.70866667,0.01049781,0.04169199,9,3,2025,false,false
LU0098860793,2025-09-24,9.75,0.0,,,,,,,,9.75,9.73,9.75,9.73,9.71433333,0.01195229,0.03480262,9,3,2025,false,false
LU0098860793,2025-09-25,9.71,-0.00410256,,,,,,,,9.75,9.74,9.76,9.73571429,9.71833333,0.01049781,0.03163156,9,3,2025,false,false
LU0098860793,2025-09-26,9.75,0.00411946,,,,,,,,9.71,9.73,9.77,9.73428571,9.719,0.01293626,0.03123566,9,3,2025,false,false
LU0098860793,2025-09-29,9.75,0.0,,,,,,,,9.75,9.73,9.77,9.73714286,9.72166667,0.01385051,0.03034066,9,3,2025,false,false
LU0098860793,2025-09-30,9.77,0.00205128,,,,,,,,9.75,9.75,9.68,9.73857143,9.72366667,0.01456863,0.03016436,9,3,2025,true,true
LU0098860793,2025-10-01,9.74,-0.00307062,,,,,,,,9.77,9.75,9.66,9.74428571,9.72666667,0.01761261,0.03014778,10,4,2025,false,false
LU0098860793,2025-10-02,9.74,0.0,,,,,,,,9.74,9.71,9.69,9.74571429,9.728,0.01678191,0.02982169,10,4,2025,false,false
LU0098860793,2025-10-03,9.75,0.00102669,,,,,,,,9.74,9.75,9.7,9.74428571,9.72933333,0.01678191,0.02943165,10,4,2025,false,false
LU0098860793,2025-10-06,9.74,-0.00102564,,,,,,,,9.75,9.75,9.7,9.74428571,9.731,0.01678191,0.0291376,10,4,2025,false,false
LU0098860793,2025-10-07,9.74,0.0,,,,,,,,9.74,9.77,9.69,9.74857143,9.72966667,0.00989743,0.02774687,10,4,2025,false,false
LU0098860793,2025-10-08,9.74,0.0,,,,,,,,9.74,9.74,9.71,9.74714286,9.72933333,0.01030158,0.02756004,10,4,2025,false,false
LU0098860793,2025-10-09,9.71,-0.00308008,,,,,,,,9.74,9.74,9.74,9.74571429,9.729,0.01049781,0.02736786,10,4,2025,false,false
LU0098860793,2025-10-10,9.64,-0.00720906,,,,,,,,9.71,9.75,9.71,9.73714286,9.72733333,0.01160577,0.02694851,10,4,2025,false,false
LU0098860793,2025-10-13,9.68,0.00414938,,,,,,,,9.64,9.74,9.71,9.72285714,9.723,0.03574285,0.03001666,10,4,2025,false,false
LU0098860793,2025-10-14,9.7,0.00206612,,,,,,,,9.68,9.74,9.72,9.71428571,9.72,0.03774241,0.02966479,10,4,2025,false,false
LU0098860793,2025-10-15,9.71,0.00103093,,,,,,,,9.7,9.74,9.73,9.70714286,9.72066667,0.03493434,0.02897509,10,4,2025,false,false
LU0098860793,2025-10-16,9.7,-0.00102987,,,,,,,,9.71,9.71,9.74,9.70285714,9.72233333,0.03238795,0.02679345,10,4,2025,false,false
LU0098860793,2025-10-17,9.73,0.00309278,,,,,,,,9.7,9.64,9.73,9.69714286,9.72266667,0.02864277,0.02644911,10,4,2025,false,false
LU0098860793,2025-10-20,9.77,0.004111,,,,,,,,9.73,9.68,9.73,9.69571429,9.72366667,0.02664965,0.02613852,10,4,2025,false,false
LU0098860793,2025-10-21,9.78,0.00102354,,,,,,,,9.77,9.7,9.75,9.70428571,9.726,0.03736199,0.02703085,10,4,2025,false,false
LU0098860793,2025-10-22,9.77,-0.00102249,,,,,,,,9.78,9.71,9.75,9.72428571,9.729,0.03499271,0.02785079,10,4,2025,false,false
LU0098860793,2025-10-23,9.78,0.00102354,,,,,,,,9.77,9.7,9.71,9.73714286,9.731,0.03282607,0.02855988,10,4,2025,false,false
LU0098860793,2025-10-24,9.8,0.00204499,,,,,,,,9.78,9.73,9.75,9.74857143,9.73233333,0.0318158,0.02985335,10,4,2025,false,false
LU0098860793,2025-10-27,9.83,0.00306122,,,,,,,,9.8,9.77,9.75,9.76142857,9.73533333,0.0318158,0.03190959,10,4,2025,false,false
LU0098860793,2025-10-28,9.81,-0.00203459,,,,,,,,9.83,9.78,9.77,9.78,9.73933333,0.02828427,0.03577088,10,4,2025,false,false
LU0098860793,2025-10-29,9.76,-0.00509684,,,,,,,,9.81,9.77,9.74,9.79142857,9.74233333,0.02099563,0.03774328,10,4,2025,false,false
LU0098860793,2025-10-30,9.74,-0.00204918,,,,,,,,9.76,9.78,9.74,9.79,9.74333333,0.02267787,0.03780065,10,4,2025,false,false
LU0098860793,2025-10-31,9.74,0.0,,,,,,,,9.74,9.8,9.75,9.78428571,9.74333333,0.02871393,0.03780065,10,4,2025,true,false
LU0098860793,2025-11-03,9.64,-0.01026694,,,,,,,,9.74,9.83,9.74,9.78,9.74366667,0.03251373,0.03772562,11,4,2025,false,false
LU0098860793,2025-11-04,9.61,-0.00311203,,,,,,,,9.64,9.81,9.74,9.76,9.74066667,0.05879747,0.04202645,11,4,2025,false,false
LU0098860793,2025-11-05,9.62,0.00104058,,,,,,,,9.61,9.76,9.74,9.73285714,9.736,0.07553888,0.04806939,11,4,2025,false,false
LU0098860793,2025-11-06,9.61,-0.0010395,,,,,,,,9.62,9.74,9.71,9.70285714,9.73166667,0.07264676,0.0522866,11,4,2025,false,false
LU0098860793,2025-11-07,9.64,0.00312175,,,,,,,,9.61,9.74,9.64,9.67428571,9.72833333,0.06366366,0.05657345,11,4,2025,false,false
LU0098860793,2025-11-10,9.66,0.00207469,,,,,,,,9.64,9.64,9.68,9.65714286,9.72466667,0.05364281,0.05857948,11,4,2025,false,false
LU0098860793,2025-11-11,9.71,0.00517598,,,,,,,,9.66,9.61,9.7,9.64571429,9.72166667,0.04203983,0.05950257,11,4,2025,false,false
LU0098860793,2025-11-12,9.73,0.00205973,,,,,,,,9.71,9.62,9.71,9.64142857,9.71966667,0.03270149,0.05884915,11,4,2025,false,false
LU0098860793,2025-11-13,9.7,-0.00308325,,,,,,,,9.73,9.61,9.7,9.65428571,9.71933333,0.04499433,0.05876129,11,4,2025,false,false
LU0098860793,2025-11-14,9.69,-0.00103093,,,,,,,,9.7,9.64,9.73,9.66714286,9.718,0.04333072,0.05873103,11,4,2025,false,false
LU0098860793,2025-11-17,9.65,-0.00412797,,,,,,,,9.69,9.66,9.77,9.67714286,9.716,0.03917517,0.05862878,11,4,2025,false,false
LU0098860793,2025-11-18,9.63,-0.00207254,,,,,,,,9.65,9.71,9.78,9.68285714,9.713,0.03103652,0.05961823,11,4,2025,false,false
LU0098860793,2025-11-19,9.61,-0.00207684,,,,,,,,9.63,9.73,9.77,9.68142857,9.70933333,0.03313547,0.06120639,11,4,2025,false,false
LU0098860793,2025-11-20,9.57,-0.00416233,,,,,,,,9.61,9.7,9.78,9.67428571,9.705,0.04135461,0.06344289,11,4,2025,false,false
LU0098860793,2025-11-21,9.65,0.00835946,,,,,,,,9.57,9.69,9.8,9.65428571,9.70033333,0.05178448,0.06789616,11,4,2025,false,false
LU0098860793,2025-11-24,9.66,0.00103627,,,,,,,,9.65,9.65,9.83,9.64285714,9.70066667,0.04164966,0.06762314,11,4,2025,false,false
LU0098860793,2025-11-25,9.72,0.00621118,,,,,,,,9.66,9.63,9.81,9.63714286,9.7,0.03574285,0.06792152,11,4,2025,false,false
LU0098860793,2025-11-26,9.76,0.00411523,,,,,,,,9.72,9.61,9.76,9.64142857,9.70066667,0.04290474,0.06801634,11,4,2025,false,false
LU0098860793,2025-11-28,9.8,0.00409836,,,,,,,,9.76,9.57,9.74,9.65714286,9.70233333,0.05993193,0.06883232,11,4,2025,false,false
LU0098860793,2025-12-01,9.7,-0.01020408,,,,,,,,9.8,9.65,9.74,9.68142857,9.70566667,0.07623808,0.07102503,12,4,2025,false,false
LU0098860793,2025-12-02,9.71,0.00103093,,,,,,,,9.7,9.66,9.64,9.69428571,9.70466667,0.07047941,0.07088645,12,4,2025,false,false
LU0098860793,2025-12-03,9.78,0.00720906,,,,,,,,9.71,9.72,9.61,9.71428571,9.70266667,0.04894812,0.06985382,12,4,2025,false,false
LU0098860793,2025-12-04,9.77,-0.00102249,,,,,,,,9.78,9.76,9.62,9.73285714,9.70266667,0.04558016,0.06985382,12,4,2025,false,false
LU0098860793,2025-12-05,9.76,-0.00102354,,,,,,,,9.77,9.8,9.61,9.74857143,9.70266667,0.03562847,0.06985382,12,4,2025,false,false
LU0098860793,2025-12-08,9.73,-0.00307377,,,,,,,,9.76,9.7,9.64,9.75428571,9.702,0.03374575,0.06920501,12,4,2025,false,false
LU0098860793,2025-12-09,9.72,-0.00102775,,,,,,,,9.73,9.71,9.66,9.75,9.69966667,0.03464102,0.06700663,12,4,2025,false,false
LU0098860793,2025-12-10,9.77,0.00514403,,,,,,,,9.72,9.78,9.71,9.73857143,9.696,0.02899683,0.06264184,12,4,2025,false,false
LU0098860793,2025-12-11,9.79,0.00204708,,,,,,,,9.77,9.77,9.73,9.74857143,9.69466667,0.02587253,0.06059336,12,4,2025,false,false
LU0098860793,2025-12-12,9.78,-0.00102145,,,,,,,,9.79,9.76,9.7,9.76,9.69566667,0.02390457,0.06189687,12,4,2025,false,false
LU0098860793,2025-12-15,9.79,0.00102249,,,,,,,,9.78,9.73,9.69,9.76,9.697,0.02390457,0.06325346,12,4,2025,false,false
LU0098860793,2025-12-16,9.75,-0.0040858,,,,,,,,9.79,9.72,9.65,9.76285714,9.69866667,0.02602981,0.06499915,12,4,2025,false,false
LU0098860793,2025-12-17,9.76,0.00102564,,,,,,,,9.75,9.77,9.63,9.76142857,9.70233333,0.02641892,0.06468814,12,4,2025,false,false
LU0098860793,2025-12-18,9.77,0.00102459,,,,,,,,9.76,9.79,9.61,9.76571429,9.70733333,0.02321154,0.06313654,12,4,2025,false,false
LU0098860793,2025-12-19,9.77,0.0,,,,,,,,9.77,9.78,9.57,9.77285714,9.71233333,0.01385051,0.0619507,12,4,2025,false,false
LU0098860793,2025-12-22,9.8,0.00307062,,,,,,,,9.77,9.79,9.65,9.77285714,9.71766667,0.01385051,0.0597597,12,4,2025,false,false
LU0098860793,2025-12-23,9.8,0.0,,,,,,,,9.8,9.75,9.66,9.77428571,9.723,0.0159079,0.05972995,12,4,2025,false,false
LU0098860793,2025-12-24,9.82,0.00204082,,,,,,,,9.8,9.76,9.72,9.77714286,9.72766667,0.01829464,0.06009345,12,4,2025,false,false
LU0098860793,2025-12-26,9.83,0.00101833,,,,,,,,9.82,9.77,9.76,9.78142857,9.73133333,0.0235606,0.06222183,12,4,2025,false,false
LU0098860793,2025-12-29,9.83,0.0,,,,,,,,9.83,9.77,9.8,9.79285714,9.73466667,0.02490799,0.06469072,12,4,2025,false,false
LU0098860793,2025-12-30,9.83,0.0,,,,,,,,9.83,9.8,9.7,9.80285714,9.739,0.02373321,0.06655073,12,4,2025,false,false
LU0098860793,2025-12-31,9.8,-0.00305188,,,,,,,,9.83,9.8,9.71,9.81142857,9.74366667,0.02099563,0.06784705,12,4,2025,true,true
LU0098860793,2026-01-02,9.77,-0.00306122,,,,,,,,9.8,9.82,9.78,9.81571429,9.74866667,0.01399708,0.06626881,1,1,2026,false,false
LU0098860793,2026-01-05,9.8,0.00307062,,,,,,,,9.77,9.83,9.77,9.81142857,9.75333333,0.02099563,0.0625744,1,1,2026,false,false
LU0098860793,2026-01-06,9.84,0.00408163,,,,,,,,9.8,9.83,9.76,9.81142857,9.75966667,0.02099563,0.05712462,1,1,2026,false,false
LU0098860793,2026-01-07,9.8,-0.00406504,,,,,,,,9.84,9.83,9.73,9.81428571,9.76866667,0.02321154,0.0468852,1,1,2026,false,false
LU0098860793,2026-01-08,9.85,0.00510204,,,,,,,,9.8,9.8,9.72,9.81,9.77366667,0.02267787,0.041672,1,1,2026,false,false
LU0098860793,2026-01-09,9.89,0.00406091,,,,,,,,9.85,9.77,9.77,9.81285714,9.78,0.02602981,0.03820995,1,1,2026,false,false
LU0098860793,2026-01-12,9.89,0.0,,,,,,,,9.89,9.8,9.79,9.82142857,9.78566667,0.03757985,0.04136692,1,1,2026,false,false
LU0098860793,2026-01-13,9.9,0.00101112,,,,,,,,9.89,9.84,9.78,9.83428571,9.79,0.0430472,0.0450925,1,1,2026,false,false
LU0098860793,2026-01-14,9.94,0.0040404,,,,,,,,9.9,9.8,9.79,9.85285714,9.79333333,0.03917517,0.04921608,1,1,2026,false,false
LU0098860793,2026-01-15,9.93,-0.00100604,,,,,,,,9.94,9.85,9.75,9.87285714,9.80133333,0.04266624,0.05277205,1,1,2026,false,false
LU0098860793,2026-01-16,9.93,0.0,,,,,,,,9.93,9.89,9.76,9.88571429,9.80866667,0.04435478,0.05481687,1,1,2026,false,false
LU0098860793,2026-01-20,9.88,-0.00503525,,,,,,,,9.93,9.89,9.77,9.90428571,9.81366667,0.02920721,0.05867898,1,1,2026,false,false
LU0098860793,2026-01-21,9.95,0.00708502,,,,,,,,9.88,9.9,9.77,9.90857143,9.81733333,0.022315,0.05926963,1,1,2026,false,false
LU0098860793,2026-01-22,9.97,0.00201005,,,,,,,,9.95,9.94,9.8,9.91714286,9.82366667,0.02490799,0.06284814,1,1,2026,false,false
LU0098860793,2026-01-23,9.98,0.00100301,,,,,,,,9.97,9.93,9.8,9.92857143,9.83166667,0.02799417,0.06562943,1,1,2026,false,false
LU0098860793,2026-01-26,10.0,0.00200401,,,,,,,,9.98,9.93,9.82,9.94,9.84033333,0.03023716,0.06745286,1,1,2026,false,false
LU0098860793,2026-01-27,10.0,0.0,,,,,,,,10.0,9.88,9.83,9.94857143,9.848,0.03681171,0.07194442,1,1,2026,false,false
LU0098860793,2026-01-28,9.99,-0.001,,,,,,,,10.0,9.95,9.83,9.95857143,9.855,0.0397954,0.07605919,1,1,2026,false,false
LU0098860793,2026-01-29,10.0,0.001001,,,,,,,,9.99,9.97,9.83,9.96714286,9.862,0.03917517,0.07846018,1,1,2026,false,false
LU0098860793,2026-01-30,10.01,0.001,,,,,,,,10.0,9.98,9.8,9.98428571,9.869,0.01761261,0.08104937,1,1,2026,false,false
LU0098860793,2026-02-02,9.96,-0.004995,,,,,,,,10.01,10.0,9.77,9.99285714,9.87766667,0.01277753,0.08175913,2,1,2026,false,false
LU0098860793,2026-02-03,9.98,0.00200803,,,,,,,,9.96,10.0,9.8,9.99142857,9.88433333,0.01551826,0.08002847,2,1,2026,false,false
LU0098860793,2026-02-04,10.0,0.00200401,,,,,,,,9.98,9.99,9.84,9.99142857,9.89133333,0.01551826,0.07889797,2,1,2026,false,false
LU0098860793,2026-02-05,9.97,-0.003,,,,,,,,10.0,10.0,9.8,9.99142857,9.899,0.01551826,0.07790379,2,1,2026,false,false
LU0098860793,2026-02-06,10.03,0.00601805,,,,,,,,9.97,10.01,9.85,9.98714286,9.90466667,0.01665986,0.07666957,2,1,2026,false,false
LU0098860793,2026-02-09,10.05,0.00199402,,,,,,,,10.03,9.96,9.89,9.99285714,9.91233333,0.02249717,0.07731681,2,1,2026,false,false
LU0098860793,2026-02-10,10.08,0.00298507,,,,,,,,10.05,9.98,9.89,10.0,9.92,0.03023716,0.07916228,2,1,2026,false,false
LU0098860793,2026-02-11,10.09,0.00099206,,,,,,,,10.08,10.0,9.9,10.01,9.92833333,0.04140393,0.08234413,2,1,2026,false,false
LU0098860793,2026-02-12,10.04,-0.0049554,,,,,,,,10.09,9.97,9.94,10.02857143,9.937,0.04389226,0.08517237,2,1,2026,false,false
LU0098860793,2026-02-13,10.08,0.00398406,,,,,,,,10.04,10.03,9.93,10.03714286,9.944,0.03917517,0.08471914,2,1,2026,false,false
LU0098860793,2026-02-17,10.05,-0.00297619,,,,,,,,10.08,10.05,9.93,10.04857143,9.95333333,0.03833259,0.08375891,2,1,2026,false,false
LU0098860793,2026-02-18,10.07,0.00199005,,,,,,,,10.05,10.08,9.88,10.06,9.96266667,0.0213809,0.07822759,2,1,2026,false,false
LU0098860793,2026-02-19,10.06,-0.00099305,,,,,,,,10.07,10.09,9.95,10.06571429,9.97166667,0.01761261,0.07443491,2,1,2026,false,false
LU0098860793,2026-02-20,10.08,0.00198807,,,,,,,,10.06,10.04,9.97,10.06714286,9.979,0.01665986,0.07189576,2,1,2026,false,false
LU0098860793,2026-02-23,10.05,-0.00297619,,,,,,,,10.08,10.08,9.98,10.06714286,9.98833333,0.01665986,0.065984,2,1,2026,false,false
LU0098860793,2026-02-24,10.07,0.00199005,,,,,,,,10.05,10.05,10.0,10.06142857,9.995,0.01456863,0.06163062,2,1,2026,false,false
LU0098860793,2026-02-25,10.09,0.0019861,,,,,,,,10.07,10.07,10.0,10.06571429,10.001,0.0117803,0.0598526,2,1,2026,false,false
LU0098860793,2026-02-26,10.09,0.0,,,,,,,,10.09,10.06,9.99,10.06714286,10.00766667,0.01385051,0.0582342,2,1,2026,false,false
LU0098860793,2026-02-27,10.11,0.00198216,,,,,,,,10.09,10.08,10.0,10.07285714,10.014,0.01385051,0.05648599,2,1,2026,false,false
LU0098860793,2026-03-02,10.02,-0.00890208,,,,,,,,10.11,10.05,10.01,10.07857143,10.01966667,0.01884415,0.05729941,3,1,2026,false,false
LU0098860793,2026-03-03,9.98,-0.00399202,,,,,,,,10.02,10.07,9.96,10.07285714,10.02266667,0.02762726,0.05482903,3,1,2026,false,false
LU0098860793,2026-03-04,10.0,0.00200401,,,,,,,,9.98,10.09,9.98,10.05857143,10.02433333,0.04223356,0.05270568,3,1,2026,false,false
LU0098860793,2026-03-05,9.96,-0.004,,,,,,,,10.0,10.09,10.0,10.05142857,10.02833333,0.04703451,0.04568613,3,1,2026,false,false
LU0098860793,2026-03-06,9.93,-0.00301205,,,,,,,,9.96,10.11,9.97,10.03571429,10.02866667,0.0557692,0.04514667,3,1,2026,false,false
LU0098860793,2026-03-09,9.93,0.0,,,,,,,,9.93,10.02,10.03,10.01285714,10.02733333,0.06134546,0.04739433,3,1,2026,false,false
LU0098860793,2026-03-10,9.92,-0.00100705,,,,,,,,9.93,9.98,10.05,9.99,10.02566667,0.058064,0.04984532,3,1,2026,false,false
LU0098860793,2026-03-11,9.91,-0.00100806,,,,,,,,9.92,10.0,10.08,9.96285714,10.023,0.03574285,0.05317581,3,1,2026,false,false
LU0098860793,2026-03-12,9.85,-0.00605449,,,,,,,,9.91,9.96,10.09,9.94714286,10.02,0.03103652,0.05680376,3,1,2026,false,false
LU0098860793,2026-03-13,9.83,-0.00203046,,,,,,,,9.85,9.93,10.04,9.92857143,10.01533333,0.04257047,0.06432902,3,1,2026,false,false
LU0098860793,2026-03-16,9.87,0.00406918,,,,,,,,9.83,9.93,10.08,9.90428571,10.00966667,0.04337779,0.0724101,3,1,2026,false,false
LU0098860793,2026-03-17,9.9,0.00303951,,,,,,,,9.87,9.92,10.05,9.89142857,10.005,0.03795809,0.0766268,3,1,2026,false,false
LU0098860793,2026-03-18,9.82,-0.00808081,,,,,,,,9.9,9.91,10.07,9.88714286,10.003,0.03493434,0.07853449,3,1,2026,false,false
LU0098860793,2026-03-19,9.82,0.0,,,,,,,,9.82,9.85,10.06,9.87142857,9.99766667,0.03681171,0.08507578,3,1,2026,false,false
LU0098860793,2026-03-20,9.73,-0.00916497,,,,,,,,9.82,9.83,10.08,9.85714286,9.99166667,0.03452299,0.09085092,3,1,2026,false,false
LU0098860793,2026-03-23,9.79,0.0061665,,,,,,,,9.73,9.87,10.05,9.83142857,9.98366667,0.04940462,0.1022573,3,1,2026,false,false
LU0098860793,2026-03-24,9.79,0.0,,,,,,,,9.79,9.9,10.07,9.82285714,9.97566667,0.0506287,0.10756962,3,1,2026,false,false
LU0098860793,2026-03-25,9.84,0.00510725,,,,,,,,9.79,9.82,10.09,9.81714286,9.967,0.05174506,0.11162885,3,1,2026,false,false
LU0098860793,2026-03-26,9.79,-0.0050813,,,,,,,,9.84,9.82,10.09,9.81285714,9.959,0.04831867,0.11184364,3,1,2026,false,false
LU0098860793,2026-03-27,9.75,-0.0040858,,,,,,,,9.79,9.73,10.11,9.79714286,9.949,0.03282607,0.11308846,3,1,2026,false,false
LU0098860793,2026-03-30,9.76,0.00102564,,,,,,,,9.75,9.79,10.02,9.78714286,9.93933333,0.03493434,0.11721585,3,1,2026,false,false
LU0098860793,2026-03-31,9.85,0.00922131,,,,,,,,9.76,9.79,9.98,9.77857143,9.92866667,0.03313547,0.118483,3,1,2026,true,true
LU0098860793,2026-04-01,9.78,-0.0071066,,,,,,,,9.85,9.84,10.0,9.79571429,9.922,0.03458205,0.11708686,4,2,2026,false,false
LU0098860793,2026-04-02,9.79,0.00102249,,,,,,,,9.78,9.79,9.96,9.79428571,9.91233333,0.03499271,0.11643835,4,2,2026,false,false
LU0098860793,2026-04-06,9.81,0.0020429,,,,,,,,9.79,9.75,9.93,9.79428571,9.90333333,0.03499271,0.11510382,4,2,2026,false,false
LU0098860793,2026-04-07,9.8,-0.00101937,,,,,,,,9.81,9.76,9.93,9.79,9.89433333,0.03070598,0.11143558,4,2,2026,false,false
LU0098860793,2026-04-08,9.89,0.00918367,,,,,,,,9.8,9.85,9.92,9.79142857,9.886,0.03090473,0.10879951,4,2,2026,false,false
LU0098860793,2026-04-09,9.9,0.00101112,,,,,,,,9.89,9.78,9.91,9.81142857,9.88,0.0412063,0.10331183,4,2,2026,false,false
LU0098860793,2026-04-10,9.87,-0.0030303,,,,,,,,9.9,9.79,9.85,9.83142857,9.87366667,0.0451754,0.09579434,4,2,2026,false,false
LU0098860793,2026-04-13,9.92,0.00506586,,,,,,,,9.87,9.81,9.83,9.83428571,9.86633333,0.04686063,0.08696679,4,2,2026,false,false
LU0098860793,2026-04-14,9.95,0.00302419,,,,,,,,9.92,9.8,9.87,9.85428571,9.86,0.04923911,0.07509993,4,2,2026,false,false
LU0098860793,2026-04-15,9.95,0.0,,,,,,,,9.95,9.89,9.9,9.87714286,9.85766667,0.05118992,0.07107195,4,2,2026,false,false
LU0098860793,2026-04-16,9.98,0.00301508,,,,,,,,9.95,9.9,9.82,9.89714286,9.85666667,0.04831867,0.06953816,4,2,2026,false,false
LU0098860793,2026-04-17,10.03,0.00501002,,,,,,,,9.98,9.87,9.82,9.92285714,9.856,0.03614032,0.06824466,4,2,2026,false,false
LU0098860793,2026-04-20,10.02,-0.00099701,,,,,,,,10.03,9.92,9.73,9.94285714,9.85833333,0.04890641,0.07280491,4,2,2026,false,false
LU0098860793,2026-04-21,9.98,-0.00399202,,,,,,,,10.02,9.95,9.79,9.96,9.86133333,0.05182388,0.07740514,4,2,2026,false,false
LU0098860793,2026-04-22,9.99,0.001002,,,,,,,,9.98,9.95,9.79,9.97571429,9.863,0.03658928,0.07937884,4,2,2026,false,false
LU0098860793,2026-04-23,9.99,0.0,,,,,,,,9.99,9.98,9.84,9.98571429,9.86533333,0.02871393,0.08200542,4,2,2026,false,false
LU0098860793,2026-04-24,9.99,0.0,,,,,,,,9.99,10.03,9.79,9.99142857,9.868,0.02474358,0.08467192,4,2,2026,false,false
LU0098860793,2026-04-27,9.98,-0.001001,,,,,,,,9.99,10.02,9.75,9.99714286,9.87266667,0.01829464,0.08736641,4,2,2026,false,false
LU0098860793,2026-04-28,9.98,0.0,,,,,,,,9.98,9.98,9.76,9.99714286,9.87766667,0.01829464,0.08905741,4,2,2026,false,false
LU0098860793,2026-04-29,9.96,-0.00200401,,,,,,,,9.98,9.99,9.85,9.99,9.88133333,0.01309307,0.09091143,4,2,2026,false,false
LU0098860793,2026-04-30,10.03,0.00702811,,,,,,,,9.96,9.99,9.78,9.98142857,9.88333333,0.00989743,0.09195409,4,2,2026,true,false
LU0098860793,2026-05-01,9.96,-0.00697906,,,,,,,,10.03,9.99,9.79,9.98857143,9.89033333,0.01958758,0.09481502,5,2,2026,false,false
LU0098860793,2026-05-04,9.91,-0.00502008,,,,,,,,9.96,9.98,9.81,9.98428571,9.895,0.02194613,0.09468368,5,2,2026,false,false
LU0098860793,2026-05-05,9.95,0.00403633,,,,,,,,9.91,9.98,9.8,9.97285714,9.901,0.03368522,0.08960469,5,2,2026,false,false
LU0098860793,2026-05-06,9.98,0.00301508,,,,,,,,9.95,9.96,9.89,9.96714286,9.90633333,0.03368522,0.0875779,5,2,2026,false,false
LU0098860793,2026-05-07,9.95,-0.00300601,,,,,,,,9.98,10.03,9.9,9.96714286,9.91266667,0.03368522,0.08578785,5,2,2026,false,false
LU0098860793,2026-05-08,9.96,0.00100503,,,,,,,,9.95,9.96,9.87,9.96285714,9.91633333,0.03368522,0.08495031,5,2,2026,false,false
LU0098860793,2026-05-11,9.95,-0.00100402,,,,,,,,9.96,9.91,9.92,9.96285714,9.922,0.03368522,0.0819512,5,2,2026,false,false
LU0098860793,2026-05-12,9.94,-0.00100503,,,,,,,,9.95,9.95,9.95,9.95142857,9.92866667,0.01958758,0.07557483,5,2,2026,false,false
LU0098860793,2026-05-13,9.94,0.0,,,,,,,,9.94,9.98,9.95,9.94857143,9.93466667,0.01958758,0.0687863,5,2,2026,false,false
LU0098860793,2026-05-14,9.96,0.00201207,,,,,,,,9.94,9.95,9.98,9.95285714,9.93766667,0.01277753,0.06696682,5,2,2026,false,false
LU0098860793,2026-05-15,9.92,-0.00401606,,,,,,,,9.96,9.96,10.03,9.95428571,9.94366667,0.01293626,0.06030386,5,2,2026,false,false
LU0098860793,2026-05-18,9.95,0.00302419,,,,,,,,9.92,9.95,10.02,9.94571429,9.948,0.01293626,0.05337915,5,2,2026,false,false
LU0098860793,2026-05-19,9.92,-0.00301508,,,,,,,,9.95,9.94,9.98,9.94571429,9.95266667,0.01293626,0.04682829,5,2,2026,false,false
LU0098860793,2026-05-20,9.95,0.00302419,,,,,,,,9.92,9.94,9.99,9.94,9.95666667,0.01414214,0.03788873,5,2,2026,false,false
LU0098860793,2026-05-21,9.99,0.0040201,,,,,,,,9.95,9.96,9.99,9.94,9.95866667,0.01414214,0.03584535,5,2,2026,false,false
LU0098860793,2026-05-22,10.02,0.003003,,,,,,,,9.99,9.92,9.99,9.94714286,9.96166667,0.02249717,0.0345527,5,2,2026,false,false
LU0098860793,2026-05-26,10.0,-0.00199601,,,,,,,,10.02,9.95,9.98,9.95857143,9.96666667,0.03356383,0.03165789,5,2,2026,false,false
LU0098860793,2026-05-27,10.02,0.002,,,,,,,,10.0,9.92,9.98,9.96428571,9.96933333,0.03658928,0.03097669,5,2,2026,false,false
LU0098860793,2026-05-28,10.03,0.000998,,,,,,,,10.02,9.95,9.96,9.97857143,9.97166667,0.0360272,0.03205031,5,2,2026,false,false
LU0098860793,2026-05-29,10.06,0.00299103,,,,,,,,10.03,9.99,10.03,9.99,9.97433333,0.03779645,0.03343485,5,2,2026,false,false
LU0098860793,2026-06-01,9.97,-0.00894632,,,,,,,,10.06,10.02,9.96,10.01,9.977,0.03207135,0.03680127,6,2,2026,false,false
LU0098860793,2026-06-02,9.99,0.00200602,,,,,,,,9.97,10.0,9.91,10.01285714,9.975,0.02710524,0.03547299,6,2,2026,false,false
LU0098860793,2026-06-03,9.94,-0.00500501,,,,,,,,9.99,10.02,9.95,10.01285714,9.974,0.02710524,0.0346025,6,2,2026,false,false
LU0098860793,2026-06-04,9.98,0.00402414,,,,,,,,9.94,10.03,9.98,10.00142857,9.97266667,0.03681171,0.03511252,6,2,2026,false,false
LU0098860793,2026-06-05,9.92,-0.00601202,,,,,,,,9.98,10.06,9.95,9.99857143,9.97233333,0.03757985,0.03499365,6,2,2026,false,false
LU0098860793,2026-06-08,9.91,-0.00100806,,,,,,,,9.92,9.97,9.96,9.98428571,9.97,0.04499433,0.03605551,6,2,2026,false,false
LU0098860793,2026-06-09,9.93,0.00201816,,,,,,,,9.91,9.99,9.95,9.96714286,9.96733333,0.04712121,0.03741063,6,2,2026,false,false
LU0098860793,2026-06-10,9.9,-0.00302115,,,,,,,,9.93,9.94,9.94,9.94857143,9.96566667,0.02899683,0.03791951,6,2,2026,false,false
LU0098860793,2026-06-11,9.95,0.00505051,,,,,,,,9.9,9.98,9.94,9.93857143,9.963,0.0318158,0.03959377,6,2,2026,false,false
LU0098860793,2026-06-12,9.98,0.00301508,,,,,,,,9.95,9.92,9.96,9.93285714,9.96266667,0.02490799,0.03965966,6,2,2026,false,false
LU0098860793,2026-06-15,9.98,0.0,,,,,,,,9.98,9.91,9.92,9.93857143,9.961,0.02996597,0.03780212,6,2,2026,false,false
LU0098860793,2026-06-16,10.0,0.00200401,,,,,,,,9.98,9.93,9.95,9.93857143,9.96166667,0.02996597,0.03795465,6,2,2026,false,false
LU0098860793,2026-06-17,9.91,-0.009,,,,,,,,10.0,9.9,9.92,9.95,9.96466667,0.03545621,0.03730356,6,2,2026,false,false
LU0098860793,2026-06-18,9.9,-0.00100908,,,,,,,,9.91,9.95,9.95,9.95,9.96333333,0.03545621,0.03849964,6,2,2026,false,false
LU0098860793,2026-06-22,9.87,-0.0030303,,,,,,,,9.9,9.98,9.99,9.94571429,9.96066667,0.03922723,0.03999444,6,2,2026,false,false
LU0098860793,2026-06-23,9.88,0.00101317,,,,,,,,9.87,9.98,10.02,9.94142857,9.958,0.0451754,0.04315862,6,2,2026,false,false
LU0098860793,2026-06-24,9.89,0.00101215,,,,,,,,9.88,10.0,10.0,9.93142857,9.95533333,0.04969293,0.04536763,6,2,2026,false,false
LU0098860793,2026-06-25,9.89,0.0,,,,,,,,9.89,9.91,10.02,9.91857143,9.95333333,0.04703451,0.04685676,6,2,2026,false,false
LU0098860793,2026-06-26,9.91,0.00202224,,,,,,,,9.89,9.9,10.03,9.90571429,9.95166667,0.04030496,0.04817215,6,2,2026,false,false
LU0098860793,2026-06-29,9.92,0.00100908,,,,,,,,9.91,9.87,10.06,9.89285714,9.95066667,0.01385051,0.04871231,6,2,2026,false,false
LU0098860793,2026-06-30,9.9,-0.00201613,,,,,,,,9.92,9.88,9.97,9.89428571,9.94933333,0.0159079,0.04898526,6,2,2026,true,true
LU0098860793,2026-07-01,9.84,-0.00606061,,,,,,,,9.9,9.89,9.99,9.89428571,9.94866667,0.0159079,0.04951319,7,3,2026,false,false
LU0098860793,2026-07-02,9.91,0.00711382,,,,,,,,9.84,9.89,9.94,9.89,9.945,0.02390457,0.05321341,7,3,2026,false,false
LU0098860793,2026-07-06,9.91,0.0,,,,,,,,9.91,9.91,9.98,9.89428571,9.94466667,0.02441144,0.05339996,7,3,2026,false,false
LU0098860793,2026-07-07,9.92,0.00100908,,,,,,,,9.91,9.92,9.92,9.89714286,9.94333333,0.02490799,0.05374838,7,3,2026,false,false
LU0098860793,2026-07-08,9.87,-0.00504032,,,,,,,,9.92,9.9,9.91,9.90142857,9.941,0.02587253,0.05318834,7,3,2026,false,false
LU0098860793,2026-07-09,9.87,0.0,,,,,,,,9.87,9.84,9.93,9.89571429,9.936,0.02770103,0.05257376,7,3,2026,false,false
LU0098860793,2026-07-10,9.88,0.00101317,,,,,,,,9.87,9.91,9.9,9.88857143,9.93166667,0.02695423,0.05247751,7,3,2026,false,false
LU0098860793,2026-07-13,9.88,0.0,,,,,,,,9.88,9.91,9.95,9.88571429,9.927,0.02664965,0.05060632,7,3,2026,false,false
LU0098860793,2026-07-14,9.83,-0.00506073,,,,,,,,9.88,9.92,9.98,9.89142857,9.922,0.01958758,0.04749737,7,3,2026,false,false
LU0098860793,2026-07-15,9.86,0.00305188,,,,,,,,9.83,9.87,9.98,9.88,9.91433333,0.02725541,0.04294829,7,3,2026,false,false
LU0098860793,2026-07-16,9.9,0.0040568,,,,,,,,9.86,9.87,10.0,9.87285714,9.91066667,0.02490799,0.04273432,7,3,2026,false,false
LU0098860793,2026-07-17,9.88,-0.0020202,,,,,,,,9.9,9.88,9.91,9.87,9.90766667,0.02,0.04014003,7,3,2026,false,false
LU0098860793,2026-07-20,9.85,-0.00303644,,,,,,,,9.88,9.88,9.9,9.87142857,9.90566667,0.02030381,0.0399736,7,3,2026,false,false
LU0098860793,2026-07-21,9.85,0.0,,,,,,,,9.85,9.83,9.87,9.86857143,9.90133333,0.02166536,0.03870688,7,3,2026,false,false
LU0098860793,2026-07-22,9.85,0.0,,,,,,,,9.85,9.86,9.88,9.86428571,9.899,0.02194613,0.0396106,7,3,2026,false,false
LU0098860793,2026-07-23,9.81,-0.00406091,,,,,,,,9.85,9.9,9.89,9.86,9.897,0.0213809,0.04050926,7,3,2026,false,false
LU0098860793,2026-07-24,9.85,0.00407747,,,,,,,,9.81,9.88,9.89,9.85714286,9.893,0.02602981,0.04290688,7,3,2026,false,false
LU0098860793,2026-07-27,9.88,0.00304569,,,,,,,,9.85,9.85,9.91,9.85571429,9.89133333,0.0261081,0.04356859,7,3,2026,false,false
LU0098860793,2026-07-28,9.92,0.00404858,,,,,,,,9.88,9.85,9.92,9.85285714,9.889,0.02185294,0.04221769,7,3,2026,false,false
LU0098860793,2026-07-29,9.88,-0.00403226,,,,,,,,9.92,9.85,9.9,9.85857143,9.887,0.03136357,0.03917057,7,3,2026,false,false
LU0098860793,2026-07-30,9.91,0.00303644,,,,,,,,9.88,9.81,9.84,9.86285714,9.88366667,0.03194383,0.03516469,7,3,2026,false,false
LU0098860793,2026-07-31,9.92,0.00100908,,,,,,,,9.91,9.85,9.91,9.87142857,9.88066667,0.03522522,0.02827641,7,3,2026,true,false
LU0098860793,2026-08-03,9.91,-0.00100806,,,,,,,,9.92,9.88,9.91,9.88142857,9.881,0.03757985,0.02867635,8,3,2026,false,false
LU0098860793,2026-08-04,9.97,0.00605449,,,,,,,,9.91,9.92,9.92,9.89571429,9.88133333,0.02441144,0.02895207,8,3,2026,false,false
LU0098860793,2026-08-05,9.95,-0.00200602,,,,,,,,9.97,9.88,9.87,9.91285714,9.88466667,0.02813959,0.03293765,8,3,2026,false,false
LU0098860793,2026-08-06,9.94,-0.00100503,,,,,,,,9.95,9.91,9.87,9.92285714,9.887,0.02710524,0.03494281,8,3,2026,false,false
LU0098860793,2026-08-07,9.98,0.00402414,,,,,,,,9.94,9.92,9.88,9.92571429,9.88866667,0.02770103,0.0362154,8,3,2026,false,false
LU0098860793,2026-08-10,9.99,0.001002,,,,,,,,9.98,9.91,9.88,9.94,9.89166667,0.02618615,0.0397562,8,3,2026,false,false
LU0098860793,2026-08-11,10.0,0.001001,,,,,,,,9.99,9.97,9.83,9.95142857,9.89433333,0.02799417,0.04341147,8,3,2026,false,false
LU0109392836,2025-07-08,55.99,,,,,,,,,,,,,,,,7,3,2025,false,false
LU0109392836,2025-07-09,56.38,0.00696553,,,,,,,,55.99,,,,,,,7,3,2025,false,false
LU0109392836,2025-07-10,55.91,-0.00833629,,,,,,,,56.38,,,56.185,56.185,0.195,0.195,7,3,2025,false,false
LU0109392836,2025-07-11,55.55,-0.00643892,,,,,,,,55.91,,,56.09333333,56.09333333,0.20531818,0.20531818,7,3,2025,false,false
LU0109392836,2025-07-14,55.63,0.00144014,,,,,,,,55.55,,,55.9575,55.9575,0.29490465,0.29490465,7,3,2025,false,false
LU0109392836,2025-07-15,56.12,0.0088082,,,,,,,,55.63,55.99,,55.892,55.892,0.29450976,0.29450976,7,3,2025,false,false
LU0109392836,2025-07-16,56.17,0.00089095,,,,,,,,56.12,56.38,,55.93,55.93,0.28195744,0.28195744,7,3,2025,false,false
LU0109392836,2025-07-17,56.79,0.01103792,,,,,,,,56.17,55.91,,55.96428571,55.96428571,0.27421874,0.27421874,7,3,2025,false,false
LU0109392836,2025-07-18,56.74,-0.00088044,,,,,,,,56.79,55.55,,56.07857143,56.0675,0.39930041,0.37465818,7,3,2025,false,false
LU0109392836,2025-07-21,56.89,0.00264364,,,,,,,,56.74,55.63,,56.13,56.14222222,0.45421832,0.4116303,7,3,2025,false,false
LU0109392836,2025-07-22,56.28,-0.01072245,,,,,,,,56.89,56.12,,56.27,56.217,0.51216627,0.45035653,7,3,2025,false,false
LU0109392836,2025-07-23,56.73,0.00799574,,,,,,,,56.28,56.17,,56.37428571,56.22272727,0.42118395,0.42977988,7,3,2025,false,false
LU0109392836,2025-07-24,57.19,0.00810858,,,,,,,,56.73,56.79,,56.53142857,56.265,0.30272234,0.43471255,7,3,2025,false,false
LU0109392836,2025-07-25,57.41,0.00384683,,,,,,,,57.19,56.74,,56.68428571,56.33615385,0.32565789,0.48496691,7,3,2025,false,false
LU0109392836,2025-07-28,57.82,0.00714161,,,,,,,,57.41,56.89,,56.86142857,56.41285714,0.334853,0.54302629,7,3,2025,false,false
LU0109392836,2025-07-29,57.74,-0.0013836,,,,,,,,57.82,56.28,,57.00857143,56.50666667,0.47011939,0.63120696,7,3,2025,false,false
LU0109392836,2025-07-30,58.05,0.0053689,,,,,,,,57.74,56.73,,57.15142857,56.58375,0.51645574,0.68018265,7,3,2025,false,false
LU0109392836,2025-07-31,57.5,-0.00947459,,,,,,,,58.05,57.19,,57.31714286,56.67,0.58723844,0.74461992,7,3,2025,true,false
LU0109392836,2025-08-01,56.08,-0.02469565,,,,,,,,57.5,57.41,,57.49142857,56.71611111,0.40691974,0.74819887,8,3,2025,false,false
LU0109392836,2025-08-04,57.32,0.02211127,,,,,,,,56.08,57.82,,57.39857143,56.68263158,0.59893784,0.74196639,8,3,2025,false,false
LU0109392836,2025-08-05,56.72,-0.01046755,,,,,,,,57.32,57.74,55.99,57.41714286,56.7145,0.59417925,0.73639986,8,3,2025,false,false
LU0109392836,2025-08-06,57.68,0.01692525,,,,,,,,56.72,58.05,56.38,57.31857143,56.7147619,0.64246019,0.71865363,8,3,2025,false,false
LU0109392836,2025-08-07,57.59,-0.00156033,,,,,,,,57.68,57.5,55.91,57.29857143,56.75863636,0.62856818,0.73035045,8,3,2025,false,false
LU0109392836,2025-08-08,57.45,-0.00243098,,,,,,,,57.59,56.08,55.55,57.27714286,56.79478261,0.61557672,0.73414173,8,3,2025,false,false
LU0109392836,2025-08-11,57.1,-0.00609225,,,,,,,,57.45,57.32,55.63,57.19142857,56.82208333,0.53900513,0.7305134,8,3,2025,false,false
LU0109392836,2025-08-12,57.94,0.01471103,,,,,,,,57.1,56.72,56.12,57.13428571,56.8332,0.5242643,0.71782293,8,3,2025,false,false
LU0109392836,2025-08-13,57.79,-0.00258889,,,,,,,,57.94,57.68,56.17,57.4,56.87576923,0.37175261,0.73536058,8,3,2025,false,false
LU0109392836,2025-08-14,57.57,-0.00380689,,,,,,,,57.79,57.59,56.79,57.46714286,56.90962963,0.39307267,0.74198174,8,3,2025,false,false
LU0109392836,2025-08-15,57.36,-0.00364773,,,,,,,,57.57,57.45,56.74,57.58857143,56.93321429,0.24804542,0.73884588,8,3,2025,false,false
LU0109392836,2025-08-18,57.63,0.00470711,,,,,,,,57.36,57.1,56.89,57.54285714,56.94793103,0.25633206,0.73016002,8,3,2025,false,false
LU0109392836,2025-08-19,56.5,-0.01960784,,,,,,,,57.63,57.94,56.28,57.54857143,56.97066667,0.25776116,0.72825331,8,3,2025,false,false
LU0109392836,2025-08-20,56.17,-0.00584071,,,,,,,,56.5,57.79,56.73,57.41285714,56.98766667,0.45133815,0.71090873,8,3,2025,false,false
LU0109392836,2025-08-21,55.97,-0.00356062,,,,,,,,56.17,57.57,57.19,57.28,56.98066667,0.626692,0.71785762,8,3,2025,false,false
LU0109392836,2025-08-22,56.84,0.01554404,,,,,,,,55.97,57.36,57.41,56.99857143,56.98266667,0.70460584,0.71494957,8,3,2025,false,false
LU0109392836,2025-08-25,56.77,-0.00123153,,,,,,,,56.84,57.63,57.82,56.86285714,57.02566667,0.6262294,0.66450324,8,3,2025,false,false
LU0109392836,2025-08-26,57.24,0.00827902,,,,,,,,56.77,56.5,57.74,56.74857143,57.06366667,0.55578589,0.61430439,8,3,2025,false,false
LU0109392836,2025-08-27,57.71,0.00821104,,,,,,,,57.24,56.17,58.05,56.73142857,57.101,0.53823597,0.58934625,8,3,2025,false,false
LU0109392836,2025-08-28,58.68,0.01680818,,,,,,,,57.71,55.97,57.5,56.74285714,57.15233333,0.55769204,0.57285649,8,3,2025,false,false
LU0109392836,2025-08-29,57.69,-0.01687117,,,,,,,,58.68,56.84,56.08,57.05428571,57.21533333,0.8612094,0.63056447,8,3,2025,false,false
LU0109392836,2025-09-02,57.19,-0.00866701,,,,,,,,57.69,56.77,57.32,57.27142857,57.247,0.80034686,0.62975207,9,3,2025,false,false
LU0109392836,2025-09-03,57.49,0.00524567,,,,,,,,57.19,57.24,56.72,57.44571429,57.257,0.60759143,0.62637662,9,3,2025,false,false
LU0109392836,2025-09-04,57.91,0.00730562,,,,,,,,57.49,57.71,57.68,57.53857143,57.29733333,0.55534876,0.60059378,9,3,2025,false,false
LU0109392836,2025-09-05,58.6,0.01191504,,,,,,,,57.91,58.68,57.59,57.70142857,57.33666667,0.46606034,0.60079022,9,3,2025,false,false
LU0109392836,2025-09-08,59.16,0.00955631,,,,,,,,58.6,57.69,57.45,57.89571429,57.38366667,0.51419444,0.64126689,9,3,2025,false,false
LU0109392836,2025-09-09,59.31,0.0025355,,,,,,,,59.16,57.19,57.1,58.10285714,57.442,0.66701284,0.71622343,9,3,2025,false,false
LU0109392836,2025-09-10,59.86,0.00927331,,,,,,,,59.31,57.49,57.94,58.19285714,57.49166667,0.77291127,0.78870816,9,3,2025,false,false
LU0109392836,2025-09-11,60.07,0.00350819,,,,,,,,59.86,57.91,57.79,58.50285714,57.56233333,0.92855824,0.89553218,9,3,2025,false,false
LU0109392836,2025-09-12,59.8,-0.00449476,,,,,,,,60.07,58.6,57.57,58.91428571,57.62966667,0.89306626,0.99956485,9,3,2025,false,false
LU0109392836,2025-09-15,60.6,0.01337793,,,,,,,,59.8,59.16,57.36,59.24428571,57.70633333,0.71479981,1.07224215,9,3,2025,false,false
LU0109392836,2025-09-16,60.42,-0.0029703,,,,,,,,60.6,59.31,57.63,59.62857143,57.857,0.60950632,1.14801902,9,3,2025,false,false
LU0109392836,2025-09-17,60.13,-0.00479974,,,,,,,,60.42,59.86,56.5,59.88857143,57.96033333,0.49217966,1.23151257,9,3,2025,false,false
LU0109392836,2025-09-18,61.21,0.01796108,,,,,,,,60.13,60.07,56.17,60.02714286,58.074,0.39437887,1.2685966,9,3,2025,false,false
LU0109392836,2025-09-19,61.66,0.00735174,,,,,,,,61.21,59.8,55.97,60.29857143,58.19166667,0.45636541,1.38496711,9,3,2025,false,false
LU0109392836,2025-09-22,62.16,0.00810898,,,,,,,,61.66,60.6,56.84,60.55571429,58.32733333,0.61599761,1.51282502,9,3,2025,false,false
LU0109392836,2025-09-23,61.47,-0.01110039,,,,,,,,62.16,60.42,56.77,60.85428571,58.48433333,0.79011495,1.65165913,9,3,2025,false,false
LU0109392836,2025-09-24,61.02,-0.00732064,,,,,,,,61.47,60.13,57.24,61.09285714,58.63,0.68024605,1.71464865,9,3,2025,false,false
LU0109392836,2025-09-25,60.65,-0.00606359,,,,,,,,61.02,61.21,57.71,61.15285714,58.73266667,0.65206736,1.7618209,9,3,2025,false,false
LU0109392836,2025-09-26,60.69,0.00065952,,,,,,,,60.65,61.66,58.68,61.18571429,58.828,0.61928201,1.78545307,9,3,2025,false,false
LU0109392836,2025-09-29,60.95,0.00428407,,,,,,,,60.69,62.16,57.69,61.26571429,58.932,0.502987,1.7999563,9,3,2025,false,false
LU0109392836,2025-09-30,61.09,0.00229696,,,,,,,,60.95,61.47,57.19,61.22857143,59.05166667,0.51518176,1.81077163,9,3,2025,true,true
LU0109392836,2025-10-01,61.52,0.0070388,,,,,,,,61.09,61.02,57.49,61.14714286,59.167,0.48470062,1.82666755,10,4,2025,false,false
LU0109392836,2025-10-02,61.89,0.0060143,,,,,,,,61.52,60.65,57.91,61.05571429,59.33433333,0.31604056,1.80448642,10,4,2025,false,false
LU0109392836,2025-10-03,61.7,-0.00306996,,,,,,,,61.89,60.69,58.6,61.11571429,59.525,0.41375828,1.76175055,10,4,2025,false,false
LU0109392836,2025-10-06,62.38,0.01102107,,,,,,,,61.7,60.95,59.16,61.21285714,59.716,0.45740617,1.67442647,10,4,2025,false,false
LU0109392836,2025-10-07,61.62,-0.01218339,,,,,,,,62.38,61.09,59.31,61.46,59.90066667,0.54542251,1.65240821,10,4,2025,false,false
LU0109392836,2025-10-08,62.81,0.01931191,,,,,,,,61.62,61.52,59.86,61.59285714,60.06233333,0.44586078,1.57357911,10,4,2025,false,false
LU0109392836,2025-10-09,62.88,0.00111447,,,,,,,,62.81,61.89,60.07,61.85857143,60.248,0.52989025,1.55814505,10,4,2025,false,false
LU0109392836,2025-10-10,60.31,-0.0408715,,,,,,,,62.88,61.7,59.8,62.11428571,60.42033333,0.5292004,1.55380712,10,4,2025,false,false
LU0109392836,2025-10-13,62.19,0.03117228,,,,,,,,60.31,62.38,60.6,61.94142857,60.47466667,0.81534267,1.52013537,10,4,2025,false,false
LU0109392836,2025-10-14,61.22,-0.01559736,,,,,,,,62.19,61.62,60.42,61.98428571,60.62466667,0.81938753,1.45873629,10,4,2025,false,false
LU0109392836,2025-10-15,61.71,0.00800392,,,,,,,,61.22,62.81,60.13,61.91571429,60.759,0.85941603,1.31470491,10,4,2025,false,false
LU0109392836,2025-10-16,61.74,0.00048614,,,,,,,,61.71,62.88,61.21,61.82,60.89966667,0.83945561,1.17583866,10,4,2025,false,false
LU0109392836,2025-10-17,61.59,-0.00242954,,,,,,,,61.74,60.31,61.66,61.83714286,61.02733333,0.83641607,1.04493998,10,4,2025,false,false
LU0109392836,2025-10-20,62.33,0.01201494,,,,,,,,61.59,62.19,62.16,61.66285714,61.127,0.7367053,0.94663668,10,4,2025,false,false
LU0109392836,2025-10-21,62.24,-0.00144393,,,,,,,,62.33,61.22,61.47,61.58428571,61.23266667,0.62330587,0.89678661,10,4,2025,false,false
LU0109392836,2025-10-22,61.45,-0.0126928,,,,,,,,62.24,61.71,61.02,61.86,61.33033333,0.37675305,0.83981539,10,4,2025,false,false
LU0109392836,2025-10-23,62.35,0.01464605,,,,,,,,61.45,61.74,60.65,61.75428571,61.38333333,0.37312798,0.79428934,10,4,2025,false,false
LU0109392836,2025-10-24,63.09,0.01186848,,,,,,,,62.35,61.59,60.69,61.91571429,61.45933333,0.35082992,0.77380417,10,4,2025,false,false
LU0109392836,2025-10-27,64.17,0.0171184,,,,,,,,63.09,62.33,60.95,62.11285714,61.569,0.52456007,0.7639387,10,4,2025,false,false
LU0109392836,2025-10-28,64.63,0.00716846,,,,,,,,64.17,62.24,61.09,62.46,61.688,0.85985049,0.87387032,10,4,2025,false,false
LU0109392836,2025-10-29,65.06,0.00665326,,,,,,,,64.63,61.45,61.52,62.89428571,61.82833333,1.05608248,0.98938056,10,4,2025,false,false
LU0109392836,2025-10-30,63.94,-0.01721488,,,,,,,,65.06,62.35,61.89,63.28428571,61.99266667,1.26006641,1.09719926,10,4,2025,false,false
LU0109392836,2025-10-31,64.05,0.00172036,,,,,,,,63.94,63.09,61.7,63.52714286,62.08366667,1.19767291,1.14085489,10,4,2025,true,false
LU0109392836,2025-11-03,64.09,0.00062451,,,,,,,,64.05,64.17,62.38,63.89857143,62.16333333,0.84803013,1.19084097,11,4,2025,false,false
LU0109392836,2025-11-04,62.34,-0.02730535,,,,,,,,64.09,64.63,61.62,64.14714286,62.22766667,0.56570346,1.24003947,11,4,2025,false,false
LU0109392836,2025-11-05,62.39,0.00080205,,,,,,,,62.34,65.06,62.81,64.04,62.25666667,0.78449256,1.23212914,11,4,2025,false,false
LU0109392836,2025-11-06,61.43,-0.01538708,,,,,,,,62.39,63.94,62.88,63.78571429,62.30233333,0.96813307,1.21064909,11,4,2025,false,false
LU0109392836,2025-11-07,61.2,-0.0037441,,,,,,,,61.43,64.05,60.31,63.32857143,62.32833333,1.19131894,1.18294289,11,4,2025,false,false
LU0109392836,2025-11-10,62.62,0.02320261,,,,,,,,61.2,64.09,62.19,62.77714286,62.34533333,1.15505985,1.16276892,11,4,2025,false,false
LU0109392836,2025-11-11,62.03,-0.00942191,,,,,,,,62.62,62.34,61.22,62.58857143,62.401,1.05306937,1.13426143,11,4,2025,false,false
LU0109392836,2025-11-12,62.02,-0.00016121,,,,,,,,62.03,62.39,61.71,62.3,62.43233333,0.87472445,1.11034434,11,4,2025,false,false
LU0109392836,2025-11-13,60.35,-0.0269268,,,,,,,,62.02,61.43,61.74,62.00428571,62.449,0.48079866,1.10023134,11,4,2025,false,false
LU0109392836,2025-11-14,60.58,0.0038111,,,,,,,,60.35,61.2,61.59,61.72,62.39766667,0.72470684,1.15944723,11,4,2025,false,false
LU0109392836,2025-11-17,59.82,-0.01254539,,,,,,,,60.58,62.62,62.33,61.46142857,62.36033333,0.76149155,1.19867839,11,4,2025,false,false
LU0109392836,2025-11-18,58.96,-0.01437646,,,,,,,,59.82,62.03,62.24,61.23142857,62.275,0.95484372,1.28243713,11,4,2025,false,false
LU0109392836,2025-11-19,59.46,0.00848033,,,,,,,,58.96,62.02,61.45,60.91142857,62.18633333,1.24347932,1.41024462,11,4,2025,false,false
LU0109392836,2025-11-20,57.63,-0.03077699,,,,,,,,59.46,60.35,62.35,60.46,62.07466667,1.10741656,1.48698293,11,4,2025,false,false
LU0109392836,2025-11-21,57.57,-0.00104112,,,,,,,,57.63,60.58,63.09,59.83142857,61.89966667,1.2740759,1.67850426,11,4,2025,false,false
LU0109392836,2025-11-24,59.3,0.03005037,,,,,,,,57.57,59.82,64.17,59.19571429,61.80833333,1.12492358,1.83020961,11,4,2025,false,false
LU0109392836,2025-11-25,59.65,0.00590219,,,,,,,,59.3,58.96,64.63,59.04571429,61.712,1.02672652,1.88288502,11,4,2025,false,false
LU0109392836,2025-11-26,60.36,0.01190277,,,,,,,,59.65,59.46,65.06,58.91285714,61.65966667,0.86740523,1.9173358,11,4,2025,false,false
LU0109392836,2025-11-28,60.94,0.00960901,,,,,,,,60.36,57.63,63.94,58.99,61.61466667,0.96335722,1.93141698,11,4,2025,false,false
LU0109392836,2025-12-01,60.63,-0.00508697,,,,,,,,60.94,57.57,64.05,59.27285714,61.588,1.17946373,1.93502179,12,4,2025,false,false
LU0109392836,2025-12-02,61.31,0.01121557,,,,,,,,60.63,59.3,64.09,59.44,61.556,1.2733084,1.94264699,12,4,2025,false,false
LU0109392836,2025-12-03,61.35,0.00065242,,,,,,,,61.31,59.65,62.34,59.96571429,61.522,1.17323554,1.93772272,12,4,2025,false,false
LU0109392836,2025-12-04,61.4,0.000815,,,,,,,,61.35,60.36,62.39,60.50571429,61.49233333,0.7339688,1.93331095,12,4,2025,false,false
LU0109392836,2025-12-05,61.75,0.00570033,,,,,,,,61.4,60.94,61.43,60.80571429,61.49066667,0.59605506,1.93336828,12,4,2025,false,false
LU0109392836,2025-12-08,62.23,0.00777328,,,,,,,,61.75,60.63,61.2,61.10571429,61.47066667,0.4492806,1.92746973,12,4,2025,false,false
LU0109392836,2025-12-09,62.5,0.00433874,,,,,,,,62.23,61.31,62.62,61.37285714,61.442,0.48126958,1.90948405,12,4,2025,false,false
LU0109392836,2025-12-10,62.74,0.00384,,,,,,,,62.5,61.35,62.03,61.59571429,61.38633333,0.58024274,1.85264043,12,4,2025,false,false
LU0109392836,2025-12-11,62.41,-0.0052598,,,,,,,,62.74,61.4,62.02,61.89714286,61.32333333,0.54740203,1.77163076,12,4,2025,false,false
LU0109392836,2025-12-12,60.56,-0.02964269,,,,,,,,62.41,61.75,60.35,62.05428571,61.235,0.51310977,1.64463116,12,4,2025,false,false
LU0109392836,2025-12-15,59.68,-0.01453104,,,,,,,,60.56,62.23,60.58,61.94142857,61.12233333,0.70616527,1.56952367,12,4,2025,false,false
LU0109392836,2025-12-16,59.79,0.00184316,,,,,,,,59.68,62.5,59.82,61.69571429,60.97666667,1.06160064,1.49191897,12,4,2025,false,false
LU0109392836,2025-12-17,58.45,-0.02241177,,,,,,,,59.79,62.74,58.96,61.41571429,60.83333333,1.25179708,1.38892844,12,4,2025,false,false
LU0109392836,2025-12-18,59.37,0.01573995,,,,,,,,58.45,62.41,59.46,60.87571429,60.70366667,1.56114296,1.42337037,12,4,2025,false,false
LU0109392836,2025-12-19,60.39,0.01718039,,,,,,,,59.37,60.56,57.63,60.42857143,60.603,1.47790806,1.40724826,12,4,2025,false,false
LU0109392836,2025-12-22,60.87,0.00794834,,,,,,,,60.39,59.68,57.57,60.09285714,60.56833333,1.14388704,1.3992357,12,4,2025,false,false
LU0109392836,2025-12-23,61.23,0.00591424,,,,,,,,60.87,59.79,59.3,59.87285714,60.55733333,0.76114039,1.39551886,12,4,2025,false,false
LU0109392836,2025-12-24,61.31,0.00130655,,,,,,,,61.23,58.45,59.65,59.96857143,60.511,0.87512331,1.3485507,12,4,2025,false,false
LU0109392836,2025-12-26,61.63,0.00521938,,,,,,,,61.31,59.37,60.36,60.20142857,60.487,0.9781532,1.32754699,12,4,2025,false,false
LU0109392836,2025-12-29,61.37,-0.00421872,,,,,,,,61.63,60.39,60.94,60.46428571,60.474,1.07473395,1.31431503,12,4,2025,false,false
LU0109392836,2025-12-30,61.25,-0.00195535,,,,,,,,61.37,60.87,60.63,60.88142857,60.508,0.72014738,1.32382627,12,4,2025,false,false
LU0109392836,2025-12-31,60.78,-0.00767347,,,,,,,,61.25,61.23,61.31,61.15,60.53033333,0.37355436,1.33048734,12,4,2025,true,true
LU0109392836,2026-01-02,61.18,0.00658111,,,,,,,,60.78,61.31,61.35,61.20571429,60.56233333,0.27107496,1.32454944,1,1,2026,false,false
LU0109392836,2026-01-05,61.62,0.00719189,,,,,,,,61.18,61.63,61.4,61.25,60.63633333,0.2356147,1.2946389,1,1,2026,false,false
LU0109392836,2026-01-06,62.29,0.01087309,,,,,,,,61.62,61.37,61.75,61.30571429,60.70833333,0.26816078,1.28725828,1,1,2026,false,false
LU0109392836,2026-01-07,62.19,-0.00160539,,,,,,,,62.29,61.25,62.23,61.44571429,60.86366667,0.43670379,1.18339479,1,1,2026,false,false
LU0109392836,2026-01-08,61.13,-0.01704454,,,,,,,,62.19,60.78,62.5,61.52571429,61.01766667,0.50852327,1.03621324,1,1,2026,false,false
LU0109392836,2026-01-09,61.79,0.01079666,,,,,,,,61.13,61.18,62.74,61.49142857,61.07866667,0.5256677,0.98594703,1,1,2026,false,false
LU0109392836,2026-01-12,62.21,0.00679722,,,,,,,,61.79,61.62,62.41,61.56857143,61.15,0.52419812,0.95699181,1,1,2026,false,false
LU0109392836,2026-01-13,62.04,-0.00273268,,,,,,,,62.21,62.29,60.56,61.77285714,61.21166667,0.45054615,0.96368073,1,1,2026,false,false
LU0109392836,2026-01-14,60.97,-0.01724694,,,,,,,,62.04,62.19,59.68,61.89571429,61.24833333,0.38455381,0.9735231,1,1,2026,false,false
LU0109392836,2026-01-15,61.57,0.00984091,,,,,,,,60.97,61.13,59.79,61.80285714,61.25966667,0.50081974,0.9682234,1,1,2026,false,false
LU0109392836,2026-01-16,61.77,0.00324834,,,,,,,,61.57,61.79,58.45,61.7,61.26833333,0.46269397,0.96979752,1,1,2026,false,false
LU0109392836,2026-01-20,60.08,-0.02735956,,,,,,,,61.77,62.21,59.37,61.64,61.28233333,0.42057783,0.97389829,1,1,2026,false,false
LU0109392836,2026-01-21,60.68,0.00998668,,,,,,,,60.08,62.04,60.39,61.49,61.23833333,0.68182528,0.99712949,1,1,2026,false,false
LU0109392836,2026-01-22,61.34,0.01087673,,,,,,,,60.68,60.97,60.87,61.33142857,61.20266667,0.72153465,0.9973262,1,1,2026,false,false
LU0109392836,2026-01-23,61.56,0.00358657,,,,,,,,61.34,61.57,61.23,61.20714286,61.173,0.62841557,0.97940169,1,1,2026,false,false
LU0109392836,2026-01-26,62.05,0.00795971,,,,,,,,61.56,61.77,61.31,61.13857143,61.14166667,0.55578589,0.95107337,1,1,2026,false,false
LU0109392836,2026-01-27,62.96,0.01466559,,,,,,,,62.05,60.08,61.63,61.29285714,61.11866667,0.63222316,0.91997729,1,1,2026,false,false
LU0109392836,2026-01-28,63.09,0.0020648,,,,,,,,62.96,60.68,61.37,61.49142857,61.137,0.86391846,0.95050215,1,1,2026,false,false
LU0109392836,2026-01-29,62.16,-0.01474085,,,,,,,,63.09,61.34,61.25,61.68,61.22133333,1.03187762,1.00617339,1,1,2026,false,false
LU0109392836,2026-01-30,60.81,-0.02171815,,,,,,,,62.16,61.56,60.78,61.97714286,61.304,0.80229518,0.97761478,1,1,2026,false,false
LU0109392836,2026-02-02,60.95,0.00230225,,,,,,,,60.81,62.05,61.18,61.99571429,61.338,0.7730248,0.94143649,2,1,2026,false,false
LU0109392836,2026-02-03,59.33,-0.02657916,,,,,,,,60.95,62.96,61.62,61.94,61.42133333,0.83021512,0.77869007,2,1,2026,false,false
LU0109392836,2026-02-04,57.6,-0.02915894,,,,,,,,59.33,63.09,62.29,61.62142857,61.42,1.24108741,0.78222759,2,1,2026,false,false
LU0109392836,2026-02-05,56.84,-0.01319444,,,,,,,,57.6,62.16,62.19,60.98571429,61.327,1.84937717,1.02678187,2,1,2026,false,false
LU0109392836,2026-02-06,59.01,0.03817734,,,,,,,,56.84,60.81,61.13,60.11142857,61.19266667,2.13407343,1.30398603,2,1,2026,false,false
LU0109392836,2026-02-09,60.14,0.0191493,,,,,,,,59.01,60.95,61.79,59.52857143,61.11866667,1.76647695,1.36149118,2,1,2026,false,false
LU0109392836,2026-02-10,60.06,-0.00133023,,,,,,,,60.14,59.33,62.21,59.24,61.07966667,1.44961079,1.37216734,2,1,2026,false,false
LU0109392836,2026-02-11,60.31,0.0041625,,,,,,,,60.06,57.6,62.04,59.13285714,61.02733333,1.35418625,1.38009645,2,1,2026,false,false
LU0109392836,2026-02-12,58.84,-0.02437407,,,,,,,,60.31,56.84,60.97,59.04142857,60.992,1.24567169,1.38443346,2,1,2026,false,false
LU0109392836,2026-02-13,59.13,0.00492862,,,,,,,,58.84,59.01,61.57,58.97142857,60.91166667,1.24124855,1.43608979,2,1,2026,false,false
LU0109392836,2026-02-17,59.04,-0.00152207,,,,,,,,59.13,60.14,61.77,59.19,60.85666667,1.10807426,1.47124513,2,1,2026,false,false
LU0109392836,2026-02-18,59.68,0.01084011,,,,,,,,59.04,60.06,60.08,59.50428571,60.78533333,0.58595117,1.50532329,2,1,2026,false,false
LU0109392836,2026-02-19,59.65,-0.00050268,,,,,,,,59.68,60.31,60.68,59.6,60.72066667,0.55107687,1.50974155,2,1,2026,false,false
LU0109392836,2026-02-20,59.96,0.00519698,,,,,,,,59.65,58.84,61.34,59.53,60.63266667,0.5074305,1.49254577,2,1,2026,false,false
LU0109392836,2026-02-23,58.84,-0.01867912,,,,,,,,59.96,59.13,61.56,59.51571429,60.55833333,0.49352543,1.46847105,2,1,2026,false,false
LU0109392836,2026-02-24,59.61,0.01308634,,,,,,,,58.84,59.04,62.05,59.30571429,60.482,0.41781257,1.49603119,2,1,2026,false,false
LU0109392836,2026-02-25,60.82,0.02029861,,,,,,,,59.61,59.68,62.96,59.41571429,60.40933333,0.38040794,1.48362604,2,1,2026,false,false
LU0109392836,2026-02-26,59.78,-0.01709964,,,,,,,,60.82,59.65,63.09,59.65714286,60.363,0.59705741,1.44794371,2,1,2026,false,false
LU0109392836,2026-02-27,59.18,-0.0100368,,,,,,,,59.78,59.96,62.16,59.76285714,60.28766667,0.54133999,1.41719837,2,1,2026,false,false
LU0109392836,2026-03-02,59.52,0.00574518,,,,,,,,59.18,58.84,60.81,59.69142857,60.228,0.57922186,1.4248752,3,1,2026,false,false
LU0109392836,2026-03-03,58.23,-0.02167339,,,,,,,,59.52,59.61,60.95,59.67285714,60.15966667,0.58232819,1.40793343,3,1,2026,false,false
LU0109392836,2026-03-04,59.16,0.01597115,,,,,,,,58.23,60.82,59.33,59.42571429,60.04166667,0.75076831,1.41634526,3,1,2026,false,false
LU0109392836,2026-03-05,59.36,0.00338066,,,,,,,,59.16,59.78,57.6,59.47142857,60.011,0.72293901,1.42511602,3,1,2026,false,false
LU0109392836,2026-03-06,58.13,-0.02072102,,,,,,,,59.36,59.18,56.84,59.43571429,59.967,0.72138472,1.42415858,3,1,2026,false,false
LU0109392836,2026-03-09,59.37,0.0213315,,,,,,,,58.13,59.52,59.01,59.05142857,59.86,0.58525766,1.4375071,3,1,2026,false,false
LU0109392836,2026-03-10,59.43,0.00101061,,,,,,,,59.37,58.23,60.14,58.99285714,59.787,0.52703251,1.40455248,3,1,2026,false,false
LU0109392836,2026-03-11,59.65,0.00370183,,,,,,,,59.43,59.16,60.06,59.02857143,59.69966667,0.54661108,1.34114996,3,1,2026,false,false
LU0109392836,2026-03-12,58.27,-0.02313495,,,,,,,,59.65,59.36,60.31,59.04714286,59.58933333,0.56489479,1.19677325,3,1,2026,false,false
LU0109392836,2026-03-13,57.84,-0.00737944,,,,,,,,58.27,58.13,58.84,59.05285714,59.42866667,0.55674345,1.02761125,3,1,2026,false,false
LU0109392836,2026-03-16,58.72,0.01521438,,,,,,,,57.84,59.37,59.13,58.86428571,59.28466667,0.69491741,0.93311569,3,1,2026,false,false
LU0109392836,2026-03-17,59.0,0.00476839,,,,,,,,58.72,59.43,59.04,58.77285714,59.215,0.66514691,0.89382605,3,1,2026,false,false
LU0109392836,2026-03-18,58.42,-0.00983051,,,,,,,,59.0,59.65,59.68,58.89714286,59.15,0.61262233,0.83420621,3,1,2026,false,false
LU0109392836,2026-03-19,58.47,0.00085587,,,,,,,,58.42,58.27,59.65,58.76142857,59.11966667,0.59788744,0.84360134,3,1,2026,false,false
LU0109392836,2026-03-20,56.98,-0.02548315,,,,,,,,58.47,57.84,59.96,58.62428571,59.14866667,0.53566666,0.80492953,3,1,2026,false,false
LU0109392836,2026-03-23,58.07,0.01912952,,,,,,,,56.98,58.72,58.84,58.24285714,59.15333333,0.61432226,0.79183051,3,1,2026,false,false
LU0109392836,2026-03-24,57.56,-0.0087825,,,,,,,,58.07,59.0,59.61,58.21428571,59.122,0.61704034,0.81513762,3,1,2026,false,false
LU0109392836,2026-03-25,57.89,0.00573315,,,,,,,,57.56,58.42,60.82,58.17428571,59.036,0.64829132,0.83895014,3,1,2026,false,false
LU0109392836,2026-03-26,55.79,-0.0362757,,,,,,,,57.89,58.47,59.78,58.05571429,58.96366667,0.6125557,0.84108851,3,1,2026,false,false
LU0109392836,2026-03-27,54.58,-0.02168847,,,,,,,,55.79,56.98,59.18,57.59714286,58.813,0.8780126,0.97982022,3,1,2026,false,false
LU0109392836,2026-03-30,53.62,-0.01758886,,,,,,,,54.58,58.07,59.52,57.04857143,58.671,1.29371479,1.23981275,3,1,2026,false,false
LU0109392836,2026-03-31,56.11,0.0464379,,,,,,,,53.62,57.56,58.23,56.35571429,58.48733333,1.60757899,1.53192675,3,1,2026,true,true
LU0109392836,2026-04-01,56.98,0.01550526,,,,,,,,56.11,57.89,59.16,56.23142857,58.38966667,1.58802149,1.58602329,4,2,2026,false,false
LU0109392836,2026-04-02,57.04,0.001053,,,,,,,,56.98,55.79,59.36,56.07571429,58.29966667,1.44731137,1.58685535,4,2,2026,false,false
LU0109392836,2026-04-06,57.32,0.00490884,,,,,,,,57.04,54.58,58.13,56.00142857,58.21266667,1.38104959,1.58197752,4,2,2026,false,false
LU0109392836,2026-04-07,57.76,0.0076762,,,,,,,,57.32,53.62,59.37,55.92,58.12466667,1.28043519,1.55553792,4,2,2026,false,false
LU0109392836,2026-04-08,60.02,0.03912742,,,,,,,,57.76,56.11,59.43,56.20142857,58.08866667,1.42882998,1.55105713,4,2,2026,false,false
LU0109392836,2026-04-09,60.05,0.00049983,,,,,,,,60.02,56.98,59.65,56.97857143,58.10233333,1.7734424,1.5661347,4,2,2026,false,false
LU0109392836,2026-04-10,60.41,0.005995,,,,,,,,60.05,57.04,58.27,57.89714286,58.07666667,1.4274324,1.52721169,4,2,2026,false,false
LU0109392836,2026-04-13,61.58,0.01936765,,,,,,,,60.41,57.32,57.84,58.51142857,58.09766667,1.45121061,1.55457536,4,2,2026,false,false
LU0109392836,2026-04-14,62.77,0.01932446,,,,,,,,61.58,57.76,58.72,59.16857143,58.17766667,1.63838273,1.66597656,4,2,2026,false,false
LU0109392836,2026-04-15,63.76,0.01577187,,,,,,,,62.77,60.02,59.0,59.98714286,58.286,1.79440173,1.84571504,4,2,2026,false,false
LU0109392836,2026-04-16,64.21,0.00705772,,,,,,,,63.76,60.05,58.42,60.90714286,58.47033333,1.84139477,2.0907901,4,2,2026,false,false
LU0109392836,2026-04-17,65.31,0.01713129,,,,,,,,64.21,60.41,58.47,61.82857143,58.63866667,1.63865301,2.32923554,4,2,2026,false,false
LU0109392836,2026-04-20,65.41,0.00153116,,,,,,,,65.31,61.58,56.98,62.58428571,58.837,1.83801024,2.61767346,4,2,2026,false,false
LU0109392836,2026-04-21,65.36,-0.00076441,,,,,,,,65.41,62.77,58.07,63.35,59.07966667,1.73640844,2.86649784,4,2,2026,false,false
LU0109392836,2026-04-22,67.08,0.02631579,,,,,,,,65.36,63.76,57.56,64.05714286,59.27933333,1.36287212,3.08040358,4,2,2026,false,false
LU0109392836,2026-04-23,66.01,-0.0159511,,,,,,,,67.08,64.21,57.89,64.84285714,59.53433333,1.29183938,3.38399929,4,2,2026,false,false
LU0109392836,2026-04-24,67.71,0.02575367,,,,,,,,66.01,65.31,55.79,65.30571429,59.74633333,1.01754406,3.57824956,4,2,2026,false,false
LU0109392836,2026-04-27,67.6,-0.00162458,,,,,,,,67.71,65.41,54.58,65.87,60.061,1.09611,3.84007843,4,2,2026,false,false
LU0109392836,2026-04-28,66.0,-0.02366864,,,,,,,,67.6,65.36,53.62,66.35428571,60.38633333,1.00041216,4.04604538,4,2,2026,false,false
LU0109392836,2026-04-29,66.27,0.00409091,,,,,,,,66.0,67.08,56.11,66.45285714,60.629,0.92371477,4.15565667,4,2,2026,false,false
LU0109392836,2026-04-30,66.88,0.00920477,,,,,,,,66.27,66.01,56.98,66.57571429,60.87133333,0.82919681,4.2641527,4,2,2026,true,false
LU0109392836,2026-05-01,67.56,0.01016746,,,,,,,,66.88,67.71,57.04,66.79285714,61.15333333,0.66521134,4.37111453,5,2,2026,false,false
LU0109392836,2026-05-04,67.75,0.00281231,,,,,,,,67.56,67.6,57.32,66.86142857,61.45633333,0.71421142,4.48809572,5,2,2026,false,false
LU0109392836,2026-05-05,68.63,0.01298893,,,,,,,,67.75,66.0,57.76,67.11,61.81533333,0.67641914,4.54604717,5,2,2026,false,false
LU0109392836,2026-05-06,70.48,0.02695614,,,,,,,,68.63,66.27,60.02,67.24142857,62.16733333,0.8478785,4.65005873,5,2,2026,false,false
LU0109392836,2026-05-07,70.35,-0.00184449,,,,,,,,70.48,66.88,60.05,67.65285714,62.598,1.42463744,4.79930578,5,2,2026,false,false
LU0109392836,2026-05-08,71.87,0.02160625,,,,,,,,70.35,67.56,60.41,68.27428571,63.01333333,1.51405659,4.91173176,5,2,2026,false,false
LU0109392836,2026-05-11,72.43,0.00779185,,,,,,,,71.87,67.75,61.58,69.07428571,63.54933333,1.71041229,4.97124527,5,2,2026,false,false
LU0109392836,2026-05-12,71.32,-0.01532514,,,,,,,,72.43,68.63,62.77,69.86714286,64.14433333,1.79380453,4.93016206,5,2,2026,false,false
LU0109392836,2026-05-13,72.62,0.01822771,,,,,,,,71.32,70.48,63.76,70.40428571,64.73433333,1.57173114,4.68856956,5,2,2026,false,false
LU0109392836,2026-05-14,73.62,0.01377031,,,,,,,,72.62,70.35,64.21,71.1,65.28466667,1.29661097,4.61229931,5,2,2026,false,false
LU0109392836,2026-05-15,71.7,-0.02607987,,,,,,,,73.62,71.87,65.31,71.81285714,65.83933333,1.09939872,4.58068331,5,2,2026,false,false
LU0109392836,2026-05-18,71.02,-0.00948396,,,,,,,,71.7,72.43,65.41,71.98714286,66.328,0.96246283,4.39406827,5,2,2026,false,false
LU0109392836,2026-05-19,70.43,-0.00830752,,,,,,,,71.02,71.32,65.36,72.08285714,66.78466667,0.81725524,4.13863724,5,2,2026,false,false
LU0109392836,2026-05-20,72.24,0.02569928,,,,,,,,70.43,72.62,67.08,71.87714286,67.207,1.00468494,3.83119838,5,2,2026,false,false
LU0109392836,2026-05-21,73.02,0.01079734,,,,,,,,72.24,73.62,66.01,71.85,67.61433333,0.99186693,3.69252821,5,2,2026,false,false
LU0109392836,2026-05-22,73.53,0.00698439,,,,,,,,73.02,71.7,67.71,72.09285714,68.04666667,1.03935027,3.53759648,5,2,2026,false,false
LU0109392836,2026-05-26,75.58,0.02787978,,,,,,,,73.53,71.02,67.6,72.22285714,68.484,1.1483493,3.37366329,5,2,2026,false,false
LU0109392836,2026-05-27,75.46,-0.00158772,,,,,,,,75.58,70.43,66.0,72.50285714,68.95066667,1.60359163,3.35461268,5,2,2026,false,false
LU0109392836,2026-05-28,76.81,0.01789027,,,,,,,,75.46,72.24,66.27,73.04,69.37366667,1.85476221,3.34865991,5,2,2026,false,false
LU0109392836,2026-05-29,77.92,0.01445124,,,,,,,,76.81,73.02,66.88,73.86714286,69.80866667,2.05023841,3.43760938,5,2,2026,false,false
LU0109392836,2026-06-01,80.18,0.02900411,,,,,,,,77.92,73.53,67.56,74.93714286,70.26566667,1.9280539,3.57163798,6,2,2026,false,false
LU0109392836,2026-06-02,81.37,0.01484161,,,,,,,,80.18,75.58,67.75,76.07142857,70.76133333,2.30615591,3.86894795,6,2,2026,false,false
LU0109392836,2026-06-03,80.66,-0.00872557,,,,,,,,81.37,75.46,68.63,77.26428571,71.29333333,2.5643649,4.18122417,6,2,2026,false,false
LU0109392836,2026-06-04,79.73,-0.01152988,,,,,,,,80.66,76.81,70.48,78.28285714,71.80333333,2.2789516,4.35586221,6,2,2026,false,false
LU0109392836,2026-06-05,73.97,-0.07224382,,,,,,,,79.73,77.92,70.35,78.87571429,72.225,2.02427311,4.48848211,6,2,2026,false,false
LU0109392836,2026-06-08,75.79,0.02460457,,,,,,,,73.97,80.18,71.87,78.66285714,72.49033333,2.41322377,4.3462662,6,2,2026,false,false
LU0109392836,2026-06-09,74.95,-0.01108326,,,,,,,,75.79,81.37,72.43,78.51714286,72.75966667,2.54774811,4.29170089,6,2,2026,false,false
LU0109392836,2026-06-10,72.69,-0.03015344,,,,,,,,74.95,80.66,71.32,78.09285714,73.00466667,2.84215569,4.19895045,6,2,2026,false,false
LU0109392836,2026-06-11,75.93,0.04457284,,,,,,,,72.69,79.73,72.62,77.02285714,73.22766667,3.2374007,3.99365053,6,2,2026,false,false
LU0109392836,2026-06-12,76.46,0.00698011,,,,,,,,75.93,73.97,73.62,76.24571429,73.54966667,2.71067655,3.80464758,6,2,2026,false,false
LU0109392836,2026-06-15,79.93,0.04538321,,,,,,,,76.46,75.79,71.7,75.64571429,73.869,2.05198063,3.62944748,6,2,2026,false,false
LU0109392836,2026-06-16,77.64,-0.02865007,,,,,,,,79.93,74.95,71.02,75.67428571,74.28133333,2.10924399,3.59174213,6,2,2026,false,false
LU0109392836,2026-06-17,77.6,-0.0005152,,,,,,,,77.64,72.69,70.43,76.19857143,74.611,2.07631837,3.4272451,6,2,2026,false,false
LU0109392836,2026-06-18,80.54,0.0378866,,,,,,,,77.6,75.93,72.24,76.45714286,74.91,2.12154738,3.28054873,6,2,2026,false,false
LU0109392836,2026-06-22,80.16,-0.00471815,,,,,,,,80.54,76.46,73.02,77.25571429,75.24533333,2.43313353,3.32444756,6,2,2026,false,false
LU0109392836,2026-06-23,76.1,-0.0506487,,,,,,,,80.16,79.93,73.53,78.32285714,75.57233333,1.73446339,3.30928158,6,2,2026,false,false
LU0109392836,2026-06-24,76.12,0.00026281,,,,,,,,76.1,77.64,75.58,78.34714286,75.71333333,1.70166905,3.23787516,6,2,2026,false,false
LU0109392836,2026-06-25,77.02,0.01182344,,,,,,,,76.12,77.6,75.46,78.29857143,75.83633333,1.75873679,3.18038937,6,2,2026,false,false
LU0109392836,2026-06-26,75.93,-0.01415217,,,,,,,,77.02,80.54,76.81,77.88285714,76.02633333,1.66542757,3.07336459,6,2,2026,false,false
LU0109392836,2026-06-29,78.18,0.02963256,,,,,,,,75.93,80.16,77.92,77.63857143,76.13666667,1.80287412,3.00781242,6,2,2026,false,false
LU0109392836,2026-06-30,80.31,0.02724482,,,,,,,,78.18,76.1,80.18,77.72142857,76.28866667,1.81249968,2.99197007,6,2,2026,true,true
LU0109392836,2026-07-01,77.85,-0.0306313,,,,,,,,80.31,76.12,81.37,77.68857143,76.57566667,1.7625017,2.95071029,7,3,2026,false,false
LU0109392836,2026-07-02,75.37,-0.03185613,,,,,,,,77.85,77.02,80.66,77.35857143,76.80333333,1.45899602,2.77130695,7,3,2026,false,false
LU0109392836,2026-07-06,77.04,0.02215736,,,,,,,,75.37,75.93,79.73,77.25428571,76.968,1.56729847,2.52339639,7,3,2026,false,false
LU0109392836,2026-07-07,74.81,-0.028946,,,,,,,,77.04,78.18,73.97,77.38571429,77.128,1.50396483,2.36579148,7,3,2026,false,false
LU0109392836,2026-07-08,75.38,0.0076193,,,,,,,,74.81,80.31,75.79,77.07,77.18766667,1.7580915,2.28254052,7,3,2026,false,false
LU0109392836,2026-07-09,77.24,0.02467498,,,,,,,,75.38,77.85,74.95,76.99142857,77.24933333,1.81853496,2.20661722,7,3,2026,false,false
LU0109392836,2026-07-10,77.0,-0.0031072,,,,,,,,77.24,75.37,72.69,76.85714286,77.30466667,1.75955931,2.18476808,7,3,2026,false,false
LU0109392836,2026-07-13,74.54,-0.03194805,,,,,,,,77.0,77.04,75.93,76.38428571,77.356,1.08267997,2.15875983,7,3,2026,false,false
LU0109392836,2026-07-14,76.14,0.02146499,,,,,,,,74.54,74.81,76.46,75.91142857,77.28033333,1.06189088,2.21560599,7,3,2026,false,false
LU0109392836,2026-07-15,75.72,-0.00551615,,,,,,,,76.14,75.38,79.93,76.02142857,77.221,1.03975861,2.22150752,7,3,2026,false,false
LU0109392836,2026-07-16,73.25,-0.03262018,,,,,,,,75.72,77.24,77.64,75.83285714,77.07233333,0.95409964,2.1670805,7,3,2026,false,false
LU0109392836,2026-07-17,72.1,-0.01569966,,,,,,,,73.25,77.0,77.6,75.61,76.80166667,1.29003876,2.11998126,7,3,2026,false,false
LU0109392836,2026-07-20,72.33,0.00319001,,,,,,,,72.1,74.54,80.54,75.14142857,76.51633333,1.78804305,2.15720573,7,3,2026,false,false
LU0109392836,2026-07-21,74.64,0.03193696,,,,,,,,72.33,76.14,80.16,74.44,76.26966667,1.7902833,2.1983213,7,3,2026,false,false
LU0109392836,2026-07-22,74.06,-0.00777063,,,,,,,,74.64,75.72,76.1,74.10285714,76.292,1.4700118,2.17815579,7,3,2026,false,false
LU0109392836,2026-07-23,72.99,-0.01444775,,,,,,,,74.06,73.25,76.12,74.03428571,76.23433333,1.45917645,2.21330023,7,3,2026,false,false
LU0109392836,2026-07-24,71.16,-0.02507193,,,,,,,,72.99,72.1,77.02,73.58428571,76.169,1.2037662,2.2782235,7,3,2026,false,false
LU0109392836,2026-07-27,70.61,-0.00772906,,,,,,,,71.16,72.33,75.93,72.93285714,76.118,1.1012164,2.37077821,7,3,2026,false,false
LU0109392836,2026-07-28,69.12,-0.02110183,,,,,,,,70.61,74.64,78.18,72.55571429,75.94066667,1.35162185,2.56889721,7,3,2026,false,false
LU0109392836,2026-07-29,66.94,-0.03153935,,,,,,,,69.12,74.06,80.31,72.13,75.696,1.81721923,2.84272709,7,3,2026,false,false
LU0109392836,2026-07-30,70.58,0.05437705,,,,,,,,66.94,72.99,77.85,71.36,75.263,2.55962609,3.13873133,7,3,2026,false,false
LU0109392836,2026-07-31,71.52,0.01331822,,,,,,,,70.58,71.16,75.37,70.78,75.02766667,2.18295344,3.21542085,7,3,2026,true,false
LU0109392836,2026-08-03,73.06,0.02153244,,,,,,,,71.52,70.61,77.04,70.41714286,74.825,1.78183464,3.23842837,8,3,2026,false,false
LU0109392836,2026-08-04,75.86,0.03832466,,,,,,,,73.06,69.12,74.81,70.42714286,74.57566667,1.79638299,3.07252088,8,3,2026,false,false
LU0109392836,2026-08-05,75.05,-0.01067756,,,,,,,,75.86,66.94,75.38,71.09857143,74.43233333,2.62983122,2.90436417,8,3,2026,false,false
LU0109392836,2026-08-06,74.89,-0.00213191,,,,,,,,75.05,70.58,77.24,71.73285714,74.39733333,2.95129373,2.89034938,8,3,2026,false,false
LU0109392836,2026-08-07,76.17,0.01709173,,,,,,,,74.89,71.52,77.0,72.55714286,74.35633333,2.91192972,2.87430163,8,3,2026,false,false
LU0109392836,2026-08-10,75.78,-0.00512013,,,,,,,,76.17,73.06,74.54,73.87571429,74.328,2.02432957,2.85200795,8,3,2026,false,false
LU0109392836,2026-08-11,75.77,-0.00013196,,,,,,,,75.78,75.86,76.14,74.61857143,74.323,1.58506808,2.84932524,8,3,2026,false,false
LU0231206078,2025-07-08,93.22,,,,,,,,,,,,,,,,7,3,2025,false,false
LU0231206078,2025-07-09,93.25,0.00032182,,,,,,,,93.22,,,,,,,7,3,2025,false,false
LU0231206078,2025-07-10,92.55,-0.0075067,,,,,,,,93.25,,,93.235,93.235,0.015,0.015,7,3,2025,false,false
LU0231206078,2025-07-11,92.43,-0.0012966,,,,,,,,92.55,,,93.00666667,93.00666667,0.32314427,0.32314427,7,3,2025,false,false
LU0231206078,2025-07-14,92.92,0.00530131,,,,,,,,92.43,,,92.8625,92.8625,0.37505833,0.37505833,7,3,2025,false,false
LU0231206078,2025-07-15,93.43,0.00548859,,,,,,,,92.92,93.22,,92.874,92.874,0.33624991,0.33624991,7,3,2025,false,false
LU0231206078,2025-07-16,93.59,0.00171251,,,,,,,,93.43,93.25,,92.96666667,92.96666667,0.37034518,0.37034518,7,3,2025,false,false
LU0231206078,2025-07-17,93.49,-0.00106849,,,,,,,,93.59,92.55,,93.05571429,93.05571429,0.40637271,0.40637271,7,3,2025,false,false
LU0231206078,2025-07-18,92.74,-0.00802225,,,,,,,,93.49,92.43,,93.09428571,93.11,0.43213282,0.40635576,7,3,2025,false,false
LU0231206078,2025-07-21,93.3,0.00603839,,,,,,,,92.74,92.92,,93.02142857,93.06888889,0.44260361,0.40037328,7,3,2025,false,false
LU0231206078,2025-07-22,93.05,-0.00267953,,,,,,,,93.3,93.43,,93.12857143,93.092,0.40466666,0.38610361,7,3,2025,false,false
LU0231206078,2025-07-23,92.85,-0.00214938,,,,,,,,93.05,93.59,,93.21714286,93.08818182,0.29508906,0.3683333,7,3,2025,false,false
LU0231206078,2025-07-24,92.64,-0.00226171,,,,,,,,92.85,93.49,,93.20714286,93.06833333,0.30597452,0.35874395,7,3,2025,false,false
LU0231206078,2025-07-25,92.43,-0.00226684,,,,,,,,92.64,92.74,,93.09428571,93.03538462,0.34603291,0.36307692,7,3,2025,false,false
LU0231206078,2025-07-28,91.84,-0.00638321,,,,,,,,92.43,93.3,,92.92857143,92.99214286,0.34671638,0.38303634,7,3,2025,false,false
LU0231206078,2025-07-29,92.37,0.00577091,,,,,,,,91.84,93.05,,92.69285714,92.91533333,0.43463332,0.46854195,7,3,2025,false,false
LU0231206078,2025-07-30,91.39,-0.01060951,,,,,,,,92.37,92.85,,92.64,92.88125,0.44797959,0.4724785,7,3,2025,false,false
LU0231206078,2025-07-31,91.54,0.00164132,,,,,,,,91.39,92.64,,92.36714286,92.79352941,0.53592948,0.57725457,7,3,2025,true,false
LU0231206078,2025-08-01,90.9,-0.00699148,,,,,,,,91.54,92.43,,92.15142857,92.72388889,0.52135616,0.63020401,8,3,2025,false,false
LU0231206078,2025-08-04,90.82,-0.00088009,,,,,,,,90.9,91.84,,91.87285714,92.62789474,0.59010203,0.73628927,8,3,2025,false,false
LU0231206078,2025-08-05,90.27,-0.00605593,,,,,,,,90.82,92.37,93.22,91.61285714,92.5375,0.59573998,0.81869943,8,3,2025,false,false
LU0231206078,2025-08-06,89.56,-0.00786529,,,,,,,,90.27,91.39,93.25,91.30428571,92.42952381,0.64954615,0.93355682,8,3,2025,false,false
LU0231206078,2025-08-07,89.05,-0.00569451,,,,,,,,89.56,91.54,92.55,90.97857143,92.29909091,0.84230006,1.09049576,8,3,2025,false,false
LU0231206078,2025-08-08,88.24,-0.00909601,,,,,,,,89.05,90.9,92.43,90.50428571,92.15782609,0.85981488,1.25558909,8,3,2025,false,false
LU0231206078,2025-08-11,89.27,0.01167271,,,,,,,,88.24,90.82,92.92,90.05428571,91.99458333,1.07570385,1.45730053,8,3,2025,false,false
LU0231206078,2025-08-12,88.7,-0.00638512,,,,,,,,89.27,90.27,93.43,89.73,91.8856,0.90802769,1.52441223,8,3,2025,false,false
LU0231206078,2025-08-13,89.09,0.00439684,,,,,,,,88.7,89.56,93.59,89.41571429,91.76307692,0.82567474,1.61547271,8,3,2025,false,false
LU0231206078,2025-08-14,89.12,0.00033674,,,,,,,,89.09,89.05,93.49,89.16857143,91.66407407,0.59506131,1.66371129,8,3,2025,false,false
LU0231206078,2025-08-15,89.5,0.00426391,,,,,,,,89.12,88.24,92.74,89.00428571,91.57321429,0.39260511,1.70058195,8,3,2025,false,false
LU0231206078,2025-08-18,90.88,0.01541899,,,,,,,,89.5,89.27,93.3,88.99571429,91.50172414,0.38085832,1.71328897,8,3,2025,false,false
LU0231206078,2025-08-19,91.67,0.00869278,,,,,,,,90.88,88.7,93.05,89.25714286,91.481,0.76387572,1.68818512,8,3,2025,false,false
LU0231206078,2025-08-20,92.31,0.00698156,,,,,,,,91.67,89.09,92.85,89.74714286,91.42933333,1.01356111,1.65761462,8,3,2025,false,false
LU0231206078,2025-08-21,92.27,-0.00043332,,,,,,,,92.31,89.12,92.64,90.18142857,91.398,1.32079444,1.63158287,8,3,2025,false,false
LU0231206078,2025-08-22,91.17,-0.01192153,,,,,,,,92.27,89.5,92.43,90.69142857,91.38866667,1.33941809,1.62575671,8,3,2025,false,false
LU0231206078,2025-08-25,91.01,-0.00175496,,,,,,,,91.17,90.88,91.84,90.98857143,91.34666667,1.17136585,1.61454913,8,3,2025,false,false
LU0231206078,2025-08-26,89.81,-0.01318536,,,,,,,,91.01,91.67,92.37,91.25857143,91.283,0.89468955,1.58870419,8,3,2025,false,false
LU0231206078,2025-08-27,89.8,-0.00011135,,,,,,,,89.81,92.31,91.39,91.30285714,91.16233333,0.81023302,1.55823337,8,3,2025,false,false
LU0231206078,2025-08-28,89.1,-0.0077951,,,,,,,,89.8,92.27,91.54,91.14857143,91.036,0.96425291,1.50915341,8,3,2025,false,false
LU0231206078,2025-08-29,88.18,-0.01032548,,,,,,,,89.1,91.17,90.9,90.78142857,90.88966667,1.16433216,1.47659402,8,3,2025,false,false
LU0231206078,2025-09-02,89.61,0.01621683,,,,,,,,88.18,91.01,90.82,90.19142857,90.73766667,1.28084156,1.51256225,9,3,2025,false,false
LU0231206078,2025-09-03,90.11,0.00557973,,,,,,,,89.61,89.81,90.27,89.81142857,90.61466667,0.96293344,1.44784376,9,3,2025,false,false
LU0231206078,2025-09-04,90.14,0.00033293,,,,,,,,90.11,89.8,89.56,89.66,90.51666667,0.80831394,1.37747676,9,3,2025,false,false
LU0231206078,2025-09-05,89.48,-0.00732194,,,,,,,,90.14,89.1,89.05,89.53571429,90.42633333,0.64068841,1.30863665,9,3,2025,false,false
LU0231206078,2025-09-08,89.69,0.00234689,,,,,,,,89.48,88.18,88.24,89.48857143,90.321,0.63083683,1.25217504,9,3,2025,false,false
LU0231206078,2025-09-09,89.76,0.00078047,,,,,,,,89.69,89.61,89.27,89.47285714,90.22966667,0.6242187,1.19357023,9,3,2025,false,false
LU0231206078,2025-09-10,89.99,0.00256239,,,,,,,,89.76,90.11,88.7,89.56714286,90.16033333,0.61047322,1.15789315,9,3,2025,false,false
LU0231206078,2025-09-11,89.66,-0.00366707,,,,,,,,89.99,90.14,89.09,89.82571429,90.081,0.23765865,1.08288303,9,3,2025,false,false
LU0231206078,2025-09-12,89.49,-0.00189605,,,,,,,,89.66,89.48,89.12,89.83285714,90.02333333,0.23174581,1.05740353,9,3,2025,false,false
LU0231206078,2025-09-15,89.29,-0.00223489,,,,,,,,89.49,89.69,89.5,89.74428571,89.955,0.22733595,1.02285792,9,3,2025,false,false
LU0231206078,2025-09-16,89.7,0.00459178,,,,,,,,89.29,89.76,90.88,89.62285714,89.90133333,0.20987849,1.01406684,9,3,2025,false,false
LU0231206078,2025-09-17,90.68,0.01092531,,,,,,,,89.7,89.99,91.67,89.65428571,89.864,0.20247449,1.00007866,9,3,2025,false,false
LU0231206078,2025-09-18,91.06,0.00419056,,,,,,,,90.68,89.66,92.31,89.79571429,89.87766667,0.41365469,1.00830116,9,3,2025,false,false
LU0231206078,2025-09-19,91.09,0.00032945,,,,,,,,91.06,89.49,92.27,89.98142857,89.92766667,0.60397324,1.02830178,9,3,2025,false,false
LU0231206078,2025-09-22,90.43,-0.00724558,,,,,,,,91.09,89.29,91.17,90.13857143,89.99566667,0.71808134,1.03544092,9,3,2025,false,false
LU0231206078,2025-09-23,89.44,-0.01094769,,,,,,,,90.43,89.7,91.01,90.24857143,90.06866667,0.69494971,0.98506424,9,3,2025,false,false
LU0231206078,2025-09-24,89.34,-0.00111807,,,,,,,,89.44,90.68,89.81,90.24142857,90.07433333,0.70292102,0.98093385,9,3,2025,false,false
LU0231206078,2025-09-25,89.26,-0.00089546,,,,,,,,89.34,91.06,89.8,90.24857143,90.09566667,0.69340626,0.95749215,9,3,2025,false,false
LU0231206078,2025-09-26,88.03,-0.01377997,,,,,,,,89.26,91.09,89.1,90.18571429,90.10133333,0.7572857,0.95201097,9,3,2025,false,false
LU0231206078,2025-09-29,88.01,-0.0002272,,,,,,,,88.03,90.43,88.18,89.80714286,90.065,1.0291427,1.00792774,9,3,2025,false,false
LU0231206078,2025-09-30,87.77,-0.00272696,,,,,,,,88.01,89.44,89.61,89.37142857,90.01533333,1.05187491,1.06938217,9,3,2025,true,true
LU0231206078,2025-10-01,88.27,0.00569671,,,,,,,,87.77,89.34,90.11,88.89714286,89.91166667,0.90880949,1.12958424,10,4,2025,false,false
LU0231206078,2025-10-02,88.71,0.00498471,,,,,,,,88.27,89.26,90.14,88.58857143,89.79833333,0.67174461,1.11798653,10,4,2025,false,false
LU0231206078,2025-10-03,88.28,-0.00484726,,,,,,,,88.71,88.03,89.48,88.48428571,89.67833333,0.58215995,1.03184005,10,4,2025,false,false
LU0231206078,2025-10-06,89.13,0.00962845,,,,,,,,88.28,88.01,89.69,88.33285714,89.54533333,0.46619169,0.9424922,10,4,2025,false,false
LU0231206078,2025-10-07,89.56,0.00482441,,,,,,,,89.13,87.77,89.76,88.31428571,89.47733333,0.4300783,0.89522784,10,4,2025,false,false
LU0231206078,2025-10-08,89.2,-0.00401965,,,,,,,,89.56,88.27,89.99,88.53285714,89.429,0.58935108,0.84913034,10,4,2025,false,false
LU0231206078,2025-10-09,90.39,0.01334081,,,,,,,,89.2,88.71,89.66,88.70285714,89.40866667,0.58563066,0.84706447,10,4,2025,false,false
LU0231206078,2025-10-10,89.87,-0.00575285,,,,,,,,90.39,88.28,89.49,89.07714286,89.42833333,0.69655713,0.86262809,10,4,2025,false,false
LU0231206078,2025-10-13,90.19,0.0035607,,,,,,,,89.87,89.13,89.29,89.30571429,89.454,0.65550105,0.86393132,10,4,2025,false,false
LU0231206078,2025-10-14,90.03,-0.00177403,,,,,,,,90.19,89.56,89.7,89.51714286,89.521,0.6678262,0.84014423,10,4,2025,false,false
LU0231206078,2025-10-15,91.17,0.01266245,,,,,,,,90.03,89.2,90.68,89.76714286,89.535,0.44991156,0.84499606,10,4,2025,false,false
LU0231206078,2025-10-16,91.34,0.00186465,,,,,,,,91.17,90.39,91.06,90.05857143,89.57033333,0.58364443,0.88930116,10,4,2025,false,false
LU0231206078,2025-10-17,92.03,0.00755419,,,,,,,,91.34,89.87,91.09,90.31285714,89.61033333,0.68923797,0.93959028,10,4,2025,false,false
LU0231206078,2025-10-20,92.21,0.00195588,,,,,,,,92.03,90.19,90.43,90.71714286,89.69533333,0.74559112,1.03450385,10,4,2025,false,false
LU0231206078,2025-10-21,92.49,0.00303655,,,,,,,,92.21,90.03,89.44,90.97714286,89.77933333,0.88960207,1.1286834,10,4,2025,false,false
LU0231206078,2025-10-22,93.5,0.0109201,,,,,,,,92.49,91.17,89.34,91.35142857,89.87033333,0.89618921,1.22904701,10,4,2025,false,false
LU0231206078,2025-10-23,92.55,-0.01016043,,,,,,,,93.5,91.34,89.26,91.82428571,89.98733333,1.02290702,1.3912367,10,4,2025,false,false
LU0231206078,2025-10-24,92.56,0.00010805,,,,,,,,92.55,92.03,88.03,92.18428571,90.08366667,0.72941967,1.46341947,10,4,2025,false,false
LU0231206078,2025-10-27,92.47,-0.00097234,,,,,,,,92.56,92.21,88.01,92.38285714,90.186,0.60483089,1.52439627,10,4,2025,false,false
LU0231206078,2025-10-28,92.6,0.00140586,,,,,,,,92.47,92.49,87.77,92.54428571,90.292,0.43067579,1.56833542,10,4,2025,false,false
LU0231206078,2025-10-29,93.19,0.00637149,,,,,,,,92.6,93.5,88.27,92.62571429,90.38866667,0.37617842,1.61747073,10,4,2025,false,false
LU0231206078,2025-10-30,93.05,-0.00150231,,,,,,,,93.19,92.55,88.71,92.76571429,90.47233333,0.37777004,1.69350659,10,4,2025,false,false
LU0231206078,2025-10-31,92.2,-0.00913487,,,,,,,,93.05,92.56,88.28,92.84571429,90.53866667,0.3701296,1.75314904,10,4,2025,true,false
LU0231206078,2025-11-03,92.94,0.00802603,,,,,,,,92.2,92.47,89.13,92.66,90.57566667,0.31767009,1.77595924,11,4,2025,false,false
LU0231206078,2025-11-04,93.29,0.00376587,,,,,,,,92.94,92.6,89.56,92.71571429,90.65933333,0.32753875,1.82555733,11,4,2025,false,false
LU0231206078,2025-11-05,93.26,-0.00032158,,,,,,,,93.29,93.19,89.2,92.82,90.78766667,0.37424209,1.87010995,11,4,2025,false,false
LU0231206078,2025-11-06,91.38,-0.0201587,,,,,,,,93.26,93.05,90.39,92.93285714,90.91833333,0.37077965,1.9010858,11,4,2025,false,false
LU0231206078,2025-11-07,91.62,0.0026264,,,,,,,,91.38,92.2,89.87,92.75857143,90.989,0.66011749,1.87738355,11,4,2025,false,false
LU0231206078,2025-11-10,91.59,-0.00032744,,,,,,,,91.62,92.94,90.19,92.53428571,91.10866667,0.73759953,1.7976832,11,4,2025,false,false
LU0231206078,2025-11-11,92.42,0.00906212,,,,,,,,91.59,93.29,90.03,92.32571429,91.228,0.76807472,1.70443226,11,4,2025,false,false
LU0231206078,2025-11-12,92.9,0.00519368,,,,,,,,92.42,93.26,91.17,92.35714286,91.383,0.76678763,1.59054529,11,4,2025,false,false
LU0231206078,2025-11-13,91.79,-0.01194833,,,,,,,,92.9,91.38,91.34,92.35142857,91.53733333,0.76256013,1.50322971,11,4,2025,false,false
LU0231206078,2025-11-14,92.14,0.00381305,,,,,,,,91.79,91.62,92.03,92.13714286,91.64,0.67436138,1.40883877,11,4,2025,false,false
LU0231206078,2025-11-17,92.62,0.00520946,,,,,,,,92.14,91.59,92.21,91.97714286,91.76866667,0.49904807,1.26502367,11,4,2025,false,false
LU0231206078,2025-11-18,92.31,-0.00334701,,,,,,,,92.62,92.42,92.49,92.15428571,91.885,0.47514982,1.17423379,11,4,2025,false,false
LU0231206078,2025-11-19,93.39,0.01169971,,,,,,,,92.31,92.9,93.5,92.25285714,91.97666667,0.42277026,1.09373468,11,4,2025,false,false
LU0231206078,2025-11-20,93.17,-0.00235571,,,,,,,,93.39,91.79,92.55,92.51,92.11633333,0.48432575,0.99314478,11,4,2025,false,false
LU0231206078,2025-11-21,92.5,-0.00719116,,,,,,,,93.17,92.14,92.56,92.61714286,92.209,0.53306966,0.95677357,11,4,2025,false,false
LU0231206078,2025-11-24,91.62,-0.00951351,,,,,,,,92.5,92.62,92.47,92.56,92.29666667,0.52098807,0.85333984,11,4,2025,false,false
LU0231206078,2025-11-25,91.48,-0.00152805,,,,,,,,91.62,92.31,92.6,92.53571429,92.34433333,0.55889833,0.7702237,11,4,2025,false,false
LU0231206078,2025-11-26,91.76,0.00306078,,,,,,,,91.48,93.39,93.19,92.44142857,92.39266667,0.66357104,0.66126613,11,4,2025,false,false
LU0231206078,2025-11-28,91.73,-0.00032694,,,,,,,,91.76,93.17,93.05,92.31857143,92.41233333,0.69786263,0.63277001,11,4,2025,false,false
LU0231206078,2025-12-01,91.11,-0.00675897,,,,,,,,91.73,92.5,92.2,92.23571429,92.42533333,0.72775304,0.61434373,12,4,2025,false,false
LU0231206078,2025-12-02,90.52,-0.00647569,,,,,,,,91.11,91.62,92.94,91.91,92.39466667,0.64360591,0.65493375,12,4,2025,false,false
LU0231206078,2025-12-03,89.05,-0.01623951,,,,,,,,90.52,91.48,93.29,91.53142857,92.33833333,0.56579725,0.73605291,12,4,2025,false,false
LU0231206078,2025-12-04,89.81,0.00853453,,,,,,,,89.05,91.76,93.26,91.03857143,92.22366667,0.90710574,0.94249486,12,4,2025,false,false
LU0231206078,2025-12-05,89.76,-0.00055673,,,,,,,,89.81,91.73,91.38,90.78,92.10066667,0.96089244,1.0065086,12,4,2025,false,false
LU0231206078,2025-12-08,88.23,-0.01704545,,,,,,,,89.76,91.11,91.62,90.53428571,92.00766667,0.97034393,1.08641822,12,4,2025,false,false
LU0231206078,2025-12-09,89.03,0.00906721,,,,,,,,88.23,90.52,91.59,90.03,91.86333333,1.10958165,1.27475314,12,4,2025,false,false
LU0231206078,2025-12-10,88.65,-0.00426822,,,,,,,,89.03,89.05,92.42,89.64428571,91.74866667,0.90133008,1.36644486,12,4,2025,false,false
LU0231206078,2025-12-11,88.94,0.00327129,,,,,,,,88.65,89.81,92.9,89.29285714,91.617,0.72333976,1.46483253,12,4,2025,false,false
LU0231206078,2025-12-12,89.2,0.00292332,,,,,,,,88.94,89.76,91.79,89.06714286,91.47533333,0.52434215,1.51065049,12,4,2025,false,false
LU0231206078,2025-12-15,89.0,-0.00224215,,,,,,,,89.2,88.23,92.14,89.08857143,91.347,0.52626524,1.5347685,12,4,2025,false,false
LU0231206078,2025-12-16,87.68,-0.01483146,,,,,,,,89.0,89.03,92.62,88.97285714,91.24033333,0.43627365,1.58224415,12,4,2025,false,false
LU0231206078,2025-12-17,88.09,0.00467609,,,,,,,,87.68,88.65,92.31,88.67571429,91.065,0.50230489,1.67301873,12,4,2025,false,false
LU0231206078,2025-12-18,88.67,0.00658418,,,,,,,,88.09,88.94,93.39,88.65571429,90.89166667,0.52205246,1.7026295,12,4,2025,false,false
LU0231206078,2025-12-19,90.57,0.02142777,,,,,,,,88.67,89.2,93.17,88.60428571,90.73866667,0.4999102,1.68911167,12,4,2025,false,false
LU0231206078,2025-12-22,89.67,-0.00993707,,,,,,,,90.57,89.0,92.5,88.87857143,90.71166667,0.85228145,1.68511342,12,4,2025,false,false
LU0231206078,2025-12-23,89.45,-0.00245344,,,,,,,,89.67,87.68,91.62,88.98285714,90.64666667,0.8969108,1.68643081,12,4,2025,false,false
LU0231206078,2025-12-24,89.2,-0.00279486,,,,,,,,89.45,88.09,91.48,89.01857143,90.57533333,0.90973196,1.69027559,12,4,2025,false,false
LU0231206078,2025-12-26,89.0,-0.00224215,,,,,,,,89.2,88.67,91.76,89.04714286,90.468,0.91183824,1.67186602,12,4,2025,false,false
LU0231206078,2025-12-29,88.5,-0.00561798,,,,,,,,89.0,90.57,91.73,89.23571429,90.338,0.72745853,1.62877746,12,4,2025,false,false
LU0231206078,2025-12-30,88.81,0.00350282,,,,,,,,88.5,89.67,91.11,89.29428571,90.22833333,0.64464513,1.63805389,12,4,2025,false,false
LU0231206078,2025-12-31,89.37,0.0063056,,,,,,,,88.81,89.45,90.52,89.31428571,90.11733333,0.62689387,1.61744847,12,4,2025,true,true
LU0231206078,2026-01-02,89.97,0.00671366,,,,,,,,89.37,89.2,89.05,89.14285714,90.009,0.37254776,1.55378323,1,1,2026,false,false
LU0231206078,2026-01-05,88.71,-0.01400467,,,,,,,,89.97,89.0,89.81,89.18571429,89.931,0.44158342,1.49389502,1,1,2026,false,false
LU0231206078,2026-01-06,88.91,0.00225454,,,,,,,,88.71,88.5,89.76,89.08,89.775,0.45406104,1.36317949,1,1,2026,false,false
LU0231206078,2026-01-07,89.25,0.00382409,,,,,,,,88.91,88.81,88.23,89.03857143,89.633,0.4544519,1.21607333,1,1,2026,false,false
LU0231206078,2026-01-08,88.72,-0.00593838,,,,,,,,89.25,89.37,89.03,89.07428571,89.52466667,0.45980919,1.09453105,1,1,2026,false,false
LU0231206078,2026-01-09,87.81,-0.01025699,,,,,,,,88.72,89.97,88.65,89.10571429,89.428,0.42573825,1.03145011,1,1,2026,false,false
LU0231206078,2026-01-12,87.6,-0.00239153,,,,,,,,87.81,88.71,88.94,88.96285714,89.30566667,0.62305043,0.99791343,1,1,2026,false,false
LU0231206078,2026-01-13,87.47,-0.00148402,,,,,,,,87.6,88.91,89.2,88.71,89.167,0.75227275,0.93423106,1,1,2026,false,false
LU0231206078,2026-01-14,87.89,0.00480165,,,,,,,,87.47,89.25,89.0,88.35285714,89.025,0.65667375,0.8541965,1,1,2026,false,false
LU0231206078,2026-01-15,87.88,-0.00011378,,,,,,,,87.89,88.72,87.68,88.23571429,88.91766667,0.65565359,0.7849615,1,1,2026,false,false
LU0231206078,2026-01-16,87.04,-0.00955849,,,,,,,,87.88,87.81,88.09,88.08857143,88.82966667,0.60112819,0.74748237,1,1,2026,false,false
LU0231206078,2026-01-20,84.14,-0.03331801,,,,,,,,87.04,87.6,88.67,87.77285714,88.76266667,0.47544608,0.812026,1,1,2026,false,false
LU0231206078,2026-01-21,83.95,-0.00225814,,,,,,,,84.14,87.47,90.57,87.11857143,88.57366667,1.24707004,1.13991369,1,1,2026,false,false
LU0231206078,2026-01-22,83.48,-0.00559857,,,,,,,,83.95,87.89,89.67,86.56714286,88.38,1.61773841,1.38837795,1,1,2026,false,false
LU0231206078,2026-01-23,81.03,-0.02934835,,,,,,,,83.48,87.88,89.45,85.97857143,88.22166667,1.86541017,1.64380875,1,1,2026,false,false
LU0231206078,2026-01-26,80.98,-0.00061706,,,,,,,,81.03,87.04,89.2,85.05857143,87.955,2.41120852,2.08163838,1,1,2026,false,false
LU0231206078,2026-01-27,80.28,-0.00864411,,,,,,,,80.98,84.14,89.0,84.07142857,87.69933333,2.46385545,2.42351801,1,1,2026,false,false
LU0231206078,2026-01-28,80.93,0.00809666,,,,,,,,80.28,83.95,88.5,82.98571429,87.41066667,2.20753163,2.75203311,1,1,2026,false,false
LU0231206078,2026-01-29,80.82,-0.0013592,,,,,,,,80.93,83.48,88.81,82.11285714,87.135,1.53845669,2.96495166,1,1,2026,false,false
LU0231206078,2026-01-30,81.79,0.01200198,,,,,,,,80.82,81.03,89.37,81.63857143,86.86233333,1.33926876,3.15118357,1,1,2026,false,false
LU0231206078,2026-02-02,83.21,0.01736154,,,,,,,,81.79,80.98,89.97,81.33,86.666,0.96873998,3.27517084,2,1,2026,false,false
LU0231206078,2026-02-03,84.03,0.00985458,,,,,,,,83.21,80.28,88.71,81.29142857,86.50333333,0.88403989,3.32126816,2,1,2026,false,false
LU0231206078,2026-02-04,84.86,0.00987742,,,,,,,,84.03,80.93,88.91,81.72,86.34866667,1.28821028,3.32480549,2,1,2026,false,false
LU0231206078,2026-02-05,85.08,0.00259251,,,,,,,,84.86,80.82,89.25,82.27428571,86.15833333,1.63784577,3.24005976,2,1,2026,false,false
LU0231206078,2026-02-06,84.9,-0.00211566,,,,,,,,85.08,81.79,88.72,82.96,86.00533333,1.66395398,3.17840813,2,1,2026,false,false
LU0231206078,2026-02-09,84.74,-0.00188457,,,,,,,,84.9,83.21,87.81,83.52714286,85.85366667,1.54791763,3.1184093,2,1,2026,false,false
LU0231206078,2026-02-10,85.88,0.01345291,,,,,,,,84.74,84.03,87.6,84.08714286,85.705,1.11608646,3.06111935,2,1,2026,false,false
LU0231206078,2026-02-11,85.61,-0.00314392,,,,,,,,85.88,84.86,87.47,84.67142857,85.601,0.78077669,2.9997926,2,1,2026,false,false
LU0231206078,2026-02-12,84.67,-0.01098003,,,,,,,,85.61,85.08,87.89,85.01428571,85.50466667,0.55928161,2.95115879,2,1,2026,false,false
LU0231206078,2026-02-13,83.62,-0.01240109,,,,,,,,84.67,84.9,87.88,85.10571429,85.36666667,0.42774683,2.88952284,2,1,2026,false,false
LU0231206078,2026-02-17,84.81,0.01423105,,,,,,,,83.62,84.74,87.04,84.92857143,85.175,0.67697707,2.80714772,2,1,2026,false,false
LU0231206078,2026-02-18,85.65,0.00990449,,,,,,,,84.81,85.88,84.14,84.89,85.003,0.67493915,2.66243016,2,1,2026,false,false
LU0231206078,2026-02-19,84.3,-0.01576182,,,,,,,,85.65,85.61,83.95,84.99714286,84.901,0.72564679,2.57565959,2,1,2026,false,false
LU0231206078,2026-02-20,84.78,0.00569395,,,,,,,,84.3,84.67,83.48,84.93428571,84.74733333,0.76327971,2.46712644,2,1,2026,false,false
LU0231206078,2026-02-23,84.41,-0.00436424,,,,,,,,84.78,83.62,81.03,84.77714286,84.59833333,0.65843352,2.32136753,2,1,2026,false,false
LU0231206078,2026-02-24,84.16,-0.00296173,,,,,,,,84.41,84.81,80.98,84.60571429,84.45466667,0.5694824,2.19157893,2,1,2026,false,false
LU0231206078,2026-02-25,84.05,-0.00130703,,,,,,,,84.16,85.65,80.28,84.53285714,84.333,0.58889034,2.10138867,2,1,2026,false,false
LU0231206078,2026-02-26,84.5,0.00535396,,,,,,,,84.05,84.3,80.93,84.59428571,84.21466667,0.50722937,2.01214435,2,1,2026,false,false
LU0231206078,2026-02-27,83.75,-0.00887574,,,,,,,,84.5,84.78,80.82,84.55,84.11566667,0.49994285,1.92052021,2,1,2026,false,false
LU0231206078,2026-03-02,82.66,-0.01301493,,,,,,,,83.75,84.41,81.79,84.27857143,83.97766667,0.30796236,1.78856308,3,1,2026,false,false
LU0231206078,2026-03-03,82.31,-0.00423421,,,,,,,,82.66,84.16,83.21,84.04428571,83.80366667,0.64353615,1.64892386,3,1,2026,false,false
LU0231206078,2026-03-04,80.87,-0.01749484,,,,,,,,82.31,84.05,84.03,83.69142857,83.646,0.80123884,1.55541977,3,1,2026,false,false
LU0231206078,2026-03-05,81.6,0.00902683,,,,,,,,80.87,84.5,84.86,83.18571429,83.537,1.20402726,1.62978148,3,1,2026,false,false
LU0231206078,2026-03-06,80.45,-0.01409314,,,,,,,,81.6,83.75,85.08,82.82,83.45866667,1.24078316,1.66416092,3,1,2026,false,false
LU0231206078,2026-03-09,79.32,-0.01404599,,,,,,,,80.45,82.66,84.9,82.30571429,83.35766667,1.3643089,1.74955744,3,1,2026,false,false
LU0231206078,2026-03-10,80.01,0.00869894,,,,,,,,79.32,82.31,84.74,81.56571429,83.30066667,1.37818573,1.84946647,3,1,2026,false,false
LU0231206078,2026-03-11,78.74,-0.01587302,,,,,,,,80.01,80.87,85.88,81.03142857,83.26833333,1.13052995,1.89760741,3,1,2026,false,false
LU0231206078,2026-03-12,77.83,-0.01155702,,,,,,,,78.74,81.6,85.61,80.47142857,83.217,1.155724,1.99602964,3,1,2026,false,false
LU0231206078,2026-03-13,77.48,-0.00449698,,,,,,,,77.83,80.45,84.67,79.83142857,83.11366667,1.19996939,2.18321702,3,1,2026,false,false
LU0231206078,2026-03-16,77.41,-0.00090346,,,,,,,,77.48,79.32,83.62,79.34714286,83.00233333,1.35690524,2.37415625,3,1,2026,false,false
LU0231206078,2026-03-17,77.7,0.00374629,,,,,,,,77.41,80.01,84.81,78.74857143,82.85633333,1.13750891,2.57075538,3,1,2026,false,false
LU0231206078,2026-03-18,77.28,-0.00540541,,,,,,,,77.7,78.74,85.65,78.35571429,82.67266667,0.93973943,2.73077636,3,1,2026,false,false
LU0231206078,2026-03-19,75.06,-0.02872671,,,,,,,,77.28,77.83,84.3,78.06428571,82.44766667,0.9114017,2.88348133,3,1,2026,false,false
LU0231206078,2026-03-20,74.59,-0.00626166,,,,,,,,75.06,77.48,84.78,77.35714286,82.121,1.03882783,3.13576609,3,1,2026,false,false
LU0231206078,2026-03-23,73.71,-0.01179783,,,,,,,,74.59,77.41,84.41,76.76428571,81.77133333,1.2443341,3.36295082,3,1,2026,false,false
LU0231206078,2026-03-24,73.77,0.000814,,,,,,,,73.71,77.7,84.16,76.17571429,81.39833333,1.54024912,3.60696464,3,1,2026,false,false
LU0231206078,2026-03-25,75.43,0.02250237,,,,,,,,73.77,77.28,84.05,75.64571429,81.03266667,1.63561135,3.80052271,3,1,2026,false,false
LU0231206078,2026-03-26,74.96,-0.00623094,,,,,,,,75.43,75.06,84.5,75.36285714,80.68433333,1.46873818,3.81912877,3,1,2026,false,false
LU0231206078,2026-03-27,73.13,-0.02441302,,,,,,,,74.96,74.59,83.75,74.97142857,80.32933333,1.11662027,3.83969351,3,1,2026,false,false
LU0231206078,2026-03-30,72.53,-0.00820457,,,,,,,,73.13,73.71,82.66,74.37857143,79.94466667,0.78639192,3.9616804,3,1,2026,false,false
LU0231206078,2026-03-31,73.42,0.01227078,,,,,,,,72.53,73.77,82.31,74.01714286,79.575,0.95374022,4.11589176,3,1,2026,true,true
LU0231206078,2026-04-01,73.09,-0.00449469,,,,,,,,73.42,75.43,80.87,73.85,79.19533333,0.94113913,4.14073804,4,2,2026,false,false
LU0231206078,2026-04-02,74.46,0.01874401,,,,,,,,73.09,74.96,81.6,73.76142857,78.77666667,0.97857664,4.10172836,4,2,2026,false,false
LU0231206078,2026-04-06,75.29,0.01114692,,,,,,,,74.46,73.13,80.45,73.86,78.44866667,1.00876162,4.03990159,4,2,2026,false,false
LU0231206078,2026-04-07,74.93,-0.00478151,,,,,,,,75.29,72.53,79.32,73.84,78.13233333,0.97836598,3.90091244,4,2,2026,false,false
LU0231206078,2026-04-08,77.85,0.03896971,,,,,,,,74.93,73.42,80.01,73.83571429,77.81633333,0.97350409,3.76104461,4,2,2026,false,false
LU0231206078,2026-04-09,76.96,-0.01143224,,,,,,,,77.85,73.09,78.74,74.51,77.606,1.65044583,3.57209332,4,2,2026,false,false
LU0231206078,2026-04-10,77.39,0.00558732,,,,,,,,76.96,74.46,77.83,75.14285714,77.36966667,1.61892128,3.36656153,4,2,2026,false,false
LU0231206078,2026-04-13,77.0,-0.00503941,,,,,,,,77.39,75.29,77.48,75.71,77.13266667,1.61139691,3.09561941,4,2,2026,false,false
LU0231206078,2026-04-14,76.85,-0.00194805,,,,,,,,77.0,74.93,77.41,76.26857143,76.90766667,1.2416513,2.841335,4,2,2026,false,false
LU0231206078,2026-04-15,78.05,0.01561483,,,,,,,,76.85,77.85,77.7,76.61,76.714,1.00306673,2.6330231,4,2,2026,false,false
LU0231206078,2026-04-16,78.21,0.00204997,,,,,,,,78.05,76.96,77.28,77.00428571,76.572,0.94762647,2.4348106,4,2,2026,false,false
LU0231206078,2026-04-17,79.77,0.0199463,,,,,,,,78.21,77.39,75.06,77.47285714,76.48333333,0.52100766,2.32252353,4,2,2026,false,false
LU0231206078,2026-04-20,78.79,-0.01228532,,,,,,,,79.77,77.0,74.59,77.74714286,76.42233333,0.96422751,2.20857221,4,2,2026,false,false
LU0231206078,2026-04-21,78.84,0.0006346,,,,,,,,78.79,76.85,73.71,78.00857143,76.367,0.96345255,2.12623008,4,2,2026,false,false
LU0231206078,2026-04-22,78.51,-0.00418569,,,,,,,,78.84,78.05,73.77,78.21571429,76.351,0.96406664,2.10565485,4,2,2026,false,false
LU0231206078,2026-04-23,77.58,-0.01184562,,,,,,,,78.51,78.21,75.43,78.43142857,76.301,0.82711942,2.03479295,4,2,2026,false,false
LU0231206078,2026-04-24,76.9,-0.00876515,,,,,,,,77.58,79.77,74.96,78.53571429,76.26233333,0.64771813,1.99878077,4,2,2026,false,false
LU0231206078,2026-04-27,77.23,0.00429129,,,,,,,,76.9,78.79,73.13,78.37142857,76.23133333,0.86085387,1.98136272,4,2,2026,false,false
LU0231206078,2026-04-28,76.6,-0.00815745,,,,,,,,77.23,78.84,72.53,78.23142857,76.223,0.95072046,1.97661352,4,2,2026,false,false
LU0231206078,2026-04-29,76.78,0.00234987,,,,,,,,76.6,78.51,73.42,77.77857143,76.196,0.8607211,1.96571717,4,2,2026,false,false
LU0231206078,2026-04-30,75.6,-0.01536859,,,,,,,,76.78,77.58,73.09,77.49142857,76.16533333,0.80913408,1.94912071,4,2,2026,true,false
LU0231206078,2026-05-01,75.64,0.0005291,,,,,,,,75.6,76.9,74.46,77.02857143,76.10933333,0.83170099,1.94040534,5,2,2026,false,false
LU0231206078,2026-05-04,75.87,0.00304072,,,,,,,,75.64,77.23,75.29,76.61857143,76.12866667,0.69681784,1.93272818,5,2,2026,false,false
LU0231206078,2026-05-05,76.07,0.00263609,,,,,,,,75.87,76.6,74.93,76.37428571,76.17133333,0.61145861,1.91231053,5,2,2026,false,false
LU0231206078,2026-05-06,77.68,0.02116472,,,,,,,,76.07,76.78,77.85,76.25571429,76.25,0.5775529,1.85718784,5,2,2026,false,false
LU0231206078,2026-05-07,77.75,0.00090113,,,,,,,,77.68,75.6,76.96,76.32,76.38033333,0.69543409,1.81529884,5,2,2026,false,false
LU0231206078,2026-05-08,77.46,-0.0037299,,,,,,,,77.75,75.64,77.39,76.48428571,76.45766667,0.85881741,1.82256904,5,2,2026,false,false
LU0231206078,2026-05-11,75.56,-0.02452879,,,,,,,,77.46,75.87,77.0,76.58142857,76.541,0.92284387,1.80929148,5,2,2026,false,false
LU0231206078,2026-05-12,74.32,-0.0164108,,,,,,,,75.56,76.07,76.85,76.57571429,76.622,0.92900649,1.70623054,5,2,2026,false,false
LU0231206078,2026-05-13,74.45,0.00174919,,,,,,,,74.32,77.68,78.05,76.38714286,76.68166667,1.19553591,1.5893879,5,2,2026,false,false
LU0231206078,2026-05-14,76.05,0.02149093,,,,,,,,74.45,77.75,78.21,76.18428571,76.716,1.37332607,1.52851911,5,2,2026,false,false
LU0231206078,2026-05-15,75.87,-0.00236686,,,,,,,,76.05,77.46,79.77,76.18142857,76.81466667,1.37358164,1.37955001,5,2,2026,false,false
LU0231206078,2026-05-18,75.09,-0.01028074,,,,,,,,75.87,75.56,78.79,75.92285714,76.86166667,1.23000249,1.32131773,5,2,2026,false,false
LU0231206078,2026-05-19,74.94,-0.0019976,,,,,,,,75.09,74.32,78.84,75.54285714,76.855,0.99532786,1.32970861,5,2,2026,false,false
LU0231206078,2026-05-20,75.22,0.00373632,,,,,,,,74.94,74.45,78.51,75.18285714,76.85533333,0.62284404,1.32922718,5,2,2026,false,false
LU0231206078,2026-05-21,75.54,0.00425419,,,,,,,,75.22,76.05,77.58,75.13428571,76.76766667,0.60452714,1.34733981,5,2,2026,false,false
LU0231206078,2026-05-22,75.74,0.0026476,,,,,,,,75.54,75.87,76.9,75.30857143,76.72033333,0.51368219,1.36458415,5,2,2026,false,false
LU0231206078,2026-05-26,76.28,0.00712965,,,,,,,,75.74,75.09,77.23,75.49285714,76.66533333,0.38883394,1.36972682,5,2,2026,false,false
LU0231206078,2026-05-27,76.71,0.00563713,,,,,,,,76.28,74.94,76.6,75.52571429,76.64133333,0.4407739,1.36996042,5,2,2026,false,false
LU0231206078,2026-05-28,76.8,0.00117325,,,,,,,,76.71,75.22,76.78,75.64571429,76.63666667,0.60275219,1.36948003,5,2,2026,false,false
LU0231206078,2026-05-29,76.25,-0.00716146,,,,,,,,76.8,75.54,75.6,75.89,76.595,0.67071391,1.34463564,5,2,2026,false,false
LU0231206078,2026-06-01,75.52,-0.00957377,,,,,,,,76.25,75.74,75.64,76.07714286,76.52966667,0.55174306,1.31179389,6,2,2026,false,false
LU0231206078,2026-06-02,75.5,-0.00026483,,,,,,,,75.52,76.28,75.87,76.12,76.388,0.49190591,1.1767424,6,2,2026,false,false
LU0231206078,2026-06-03,74.9,-0.00794702,,,,,,,,75.5,76.71,76.07,76.11428571,76.27833333,0.49879447,1.09848102,6,2,2026,false,false
LU0231206078,2026-06-04,75.55,0.00867824,,,,,,,,74.9,76.8,77.68,75.99428571,76.147,0.65193902,1.0168584,6,2,2026,false,false
LU0231206078,2026-06-05,75.84,0.00383852,,,,,,,,75.55,76.25,77.75,75.89,76.04833333,0.6562665,0.92196559,6,2,2026,false,false
LU0231206078,2026-06-08,74.62,-0.0160865,,,,,,,,75.84,75.52,77.46,75.76571429,75.99033333,0.56527761,0.87744129,6,2,2026,false,false
LU0231206078,2026-06-09,75.14,0.00696864,,,,,,,,74.62,75.5,75.56,75.45428571,75.91433333,0.5072012,0.89394513,6,2,2026,false,false
LU0231206078,2026-06-10,74.5,-0.00851743,,,,,,,,75.14,74.9,74.32,75.29571429,75.84466667,0.39467372,0.86981122,6,2,2026,false,false
LU0231206078,2026-06-11,74.39,-0.00147651,,,,,,,,74.5,75.55,74.45,75.15,75.77466667,0.46669048,0.8904633,6,2,2026,false,false
LU0231206078,2026-06-12,76.16,0.02379352,,,,,,,,74.39,75.84,76.05,74.99142857,75.695,0.50761145,0.90376896,6,2,2026,false,false
LU0231206078,2026-06-15,77.72,0.02048319,,,,,,,,76.16,74.62,75.87,75.17142857,75.71366667,0.64742189,0.90738997,6,2,2026,false,false
LU0231206078,2026-06-16,77.86,0.00180134,,,,,,,,77.72,75.14,75.09,75.48142857,75.783,1.10926525,0.97598548,6,2,2026,false,false
LU0231206078,2026-06-17,77.96,0.00128436,,,,,,,,77.86,74.5,74.94,75.77,75.84933333,1.391782,1.04484108,6,2,2026,false,false
LU0231206078,2026-06-18,79.04,0.01385326,,,,,,,,77.96,74.39,75.22,76.24714286,75.91233333,1.48513313,1.11112461,6,2,2026,false,false
LU0231206078,2026-06-22,79.22,0.00227733,,,,,,,,79.04,76.16,75.54,76.80428571,75.95766667,1.68356643,1.20601184,6,2,2026,false,false
LU0231206078,2026-06-23,78.71,-0.00643777,,,,,,,,79.22,77.72,75.74,77.47857143,76.00666667,1.56680228,1.30374162,6,2,2026,false,false
LU0231206078,2026-06-24,79.71,0.01270487,,,,,,,,78.71,77.86,76.28,78.09571429,76.04833333,0.96326613,1.36791833,6,2,2026,false,false
LU0231206078,2026-06-25,79.83,0.00150546,,,,,,,,79.71,77.96,76.71,78.60285714,76.18666667,0.71251495,1.51361892,6,2,2026,false,false
LU0231206078,2026-06-26,80.05,0.00275586,,,,,,,,79.83,79.04,76.8,78.90428571,76.37033333,0.72152333,1.6073653,6,2,2026,false,false
LU0231206078,2026-06-29,79.16,-0.01111805,,,,,,,,80.05,79.22,76.25,79.21714286,76.557,0.67412831,1.69622748,6,2,2026,false,false
LU0231206078,2026-06-30,79.16,0.0,,,,,,,,79.16,78.71,75.52,79.38857143,76.66066667,0.44693971,1.75605416,6,2,2026,true,true
LU0231206078,2026-07-01,79.49,0.00416877,,,,,,,,79.16,79.71,75.5,79.40571429,76.77033333,0.43539332,1.80529311,7,3,2026,false,false
LU0231206078,2026-07-02,79.67,0.00226444,,,,,,,,79.49,79.83,74.9,79.44428571,76.917,0.42914723,1.84119735,7,3,2026,false,false
LU0231206078,2026-07-06,80.37,0.00878624,,,,,,,,79.67,80.05,75.55,79.58142857,77.07466667,0.3092123,1.86748446,7,3,2026,false,false
LU0231206078,2026-07-07,80.33,-0.0004977,,,,,,,,80.37,79.16,75.84,79.67571429,77.24633333,0.41616814,1.92492681,7,3,2026,false,false
LU0231206078,2026-07-08,78.5,-0.02278103,,,,,,,,80.33,79.16,74.62,79.74714286,77.406,0.47523571,1.97478201,7,3,2026,false,false
LU0231206078,2026-07-09,79.5,0.01273885,,,,,,,,78.5,79.49,75.14,79.52571429,77.498,0.62121671,1.95925394,7,3,2026,false,false
LU0231206078,2026-07-10,79.96,0.00578616,,,,,,,,79.5,79.67,74.5,79.57428571,77.60533333,0.60377047,1.97770192,7,3,2026,false,false
LU0231206078,2026-07-13,79.71,-0.00312656,,,,,,,,79.96,80.37,74.39,79.68857143,77.71366667,0.59009512,2.01436422,7,3,2026,false,false
LU0231206078,2026-07-14,78.75,-0.01204366,,,,,,,,79.71,80.33,76.16,79.72,77.81066667,0.58451445,2.03795802,7,3,2026,false,false
LU0231206078,2026-07-15,78.36,-0.00495238,,,,,,,,78.75,78.5,77.72,79.58857143,77.894,0.67708258,2.02349961,7,3,2026,false,false
LU0231206078,2026-07-16,78.31,-0.00063808,,,,,,,,78.36,79.5,77.86,79.30142857,77.98866667,0.71019974,1.9760984,7,3,2026,false,false
LU0231206078,2026-07-17,78.83,0.00664028,,,,,,,,78.31,79.96,77.96,79.01285714,78.08233333,0.64061832,1.921766,7,3,2026,false,false
LU0231206078,2026-07-20,77.99,-0.01065584,,,,,,,,78.83,79.71,79.04,79.06,78.21333333,0.61267563,1.83223422,7,3,2026,false,false
LU0231206078,2026-07-21,78.88,0.01141172,,,,,,,,77.99,78.75,79.22,78.84428571,78.29466667,0.68171752,1.76513028,7,3,2026,false,false
LU0231206078,2026-07-22,77.66,-0.01546653,,,,,,,,78.88,78.36,78.71,78.69,78.396,0.51311374,1.7076272,7,3,2026,false,false
LU0231206078,2026-07-23,77.39,-0.00347669,,,,,,,,77.66,78.31,79.71,78.39714286,78.49733333,0.42479287,1.56477034,7,3,2026,false,false
LU0231206078,2026-07-24,77.72,0.00426412,,,,,,,,77.39,78.83,79.83,78.20285714,78.57233333,0.5194424,1.45190607,7,3,2026,false,false
LU0231206078,2026-07-27,79.87,0.02766341,,,,,,,,77.72,77.99,80.05,78.11142857,78.67966667,0.53966732,1.25217007,7,3,2026,false,false
LU0231206078,2026-07-28,81.05,0.01477401,,,,,,,,79.87,78.88,79.16,78.33428571,78.86233333,0.82324891,0.98408226,7,3,2026,false,false
LU0231206078,2026-07-29,81.0,-0.0006169,,,,,,,,81.05,77.66,79.16,78.65142857,79.02533333,1.26318677,0.92626034,7,3,2026,false,false
LU0231206078,2026-07-30,80.7,-0.0037037,,,,,,,,81.0,77.39,79.49,79.08142857,79.13466667,1.46157868,0.9587413,7,3,2026,false,false
LU0231206078,2026-07-31,80.68,-0.00024783,,,,,,,,80.7,77.72,79.67,79.34142857,79.22933333,1.56111159,0.96836953,7,3,2026,true,false
LU0231206078,2026-08-03,82.37,0.02094695,,,,,,,,80.68,79.87,80.37,79.77285714,79.32,1.45017944,0.97260475,8,3,2026,false,false
LU0231206078,2026-08-04,82.17,-0.00242807,,,,,,,,82.37,81.05,80.33,80.48428571,79.431,1.32262571,1.11405072,8,3,2026,false,false
LU0231206078,2026-08-05,82.03,-0.00170378,,,,,,,,82.17,81.0,78.5,81.12,79.52933333,0.81212244,1.21656328,8,3,2026,false,false
LU0231206078,2026-08-06,82.03,0.0,,,,,,,,82.03,80.7,79.5,81.42857143,79.64,0.67779956,1.2860197,8,3,2026,false,false
LU0231206078,2026-08-07,81.99,-0.00048763,,,,,,,,82.03,80.68,79.96,81.56857143,79.71733333,0.68630332,1.35576776,8,3,2026,false,false
LU0231206078,2026-08-10,81.69,-0.00365898,,,,,,,,81.99,82.37,79.71,81.71,79.78933333,0.65589633,1.41586236,8,3,2026,false,false
LU0231206078,2026-08-11,81.67,-0.00024483,,,,,,,,81.69,82.17,78.75,81.85142857,79.844,0.51432143,1.45596383,8,3,2026,false,false
LU0348825331,2025-07-08,60.7451,,,,,,,,,,,,,,,,7,3,2025,false,false
LU0348825331,2025-07-09,60.1203,-0.0102856,,,,,,,,60.7451,,,,,,,7,3,2025,false,false
LU0348825331,2025-07-10,60.3923,0.00452426,,,,,,,,60.1203,,,60.4327,60.4327,0.3124,0.3124,7,3,2025,false,false
LU0348825331,2025-07-11,60.6029,0.0034872,,,,,,,,60.3923,,,60.41923333,60.41923333,0.25578352,0.25578352,7,3,2025,false,false
LU0348825331,2025-07-14,61.058,0.00750954,,,,,,,,60.6029,,,60.46515,60.46515,0.23535915,0.23535915,7,3,2025,false,false
LU0348825331,2025-07-15,62.0564,0.01635167,,,,,,,,61.058,60.7451,,60.58372,60.58372,0.31709702,0.31709702,7,3,2025,false,false
LU0348825331,2025-07-16,62.0551,-2.095e-05,,,,,,,,62.0564,60.1203,,60.82916667,60.82916667,0.6204937,0.6204937,7,3,2025,false,false
LU0348825331,2025-07-17,62.233,0.00286681,,,,,,,,62.0551,60.3923,,61.0043,61.0043,0.71696636,0.71696636,7,3,2025,false,false
LU0348825331,2025-07-18,63.0608,0.01330162,,,,,,,,62.233,60.6029,,61.21685714,61.1578875,0.8215439,0.78416166,7,3,2025,false,false
LU0348825331,2025-07-21,63.5357,0.00753083,,,,,,,,63.0608,61.058,,61.63692857,61.36932222,0.90134885,0.9509066,7,3,2025,false,false
LU0348825331,2025-07-22,63.8612,0.0051231,,,,,,,,63.5357,62.0564,,62.08598571,61.58596,0.95106517,1.11184008,7,3,2025,false,false
LU0348825331,2025-07-23,64.7278,0.01357006,,,,,,,,63.8612,62.0551,,62.55145714,61.7928,0.90765567,1.2456466,7,3,2025,false,false
LU0348825331,2025-07-24,65.2136,0.00750528,,,,,,,,64.7278,62.233,,63.07571429,62.03738333,0.95236599,1.44234656,7,3,2025,false,false
LU0348825331,2025-07-25,64.4721,-0.01137033,,,,,,,,65.2136,63.0608,,63.52674286,62.28170769,1.09912778,1.62378211,7,3,2025,false,false
LU0348825331,2025-07-28,64.888,0.00645085,,,,,,,,64.4721,63.5357,,63.87202857,62.43816429,0.95243935,1.66329719,7,3,2025,false,false
LU0348825331,2025-07-29,65.118,0.00354457,,,,,,,,64.888,63.8612,,64.25131429,62.60148667,0.7259245,1.71917398,7,3,2025,false,false
LU0348825331,2025-07-30,64.244,-0.01342179,,,,,,,,65.118,64.7278,,64.5452,62.75876875,0.58773206,1.77254098,7,3,2025,false,false
LU0348825331,2025-07-31,63.0169,-0.01910062,,,,,,,,64.244,65.2136,,64.64638571,62.84613529,0.45007368,1.7547679,7,3,2025,true,false
LU0348825331,2025-08-01,62.3192,-0.01107163,,,,,,,,63.0169,64.4721,,64.52577143,62.85562222,0.69228779,1.70577641,8,3,2025,false,false
LU0348825331,2025-08-04,62.7853,0.00747924,,,,,,,,62.3192,64.888,,64.18168571,62.82738947,1.02498876,1.66459607,8,3,2025,false,false
LU0348825331,2025-08-05,63.6523,0.01380896,,,,,,,,62.7853,65.118,60.7451,63.83478571,62.825285,1.02795792,1.62247349,8,3,2025,false,false
LU0348825331,2025-08-06,63.9181,0.00417581,,,,,,,,63.6523,64.244,60.1203,63.71767143,62.86466667,0.99484411,1.5931369,8,3,2025,false,false
LU0348825331,2025-08-07,63.9421,0.00037548,,,,,,,,63.9181,63.0169,60.3923,63.57911429,62.91255,0.88350922,1.57189909,8,3,2025,false,false
LU0348825331,2025-08-08,63.6232,-0.00498732,,,,,,,,63.9421,62.3192,60.6029,63.41112857,62.95731304,0.65793777,1.55161846,8,3,2025,false,false
LU0348825331,2025-08-11,63.8135,0.00299105,,,,,,,,63.6232,62.7853,61.058,63.32244286,62.98505833,0.5764941,1.52476619,8,3,2025,false,false
LU0348825331,2025-08-12,63.9994,0.00291318,,,,,,,,63.8135,63.6523,62.0564,63.43624286,63.018196,0.58352937,1.50275413,8,3,2025,false,false
LU0348825331,2025-08-13,65.8285,0.02857996,,,,,,,,63.9994,63.9181,62.0551,63.67627143,63.05593462,0.38722657,1.48560375,8,3,2025,false,false
LU0348825331,2025-08-14,65.9646,0.00206749,,,,,,,,65.8285,63.9421,62.233,64.11101429,63.15862222,0.71362848,1.54901273,8,3,2025,false,false
LU0348825331,2025-08-18,66.3336,0.00559391,,,,,,,,65.9646,63.6232,63.0608,64.44134286,63.25883571,0.9278548,1.60776249,8,3,2025,false,false
LU0348825331,2025-08-19,66.498,0.00247838,,,,,,,,66.3336,63.8135,63.5357,64.78641429,63.36486207,1.10192919,1.6764636,8,3,2025,false,false
LU0348825331,2025-08-20,66.1896,-0.00463773,,,,,,,,66.498,63.9994,63.8612,65.15154286,63.4693,1.18219907,1.74159611,8,3,2025,false,false
LU0348825331,2025-08-21,66.0519,-0.00208039,,,,,,,,66.1896,65.8285,64.7278,65.51817143,63.65078333,1.04087722,1.73191023,8,3,2025,false,false
LU0348825331,2025-08-22,66.9123,0.01302612,,,,,,,,66.0519,65.9646,65.2136,65.83794286,63.84850333,0.7789336,1.65442481,8,3,2025,false,false
LU0348825331,2025-08-25,68.5994,0.0252136,,,,,,,,66.9123,66.3336,64.4721,66.25407143,64.06583667,0.33996332,1.61387876,8,3,2025,false,false
LU0348825331,2025-08-26,68.1719,-0.00623183,,,,,,,,68.5994,66.498,64.888,66.64991429,64.33238667,0.84782406,1.67896732,8,3,2025,false,false
LU0348825331,2025-08-27,67.2917,-0.01291148,,,,,,,,68.1719,66.1896,65.118,66.96524286,64.56951667,0.93978718,1.70197213,8,3,2025,false,false
LU0348825331,2025-08-28,66.834,-0.00680173,,,,,,,,67.2917,66.0519,64.244,67.10211429,64.74402667,0.90702533,1.70374282,8,3,2025,false,false
LU0348825331,2025-08-29,67.4011,0.0084852,,,,,,,,66.834,66.9123,63.0169,67.15011429,64.90332333,0.88234006,1.66791874,8,3,2025,false,false
LU0348825331,2025-09-01,69.1551,0.02602331,,,,,,,,67.4011,68.5994,62.3192,67.32318571,65.07559333,0.79105697,1.65001556,9,3,2025,false,false
LU0348825331,2025-09-02,68.6993,-0.00659098,,,,,,,,69.1551,68.1719,62.7853,67.7665,65.27873667,0.82327288,1.76088525,9,3,2025,false,false
LU0348825331,2025-09-03,68.648,-0.00074673,,,,,,,,68.6993,67.2917,63.6523,68.02178571,65.45085667,0.79540738,1.83298322,9,3,2025,false,false
LU0348825331,2025-09-04,67.3127,-0.0194514,,,,,,,,68.648,66.834,63.9181,68.02872857,65.61041667,0.80061395,1.89495611,9,3,2025,false,false
LU0348825331,2025-09-05,68.9376,0.02413958,,,,,,,,67.3127,67.4011,63.9421,67.90598571,65.69658,0.83440459,1.91155951,9,3,2025,false,false
LU0348825331,2025-09-08,69.5692,0.00916191,,,,,,,,68.9376,69.1551,63.6232,68.14111429,65.82071333,0.85969264,1.99524819,9,3,2025,false,false
LU0348825331,2025-09-09,70.2188,0.00933747,,,,,,,,69.5692,68.6993,63.8135,68.53185714,65.99061667,0.79602775,2.08803609,9,3,2025,false,false
LU0348825331,2025-09-10,70.7284,0.00725732,,,,,,,,70.2188,68.648,63.9994,68.93438571,66.16831,0.83397336,2.20991225,9,3,2025,false,false
LU0348825331,2025-09-11,70.9965,0.00379056,,,,,,,,70.7284,67.3127,65.8285,69.15914286,66.35532333,1.04776927,2.34629789,9,3,2025,false,false
LU0348825331,2025-09-12,71.8179,0.01156958,,,,,,,,70.9965,68.9376,65.9646,69.48731429,66.58040667,1.20090998,2.45435921,9,3,2025,false,false
LU0348825331,2025-09-15,71.9268,0.00151634,,,,,,,,71.8179,69.5692,66.3336,69.94015714,66.87377333,1.38290627,2.53552894,9,3,2025,false,false
LU0348825331,2025-09-16,72.1006,0.00241635,,,,,,,,71.9268,70.2188,66.498,70.59931429,67.19402667,1.02739685,2.54675797,9,3,2025,false,false
LU0348825331,2025-09-17,73.3554,0.01740346,,,,,,,,72.1006,70.7284,66.1896,71.05117143,67.50453667,0.882541,2.55815286,9,3,2025,false,false
LU0348825331,2025-09-18,72.7173,-0.00869875,,,,,,,,73.3554,70.9965,66.0519,71.59205714,67.82797333,0.96491886,2.66194739,9,3,2025,false,false
LU0348825331,2025-09-19,72.6926,-0.00033967,,,,,,,,72.7173,71.8179,66.9123,71.94898571,68.12128,0.84566365,2.69948427,9,3,2025,false,false
LU0348825331,2025-09-22,72.3473,-0.00475014,,,,,,,,72.6926,71.9268,68.5994,72.22958571,68.41296333,0.70892346,2.70490607,9,3,2025,false,false
LU0348825331,2025-09-23,72.1547,-0.00266216,,,,,,,,72.3473,72.1006,68.1719,72.42255714,68.70376667,0.50009967,2.64257249,9,3,2025,false,false
LU0348825331,2025-09-24,73.0011,0.01173035,,,,,,,,72.1547,73.3554,67.2917,72.47067143,68.98180667,0.45365658,2.55062558,9,3,2025,false,false
LU0348825331,2025-09-25,73.31,0.00423144,,,,,,,,73.0011,72.7173,66.834,72.62414286,69.28186333,0.42448524,2.47521076,9,3,2025,false,false
LU0348825331,2025-09-26,72.0926,-0.01660619,,,,,,,,73.31,72.6926,67.4011,72.79691429,69.53124667,0.42235177,2.49154874,9,3,2025,false,false
LU0348825331,2025-09-29,73.5291,0.01992576,,,,,,,,72.0926,72.3473,69.1551,72.61651429,69.73551333,0.4149028,2.44146316,9,3,2025,false,false
LU0348825331,2025-09-30,74.3501,0.01116565,,,,,,,,73.5291,72.1547,68.6993,72.73248571,69.97536333,0.5255636,2.44890938,9,3,2025,true,true
LU0348825331,2025-10-02,75.4414,0.01467786,,,,,,,,74.3501,73.0011,68.648,72.96927143,70.2371,0.77054085,2.48264508,10,4,2025,false,false
LU0348825331,2025-10-03,75.125,-0.00419398,,,,,,,,75.4414,73.31,67.3127,73.41128571,70.54549333,1.10279303,2.53479182,10,4,2025,false,false
LU0348825331,2025-10-06,74.6475,-0.00635607,,,,,,,,75.125,72.0926,68.9376,73.83561429,70.84793,1.10908541,2.52184158,10,4,2025,false,false
LU0348825331,2025-10-08,74.4495,-0.00265247,,,,,,,,74.6475,73.5291,69.5692,74.07081429,71.10577,1.08140148,2.50162383,10,4,2025,false,false
LU0348825331,2025-10-09,74.4166,-0.00044191,,,,,,,,74.4495,74.3501,70.2188,74.2336,71.30077333,1.0395792,2.52653586,10,4,2025,false,false
LU0348825331,2025-10-10,72.2857,-0.02863474,,,,,,,,74.4166,75.4414,70.7284,74.5656,71.50893,0.56607853,2.5174071,10,4,2025,false,false
LU0348825331,2025-10-13,70.8644,-0.01966226,,,,,,,,72.2857,75.125,70.9965,74.38797143,71.67539667,0.93700608,2.39518381,10,4,2025,false,false
LU0348825331,2025-10-14,69.5061,-0.01916759,,,,,,,,70.8644,74.6475,71.8179,73.89001429,71.80974333,1.55031125,2.22698815,10,4,2025,false,false
LU0348825331,2025-10-15,70.8841,0.0198256,,,,,,,,69.5061,74.4495,71.9268,73.04211429,71.87991,2.02144294,2.11744518,10,4,2025,false,false
LU0348825331,2025-10-16,70.955,0.00100022,,,,,,,,70.8841,74.4166,72.1006,72.43627143,71.93754333,1.94028402,2.06538635,10,4,2025,false,false
LU0348825331,2025-10-17,69.1313,-0.02570221,,,,,,,,70.955,72.2857,73.3554,71.90877143,72.01273333,1.76107735,1.98565009,10,4,2025,false,false
LU0348825331,2025-10-20,70.5716,0.02083427,,,,,,,,69.1313,70.8644,72.7173,71.14902857,72.02884333,1.64439896,1.96008188,10,4,2025,false,false
LU0348825331,2025-10-21,71.4012,0.01175544,,,,,,,,70.5716,69.5061,72.6926,70.59974286,72.13747333,0.9616008,1.7774998,10,4,2025,false,false
LU0348825331,2025-10-22,70.6255,-0.01086396,,,,,,,,71.4012,70.8841,72.3473,70.47338571,72.21959333,0.77097821,1.68211934,10,4,2025,false,false
LU0348825331,2025-10-23,70.68,0.00077168,,,,,,,,70.6255,70.955,72.1547,70.43925714,72.25480333,0.75809395,1.63671541,10,4,2025,false,false
LU0348825331,2025-10-24,71.5822,0.01276457,,,,,,,,70.68,69.1313,73.0011,70.60695714,72.27017667,0.65609853,1.6195959,10,4,2025,false,false
LU0348825331,2025-10-27,72.7437,0.0162261,,,,,,,,71.5822,70.5716,73.31,70.70668571,72.29863667,0.73852429,1.59963187,10,4,2025,false,false
LU0348825331,2025-10-28,72.1733,-0.00784123,,,,,,,,72.7437,71.4012,72.0926,70.96221429,72.35687667,1.03154739,1.58288163,10,4,2025,false,false
LU0348825331,2025-10-30,72.2138,0.00056115,,,,,,,,72.1733,70.6255,73.5291,71.39678571,72.36872333,0.77838159,1.58013103,10,4,2025,false,false
LU0348825331,2025-10-31,70.6938,-0.02104861,,,,,,,,72.2138,70.68,74.3501,71.63138571,72.37829,0.74089387,1.57829424,10,4,2025,true,false
LU0348825331,2025-11-03,70.9751,0.00397913,,,,,,,,70.6938,71.5822,75.4414,71.53032857,72.33139667,0.81038437,1.60649522,11,4,2025,false,false
LU0348825331,2025-11-04,70.3123,-0.00933849,,,,,,,,70.9751,72.7437,75.125,71.58027143,72.25205333,0.7624363,1.61272961,11,4,2025,false,false
LU0348825331,2025-11-05,70.2017,-0.00157298,,,,,,,,70.3123,72.1733,74.6475,71.52774286,72.17188667,0.83213254,1.64702046,11,4,2025,false,false
LU0348825331,2025-11-06,71.7701,0.02234134,,,,,,,,70.2017,72.2138,74.4495,71.33052857,72.08885667,0.95096054,1.6811104,11,4,2025,false,false
LU0348825331,2025-11-07,71.0786,-0.00963493,,,,,,,,71.7701,70.6938,74.4166,71.19144286,72.06961667,0.79201708,1.68134542,11,4,2025,false,false
LU0348825331,2025-11-10,71.7624,0.00962034,,,,,,,,71.0786,70.9751,72.2857,71.03505714,72.03374667,0.68332507,1.69060096,11,4,2025,false,false
LU0348825331,2025-11-11,71.8765,0.00158997,,,,,,,,71.7624,70.3123,70.8644,70.97057143,71.99245667,0.58297465,1.68157326,11,4,2025,false,false
LU0348825331,2025-11-12,72.0178,0.00196587,,,,,,,,71.8765,70.2017,69.5061,71.13952857,71.94467333,0.64623023,1.66372761,11,4,2025,false,false
LU0348825331,2025-11-13,72.7092,0.0096004,,,,,,,,72.0178,71.7701,70.8841,71.28848571,71.94218,0.70834827,1.66356009,11,4,2025,false,false
LU0348825331,2025-11-14,71.0712,-0.0225281,,,,,,,,72.7092,71.0786,70.955,71.6309,71.91485,0.73261359,1.64388323,11,4,2025,false,false
LU0348825331,2025-11-17,70.4758,-0.00837751,,,,,,,,71.0712,71.7624,69.1313,71.75511429,71.80555333,0.52368281,1.58633216,11,4,2025,false,false
LU0348825331,2025-11-18,69.0472,-0.02027079,,,,,,,,70.4758,71.8765,70.5716,71.57021429,71.64003333,0.68835313,1.45167086,11,4,2025,false,false
LU0348825331,2025-11-19,68.9276,-0.00173215,,,,,,,,69.0472,72.0178,71.4012,71.28001429,71.43744,1.12448175,1.37315839,11,4,2025,false,false
LU0348825331,2025-11-20,68.6565,-0.00393311,,,,,,,,68.9276,72.7092,70.6255,70.87504286,71.24677667,1.36299871,1.3098493,11,4,2025,false,false
LU0348825331,2025-11-21,66.6203,-0.02965779,,,,,,,,68.6565,71.0712,70.68,70.41504286,71.05367667,1.48526931,1.2490613,11,4,2025,false,false
LU0348825331,2025-11-24,67.8988,0.01919085,,,,,,,,66.6203,70.4758,71.5822,69.64397143,70.7938,1.81704467,1.33071563,11,4,2025,false,false
LU0348825331,2025-11-25,68.7871,0.01308271,,,,,,,,67.8988,69.0472,72.7437,68.95677143,70.64757,1.38645743,1.39806873,11,4,2025,false,false
LU0348825331,2025-11-26,68.871,0.00121971,,,,,,,,68.7871,68.9276,72.1733,68.63047143,70.57832667,1.08683866,1.43652799,11,4,2025,false,false
LU0348825331,2025-11-27,68.6597,-0.00306805,,,,,,,,68.871,68.6565,72.2138,68.40121429,70.55715667,0.80651211,1.45671124,11,4,2025,false,false
LU0348825331,2025-11-28,68.5686,-0.00132683,,,,,,,,68.6597,66.6203,70.6938,68.34585714,70.48301,0.77287024,1.49430861,11,4,2025,false,false
LU0348825331,2025-12-01,69.1847,0.00898516,,,,,,,,68.5686,67.8988,70.9751,68.29457143,70.40346333,0.74393519,1.53015367,12,4,2025,false,false
LU0348825331,2025-12-02,69.2025,0.00025728,,,,,,,,69.1847,68.7871,70.3123,68.37002857,70.40524333,0.80138782,1.52870313,12,4,2025,false,false
LU0348825331,2025-12-03,68.3411,-0.01244753,,,,,,,,69.2025,68.871,70.2017,68.73891429,70.35960667,0.40961288,1.5434208,12,4,2025,false,false
LU0348825331,2025-12-04,68.9866,0.00944527,,,,,,,,68.3411,68.6597,71.7701,68.8021,70.25760333,0.292525,1.572066,12,4,2025,false,false
LU0348825331,2025-12-05,69.6962,0.01028606,,,,,,,,68.9866,68.5686,71.0786,68.8306,70.20297333,0.29931485,1.58673999,12,4,2025,false,false
LU0348825331,2025-12-08,69.3441,-0.00505193,,,,,,,,69.6962,69.1847,71.7624,68.94848571,70.17018,0.42719643,1.58670851,12,4,2025,false,false
LU0348825331,2025-12-09,68.6133,-0.01053875,,,,,,,,69.3441,69.2025,71.8765,69.04625714,70.09557667,0.42823162,1.57110316,12,4,2025,false,false
LU0348825331,2025-12-10,68.6463,0.00048096,,,,,,,,68.6133,68.3411,72.0178,69.05264286,69.95789667,0.42133908,1.51290965,12,4,2025,false,false
LU0348825331,2025-12-11,68.2326,-0.00602654,,,,,,,,68.6463,68.9866,72.7092,68.97572857,69.84033,0.4389844,1.4726901,12,4,2025,false,false
LU0348825331,2025-12-12,69.3124,0.01582528,,,,,,,,68.2326,69.6962,71.0712,68.83717143,69.70762333,0.49502949,1.43163762,12,4,2025,false,false
LU0348825331,2025-12-15,67.4783,-0.02646135,,,,,,,,69.3124,69.3441,70.4758,68.97592857,69.66157667,0.47213192,1.42135659,12,4,2025,false,false
LU0348825331,2025-12-16,66.2751,-0.01783092,,,,,,,,67.4783,68.6133,69.0472,68.76045714,69.54501667,0.70489531,1.45191142,12,4,2025,false,false
LU0348825331,2025-12-17,66.8894,0.00926894,,,,,,,,66.2751,68.6463,68.9276,68.27172857,69.41044333,1.007652,1.55779475,12,4,2025,false,false
LU0348825331,2025-12-18,66.4532,-0.00652121,,,,,,,,66.8894,68.2326,68.6565,67.92105714,69.30003333,1.00054246,1.61416228,12,4,2025,false,false
LU0348825331,2025-12-19,67.0944,0.0096489,,,,,,,,66.4532,69.3124,66.6203,67.61247143,69.12280333,1.07014184,1.62507961,12,4,2025,false,false
LU0348825331,2025-12-22,67.6322,0.00801557,,,,,,,,67.0944,67.4783,67.8988,67.39077143,68.98999667,0.99081245,1.62261788,12,4,2025,false,false
LU0348825331,2025-12-23,67.6197,-0.00018482,,,,,,,,67.6322,66.2751,68.7871,67.305,68.85232333,0.9388504,1.55537173,12,4,2025,false,false
LU0348825331,2025-12-29,67.3845,-0.00347828,,,,,,,,67.6197,66.8894,68.871,67.06318571,68.71043,0.5113208,1.46452656,12,4,2025,false,false
LU0348825331,2025-12-30,67.8137,0.00636942,,,,,,,,67.3845,66.4532,68.6597,67.04978571,68.55598667,0.5013993,1.3472064,12,4,2025,false,false
LU0348825331,2025-12-31,67.3214,-0.0072596,,,,,,,,67.8137,67.0944,68.5686,67.26958571,68.39280333,0.44801971,1.10983328,12,4,2025,true,true
LU0348825331,2026-01-02,68.8842,0.02321402,,,,,,,,67.3214,67.6322,69.1847,67.3313,68.26781,0.4202949,1.00759274,1,1,2026,false,false
LU0348825331,2026-01-05,69.3689,0.00703645,,,,,,,,68.8842,67.6197,69.2025,67.67858571,68.21475667,0.53887738,0.92875492,1,1,2026,false,false
LU0348825331,2026-01-06,70.2972,0.01338208,,,,,,,,69.3689,67.3845,68.3411,68.00351429,68.22548,0.73771474,0.9400923,1,1,2026,false,false
LU0348825331,2026-01-07,70.0781,-0.00311677,,,,,,,,70.2972,67.8137,68.9866,68.38422857,68.27113333,1.06355721,1.00415355,1,1,2026,false,false
LU0348825331,2026-01-08,69.1993,-0.01254029,,,,,,,,70.0781,67.3214,69.6962,68.73542857,68.31852,1.15507476,1.05354935,1,1,2026,false,false
LU0348825331,2026-01-09,69.619,0.00606509,,,,,,,,69.1993,68.8842,69.3441,68.99468571,68.40448667,1.01833567,1.01602331,1,1,2026,false,false
LU0348825331,2026-01-12,70.4772,0.01232709,,,,,,,,69.619,69.3689,68.6133,69.25258571,68.46182667,0.90935668,1.0342435,1,1,2026,false,false
LU0348825331,2026-01-13,71.0812,0.00857015,,,,,,,,70.4772,70.2972,68.6463,69.70341429,68.51816333,0.55239531,1.09469175,1,1,2026,false,false
LU0348825331,2026-01-14,71.2553,0.00244931,,,,,,,,71.0812,70.0781,68.2326,70.01727143,68.59183667,0.61801772,1.18648404,1,1,2026,false,false
LU0348825331,2026-01-15,70.7757,-0.00673073,,,,,,,,71.2553,69.1993,69.3124,70.28675714,68.67835667,0.68427153,1.27928615,1,1,2026,false,false
LU0348825331,2026-01-16,70.8412,0.00092546,,,,,,,,70.7757,69.619,67.4783,70.35511429,68.75192667,0.70547247,1.33318688,1,1,2026,false,false
LU0348825331,2026-01-19,70.1877,-0.00922486,,,,,,,,70.8412,70.4772,66.2751,70.46412857,68.80714333,0.71316132,1.38332837,1,1,2026,false,false
LU0348825331,2026-01-20,70.0545,-0.00189777,,,,,,,,70.1877,71.0812,66.8894,70.60532857,68.83998333,0.52061129,1.40386606,1,1,2026,false,false
LU0348825331,2026-01-21,70.3041,0.00356294,,,,,,,,70.0545,71.2553,66.4532,70.66754286,68.89709667,0.41416466,1.417198,1,1,2026,false,false
LU0348825331,2026-01-22,70.5871,0.00402537,,,,,,,,70.3041,70.7757,67.0944,70.64281429,68.94101333,0.4296687,1.43952877,1,1,2026,false,false
LU0348825331,2026-01-23,70.6013,0.00020117,,,,,,,,70.5871,70.8412,67.6322,70.57222857,68.97071,0.39066829,1.46378653,1,1,2026,false,false
LU0348825331,2026-01-26,70.4622,-0.00197022,,,,,,,,70.6013,70.1877,67.6197,70.4788,69.01261667,0.27813365,1.49160818,1,1,2026,false,false
LU0348825331,2026-01-27,71.1996,0.01046519,,,,,,,,70.4622,70.0545,67.3845,70.43401429,69.07424667,0.25059755,1.51189439,1,1,2026,false,false
LU0348825331,2026-01-28,72.6268,0.02004506,,,,,,,,71.1996,70.3041,67.8137,70.48521429,69.15935667,0.34673274,1.55661402,1,1,2026,false,false
LU0348825331,2026-01-29,72.6826,0.00076831,,,,,,,,72.6268,70.5871,67.3214,70.83365714,69.30583,0.80085247,1.66545358,1,1,2026,false,false
LU0348825331,2026-01-30,71.2978,-0.0190527,,,,,,,,72.6826,70.6013,68.8842,71.2091,69.41817,0.94976352,1.77234301,1,1,2026,false,false
LU0348825331,2026-02-02,69.5836,-0.02404282,,,,,,,,71.2978,70.4622,69.3689,71.35105714,69.54548667,0.87522529,1.76559357,2,1,2026,false,false
LU0348825331,2026-02-03,69.8128,0.00329388,,,,,,,,69.5836,71.1996,70.2972,71.2077,69.65577,1.05278884,1.65791809,2,1,2026,false,false
LU0348825331,2026-02-04,69.6126,-0.00286767,,,,,,,,69.8128,72.6268,70.0781,71.09505714,69.75321667,1.14939466,1.5763645,2,1,2026,false,false
LU0348825331,2026-02-05,69.1583,-0.00652612,,,,,,,,69.6126,72.6826,69.1993,70.97368571,69.85853,1.25024629,1.45309655,2,1,2026,false,false
LU0348825331,2026-02-06,68.665,-0.00713291,,,,,,,,69.1583,71.2978,69.619,70.68207143,69.92732667,1.3934093,1.36690167,2,1,2026,false,false
LU0348825331,2026-02-09,70.2317,0.02281657,,,,,,,,68.665,69.5836,70.4772,70.1161,69.96175333,1.28926716,1.32089504,2,1,2026,false,false
LU0348825331,2026-02-10,70.8259,0.00846057,,,,,,,,70.2317,69.8128,71.0812,69.76597143,70.04882,0.77494512,1.24770657,2,1,2026,false,false
LU0348825331,2026-02-11,71.2148,0.00549093,,,,,,,,70.8259,69.6126,71.2553,69.69855714,70.16353333,0.64905608,1.15200736,2,1,2026,false,false
LU0348825331,2026-02-12,71.0236,-0.00268484,,,,,,,,71.2148,69.1583,70.7757,69.93158571,70.27690333,0.83277313,1.08030074,2,1,2026,false,false
LU0348825331,2026-02-13,69.7729,-0.01760964,,,,,,,,71.0236,68.665,70.8412,70.10455714,70.40031,0.91210345,0.93767746,2,1,2026,false,false
LU0348825331,2026-02-16,70.3633,0.00846174,,,,,,,,69.7729,70.2317,70.1877,70.12745714,70.42993333,0.90141419,0.90269777,2,1,2026,false,false
LU0348825331,2026-02-20,69.7411,-0.00884268,,,,,,,,70.3633,70.8259,70.0545,70.2996,70.46308,0.81035767,0.88112779,2,1,2026,false,false
LU0348825331,2026-02-23,71.1335,0.01996527,,,,,,,,69.7411,71.2148,70.3041,70.45332857,70.44454333,0.54397146,0.89022499,2,1,2026,false,false
LU0348825331,2026-02-24,69.9333,-0.0168725,,,,,,,,71.1335,71.0236,70.5871,70.58215714,70.47972333,0.58170574,0.89588444,2,1,2026,false,false
LU0348825331,2026-02-25,70.3869,0.00648618,,,,,,,,69.9333,69.7729,70.6013,70.45464286,70.50419,0.61137512,0.87023759,2,1,2026,false,false
LU0348825331,2026-02-26,69.3713,-0.01442882,,,,,,,,70.3869,70.3633,70.4622,70.33637143,70.52978667,0.52716087,0.85498428,2,1,2026,false,false
LU0348825331,2026-02-27,69.6418,0.00389931,,,,,,,,69.3713,69.7411,71.1996,70.10032857,70.49292333,0.53643748,0.87993376,2,1,2026,false,false
LU0348825331,2026-03-02,68.7943,-0.01216942,,,,,,,,69.6418,71.1335,72.6268,70.0816,70.44494333,0.54966741,0.88577239,3,1,2026,false,false
LU0348825331,2026-03-03,67.3083,-0.02160063,,,,,,,,68.7943,69.9333,72.6826,69.85745714,70.36291,0.69086345,0.92021452,3,1,2026,false,false
LU0348825331,2026-03-04,66.3574,-0.01412753,,,,,,,,67.3083,70.3869,71.2978,69.50991429,70.24733,1.13264589,1.06713522,3,1,2026,false,false
LU0348825331,2026-03-05,66.5357,0.00268696,,,,,,,,66.3574,69.3713,69.5836,68.82761429,70.09787,1.36401664,1.26849061,3,1,2026,false,false
LU0348825331,2026-03-06,67.2948,0.01140891,,,,,,,,66.5357,69.6418,69.8128,68.34224286,69.97613667,1.48348152,1.42019328,3,1,2026,false,false
LU0348825331,2026-03-09,66.6625,-0.00939597,,,,,,,,67.2948,68.7943,69.6126,67.90051429,69.88414667,1.25103767,1.49931127,3,1,2026,false,false
LU0348825331,2026-03-10,68.2383,0.02363848,,,,,,,,66.6625,67.3083,69.1583,67.51354286,69.76276,1.15120479,1.60414706,3,1,2026,false,false
LU0348825331,2026-03-11,68.1405,-0.00143321,,,,,,,,68.2383,66.3574,68.665,67.31304286,69.68446667,0.84441865,1.61925065,3,1,2026,false,false
LU0348825331,2026-03-12,67.6297,-0.00749628,,,,,,,,68.1405,66.5357,70.2317,67.21964286,69.60244,0.69906036,1.63299907,3,1,2026,false,false
LU0348825331,2026-03-13,66.9058,-0.01070388,,,,,,,,67.6297,67.2948,70.8259,67.26555714,69.50802333,0.71377543,1.6621839,3,1,2026,false,false
LU0348825331,2026-03-16,67.3637,0.00684395,,,,,,,,66.9058,66.6625,71.2148,67.3439,69.36489667,0.63561446,1.69490645,3,1,2026,false,false
LU0348825331,2026-03-17,67.0623,-0.00447422,,,,,,,,67.3637,68.2383,71.0236,67.46218571,69.18946,0.54475478,1.61887482,3,1,2026,false,false
LU0348825331,2026-03-18,67.5755,0.00765259,,,,,,,,67.0623,68.1405,69.7729,67.42897143,69.00211667,0.56079952,1.52635216,3,1,2026,false,false
LU0348825331,2026-03-19,65.5812,-0.02951218,,,,,,,,67.5755,67.6297,70.3633,67.5594,68.87804,0.46543123,1.48543765,3,1,2026,false,false
LU0348825331,2026-03-20,64.8294,-0.01146365,,,,,,,,65.5812,66.9058,69.7411,67.17981429,68.74462667,0.75215466,1.59199158,3,1,2026,false,false
LU0348825331,2026-03-23,62.5642,-0.03494094,,,,,,,,64.8294,67.3637,71.1335,66.7068,68.57851333,0.99967774,1.72620308,3,1,2026,false,false
LU0348825331,2026-03-24,64.3988,0.02932348,,,,,,,,62.5642,67.0623,69.9333,65.98315714,68.34356667,1.67499537,2.02352781,3,1,2026,false,false
LU0348825331,2026-03-25,65.2417,0.01308875,,,,,,,,64.3988,67.5755,70.3869,65.62501429,68.18491667,1.70714131,2.13683756,3,1,2026,false,false
LU0348825331,2026-03-26,63.8826,-0.02083177,,,,,,,,65.2417,65.5812,69.3713,65.32187143,68.07080667,1.55292134,2.19866364,3,1,2026,false,false
LU0348825331,2026-03-27,64.0428,0.00250773,,,,,,,,63.8826,64.8294,69.6418,64.86762857,67.85917,1.43820361,2.28437859,3,1,2026,false,false
LU0348825331,2026-03-30,63.6991,-0.00536672,,,,,,,,64.0428,62.5642,68.7943,64.36295714,67.63306667,0.92920313,2.31503116,3,1,2026,false,false
LU0348825331,2026-03-31,63.3422,-0.0056029,,,,,,,,63.6991,64.3988,67.3083,64.09408571,67.38254333,0.80129154,2.32052796,3,1,2026,true,true
LU0348825331,2026-04-01,64.955,0.0254617,,,,,,,,63.3422,65.2417,66.3574,63.88162857,67.12649667,0.77488761,2.32841709,4,2,2026,false,false
LU0348825331,2026-04-02,64.3553,-0.00923255,,,,,,,,64.955,63.8826,66.5357,64.22317143,66.9659,0.6328059,2.30639685,4,2,2026,false,false
LU0348825331,2026-04-08,66.5002,0.03332903,,,,,,,,64.3553,64.0428,67.2948,64.21695714,66.76563333,0.63126239,2.26313717,4,2,2026,false,false
LU0348825331,2026-04-09,66.253,-0.00371728,,,,,,,,66.5002,63.6991,66.6625,64.39674286,66.65760333,0.98025398,2.19484726,4,2,2026,false,false
LU0348825331,2026-04-10,66.8009,0.00826981,,,,,,,,66.253,63.3422,68.2383,64.73537143,66.49492,1.14048534,2.0318851,4,2,2026,false,false
LU0348825331,2026-04-13,66.2805,-0.00779031,,,,,,,,66.8009,64.955,68.1405,65.12938571,66.39050667,1.29862399,1.93046466,4,2,2026,false,false
LU0348825331,2026-04-14,67.0176,0.01112092,,,,,,,,66.2805,64.3553,67.6297,65.49815714,66.25362667,1.20311324,1.78213048,4,2,2026,false,false
LU0348825331,2026-04-15,67.1512,0.00199351,,,,,,,,67.0176,66.5002,66.9058,66.02321429,66.17517,0.91519948,1.6927175,4,2,2026,false,false
LU0348825331,2026-04-16,68.8662,0.02553938,,,,,,,,67.1512,66.253,67.3637,66.33695714,66.09215,0.87057933,1.57783731,4,2,2026,false,false
LU0348825331,2026-04-17,68.5445,-0.00467138,,,,,,,,68.8662,66.8009,67.0623,66.98137143,66.09454667,0.83397281,1.58198909,4,2,2026,false,false
LU0348825331,2026-04-20,68.8846,0.00496174,,,,,,,,68.5445,66.2805,67.5755,67.27341429,66.13575333,0.96239258,1.62848415,4,2,2026,false,false
LU0348825331,2026-04-21,69.0903,0.00298615,,,,,,,,68.8846,67.0176,65.5812,67.64935714,66.21999333,1.00347533,1.70149893,4,2,2026,false,false
LU0348825331,2026-04-22,68.6221,-0.00677664,,,,,,,,69.0903,67.1512,64.8294,67.97641429,66.30514667,1.04583606,1.77739899,4,2,2026,false,false
LU0348825331,2026-04-23,67.7512,-0.01269125,,,,,,,,68.6221,68.8662,62.5642,68.31092857,66.34939,0.79407606,1.81754917,4,2,2026,false,false
LU0348825331,2026-04-24,67.9181,0.00246343,,,,,,,,67.7512,68.5445,64.3988,68.41572857,66.38568,0.65220653,1.83423076,4,2,2026,false,false
LU0348825331,2026-04-27,67.7818,-0.00200683,,,,,,,,67.9181,68.8846,65.2417,68.52528571,66.37500667,0.46937585,1.82432423,4,2,2026,false,false
LU0348825331,2026-04-28,67.0536,-0.0107433,,,,,,,,67.7818,69.0903,63.8826,68.37037143,66.36305,0.50860527,1.81385941,4,2,2026,false,false
LU0348825331,2026-04-29,68.1482,0.01632425,,,,,,,,67.0536,68.6221,64.0428,68.15738571,66.34384667,0.67578326,1.80336697,4,2,2026,false,false
LU0348825331,2026-04-30,67.3252,-0.01207662,,,,,,,,68.1482,67.7512,63.6991,68.05218571,66.38526,0.60834149,1.82986721,4,2,2026,true,false
LU0348825331,2026-05-04,68.0116,0.01019529,,,,,,,,67.3252,67.9181,63.3422,67.80002857,66.38397667,0.47753832,1.82919393,5,2,2026,false,false
LU0348825331,2026-05-05,67.7043,-0.00451835,,,,,,,,68.0116,67.7818,64.955,67.71281429,66.41562,0.36095442,1.84876093,5,2,2026,false,false
LU0348825331,2026-05-06,68.791,0.01605068,,,,,,,,67.7043,67.0536,64.3553,67.70611429,66.41991333,0.36061484,1.85159689,5,2,2026,false,false
LU0348825331,2026-05-07,70.0881,0.01885566,,,,,,,,68.791,68.1482,66.5002,67.83081429,66.52690667,0.52555955,1.89233115,5,2,2026,false,false
LU0348825331,2026-05-08,69.7324,-0.00507504,,,,,,,,70.0881,67.3252,66.253,68.16028571,66.70219667,0.94616265,1.96897848,5,2,2026,false,false
LU0348825331,2026-05-11,70.0526,0.00459184,,,,,,,,69.7324,68.0116,66.8009,68.54297143,66.94113667,0.96275037,1.88549404,5,2,2026,false,false
LU0348825331,2026-05-12,70.1152,0.00089361,,,,,,,,70.0526,67.7043,66.2805,68.81502857,67.12959667,1.07525719,1.90442333,5,2,2026,false,false
LU0348825331,2026-05-13,70.6957,0.00827923,,,,,,,,70.1152,68.791,67.0176,69.2136,67.29204667,0.96006611,1.94390346,5,2,2026,false,false
LU0348825331,2026-05-15,68.976,-0.02432538,,,,,,,,70.6957,70.0881,67.1512,69.59704286,67.51915,0.93920224,1.93025104,5,2,2026,false,false
LU0348825331,2026-05-18,68.3713,-0.00876682,,,,,,,,68.976,69.7324,68.8662,69.77871429,67.68359,0.62642901,1.83486838,5,2,2026,false,false
LU0348825331,2026-05-19,68.5433,0.00251568,,,,,,,,68.3713,70.0526,68.5445,69.71875714,67.83933,0.72967356,1.68197696,5,2,2026,false,false
LU0348825331,2026-05-20,68.3745,-0.00246268,,,,,,,,68.5433,70.1152,68.8846,69.49807143,68.0127,0.8133998,1.46334179,5,2,2026,false,false
LU0348825331,2026-05-21,67.3805,-0.01453758,,,,,,,,68.3745,70.6957,69.0903,69.30408571,68.12668333,0.89246243,1.34947743,5,2,2026,false,false
LU0348825331,2026-05-22,68.3074,0.01375621,,,,,,,,67.3805,68.976,68.6221,68.92235714,68.22752333,1.04848978,1.16420325,5,2,2026,false,false
LU0348825331,2026-05-26,68.8843,0.00844564,,,,,,,,68.3074,68.3713,67.7512,68.6641,68.28776333,0.9398888,1.11915064,5,2,2026,false,false
LU0348825331,2026-05-27,68.3918,-0.00714967,,,,,,,,68.8843,68.5433,67.9181,68.40532857,68.37547333,0.48345299,1.05766642,5,2,2026,false,false
LU0348825331,2026-05-28,67.6191,-0.01129814,,,,,,,,68.3918,68.3745,67.7818,68.32187143,68.42850333,0.42457526,1.01647049,5,2,2026,false,false
LU0348825331,2026-05-29,67.8004,0.0026812,,,,,,,,67.6191,67.3805,67.0536,68.21441429,68.47312333,0.48879798,0.94829416,5,2,2026,false,false
LU0348825331,2026-06-01,67.626,-0.00257226,,,,,,,,67.8004,68.3074,68.1482,68.10828571,68.49921667,0.48651287,0.9181764,6,2,2026,false,false
LU0348825331,2026-06-02,69.4956,0.02764617,,,,,,,,67.626,68.8843,67.3252,68.00135714,68.51504333,0.49836258,0.89868944,6,2,2026,false,false
LU0348825331,2026-06-03,68.7041,-0.01138921,,,,,,,,69.4956,68.3918,68.0116,68.30351429,68.53602333,0.64881897,0.91386098,6,2,2026,false,false
LU0348825331,2026-06-04,68.0621,-0.00934442,,,,,,,,68.7041,67.6191,67.7043,68.36018571,68.54134333,0.6638346,0.91435926,6,2,2026,false,false
LU0348825331,2026-06-05,67.0105,-0.0154506,,,,,,,,68.0621,67.8004,68.791,68.24272857,68.51392667,0.63271757,0.91598552,6,2,2026,false,false
LU0348825331,2026-06-08,65.6201,-0.02074899,,,,,,,,67.0105,67.626,70.0881,68.0454,68.4446,0.75837379,0.9478886,6,2,2026,false,false
LU0348825331,2026-06-09,66.1694,0.00837091,,,,,,,,65.6201,69.4956,69.7324,67.75982857,68.34453333,1.14364123,1.0739441,6,2,2026,false,false
LU0348825331,2026-06-10,65.604,-0.00854474,,,,,,,,66.1694,68.7041,70.0526,67.52682857,68.29180667,1.27072537,1.13866055,6,2,2026,false,false
LU0348825331,2026-06-11,65.1573,-0.00680904,,,,,,,,65.604,68.0621,70.1152,67.23797143,68.21467,1.43460131,1.23561836,6,2,2026,false,false
LU0348825331,2026-06-12,66.5564,0.02147265,,,,,,,,65.1573,67.0105,70.6957,66.61821429,68.12718667,1.25072441,1.3507173,6,2,2026,false,false
LU0348825331,2026-06-15,67.6282,0.01610364,,,,,,,,66.5564,65.6201,68.976,66.3114,68.11061333,0.92150014,1.3667438,6,2,2026,false,false
LU0348825331,2026-06-16,67.1815,-0.00660523,,,,,,,,67.6282,66.1694,68.3713,66.24941429,68.09328,0.80943134,1.3694519,6,2,2026,false,false
LU0348825331,2026-06-17,67.1639,-0.00026198,,,,,,,,67.1815,65.604,68.5433,66.27384286,68.08849,0.83423264,1.37237826,6,2,2026,false,false
LU0348825331,2026-06-18,66.4214,-0.01105505,,,,,,,,67.1639,65.1573,68.3745,66.49438571,68.06023333,0.83631476,1.38236107,6,2,2026,false,false
LU0348825331,2026-06-22,66.5506,0.00194516,,,,,,,,66.4214,66.5564,67.3805,66.53038571,68.01747,0.82692165,1.41223097,6,2,2026,false,false
LU0348825331,2026-06-24,64.7865,-0.02650765,,,,,,,,66.5506,67.6282,68.3074,66.66561429,67.94279,0.73686659,1.42849496,6,2,2026,false,false
LU0348825331,2026-06-25,64.4081,-0.00584072,,,,,,,,64.7865,67.1815,68.8843,66.61264286,67.76607,0.84829437,1.47919852,6,2,2026,false,false
LU0348825331,2026-06-26,62.8086,-0.02483383,,,,,,,,64.4081,67.1639,68.3918,66.30574286,67.58859333,1.14858646,1.55032704,6,2,2026,false,false
LU0348825331,2026-06-29,63.9234,0.01774916,,,,,,,,62.8086,66.4214,67.6191,65.61722857,67.34712667,1.53052315,1.70424216,6,2,2026,false,false
LU0348825331,2026-06-30,64.3314,0.00638264,,,,,,,,63.9234,66.5506,67.8004,65.15178571,67.14073333,1.47856874,1.7312324,6,2,2026,true,true
LU0348825331,2026-07-02,63.6153,-0.01113142,,,,,,,,64.3314,64.7865,67.626,64.74714286,66.92859,1.24105005,1.67152017,7,3,2026,false,false
LU0348825331,2026-07-03,64.4771,0.01354706,,,,,,,,63.6153,64.4081,69.4956,64.34627143,66.7499,1.07799301,1.72865545,7,3,2026,false,false
LU0348825331,2026-07-06,65.0114,0.00828666,,,,,,,,64.4771,62.8086,68.7041,64.05005714,66.62009333,0.61856214,1.74812928,7,3,2026,false,false
LU0348825331,2026-07-07,64.3093,-0.01079964,,,,,,,,65.0114,63.9234,68.0621,64.08218571,66.50236333,0.66040465,1.73351318,7,3,2026,false,false
LU0348825331,2026-07-08,65.4089,0.01709862,,,,,,,,64.3093,64.3314,67.0105,64.06807143,66.36685667,0.65431604,1.74074513,7,3,2026,false,false
LU0348825331,2026-07-09,65.9281,0.00793776,,,,,,,,65.4089,63.6153,65.6201,64.43954286,66.30113667,0.56600381,1.73845183,7,3,2026,false,false
LU0348825331,2026-07-10,65.2545,-0.01021719,,,,,,,,65.9281,64.4771,66.1694,64.72592857,66.22182667,0.71890827,1.69893893,7,3,2026,false,false
LU0348825331,2026-07-13,64.5004,-0.01155629,,,,,,,,65.2545,65.0114,65.604,64.8578,66.10083333,0.7191074,1.63298887,7,3,2026,false,false
LU0348825331,2026-07-14,65.1661,0.01032087,,,,,,,,64.5004,64.3093,65.1573,64.98424286,65.97112,0.54665503,1.60007991,7,3,2026,false,false
LU0348825331,2026-07-15,65.7191,0.00848601,,,,,,,,65.1661,65.4089,66.5564,65.08267143,65.88935333,0.50707606,1.57627532,7,3,2026,false,false
LU0348825331,2026-07-16,65.7,-0.00029063,,,,,,,,65.7191,65.9281,67.6282,65.18377143,65.81997667,0.55140032,1.53592328,7,3,2026,false,false
LU0348825331,2026-07-17,63.4017,-0.03498174,,,,,,,,65.7,65.2545,67.1815,65.38244286,65.75577667,0.43977193,1.49889776,7,3,2026,false,false
LU0348825331,2026-07-20,64.9148,0.02386529,,,,,,,,63.4017,64.5004,67.1639,65.0957,65.55264667,0.81948481,1.3870638,7,3,2026,false,false
LU0348825331,2026-07-21,65.8672,0.01467154,,,,,,,,64.9148,65.1661,66.4214,64.95094286,65.42633667,0.74584948,1.26114952,7,3,2026,false,false
LU0348825331,2026-07-22,64.8437,-0.01553884,,,,,,,,65.8672,65.7191,66.5506,65.03847143,65.35317333,0.80956704,1.16621137,7,3,2026,false,false
LU0348825331,2026-07-23,65.7351,0.0137469,,,,,,,,64.8437,65.7,64.7865,65.08751429,65.28094667,0.78552714,1.12779726,7,3,2026,false,false
LU0348825331,2026-07-24,64.7805,-0.01452192,,,,,,,,65.7351,63.4017,64.4081,65.1688,65.28478,0.81821323,1.12913815,7,3,2026,false,false
LU0348825331,2026-07-27,65.6462,0.01336359,,,,,,,,64.7805,64.9148,62.8086,65.03471429,65.23848333,0.79358177,1.12035758,7,3,2026,false,false
LU0348825331,2026-07-28,65.0393,-0.00924501,,,,,,,,65.6462,65.8672,63.9234,65.02702857,65.23989,0.78733732,1.12084201,7,3,2026,false,false
LU0348825331,2026-07-29,66.0509,0.01555367,,,,,,,,65.0393,64.8437,64.3314,65.26097143,65.23595667,0.43336773,1.12133188,7,3,2026,false,false
LU0348825331,2026-07-30,65.6828,-0.00557297,,,,,,,,66.0509,65.7351,63.6153,65.42327143,65.21910667,0.48320605,1.10504299,7,3,2026,false,false
LU0348825331,2026-07-31,66.302,0.00942713,,,,,,,,65.6828,64.7805,64.4771,65.39692857,65.15426,0.46288559,1.01519667,7,3,2026,true,false
LU0348825331,2026-08-03,66.6511,0.0052653,,,,,,,,66.302,65.6462,65.0114,65.60525714,65.12494333,0.4941267,0.96782487,8,3,2026,false,false
LU0348825331,2026-08-04,66.892,0.00361434,,,,,,,,66.6511,65.0393,64.3093,65.73611429,65.10785,0.61715839,0.93565652,8,3,2026,false,false
LU0348825331,2026-08-05,67.8114,0.01374454,,,,,,,,66.892,66.0509,65.4089,66.03775714,65.12353667,0.59186697,0.96114496,8,3,2026,false,false
LU0348825331,2026-08-06,67.073,-0.01088902,,,,,,,,67.8114,65.6828,65.9281,66.34707143,65.16556333,0.82591164,1.04640817,8,3,2026,false,false
LU0348825331,2026-08-07,67.7055,0.00943002,,,,,,,,67.073,66.302,65.2545,66.6376,65.24178,0.65473752,1.09802031,8,3,2026,false,false
LU0348825331,2026-08-10,68.3744,0.00987955,,,,,,,,67.7055,66.6511,64.5004,66.87397143,65.35169333,0.69753258,1.17163594,8,3,2026,false,false
LU0348825331,2026-08-11,67.4085,-0.01412663,,,,,,,,68.3744,66.892,65.1661,67.25848571,65.53722,0.67647191,1.19469314,8,3,2026,false,false
LU0820561818,2025-07-08,8.333,,,,,,,,,,,,,,,,7,3,2025,false,false
LU0820561818,2025-07-09,8.343,0.00120005,,,,,,,,8.333,,,,,,,7,3,2025,false,false
LU0820561818,2025-07-11,8.3381,-0.00058732,,,,,,,,8.343,,,8.338,8.338,0.005,0.005,7,3,2025,false,false
LU0820561818,2025-07-14,8.3342,-0.00046773,,,,,,,,8.3381,,,8.33803333,8.33803333,0.00408276,0.00408276,7,3,2025,false,false
LU0820561818,2025-07-15,8.3015,-0.00392359,,,,,,,,8.3342,,,8.337075,8.337075,0.003906,0.003906,7,3,2025,false,false
LU0820561818,2025-07-16,8.2748,-0.00321629,,,,,,,,8.3015,8.333,,8.32996,8.32996,0.01465259,0.01465259,7,3,2025,false,false
LU0820561818,2025-07-17,8.3046,0.0036013,,,,,,,,8.2748,8.343,,8.32076667,8.32076667,0.02452554,0.02452554,7,3,2025,false,false
LU0820561818,2025-07-18,8.3327,0.00338367,,,,,,,,8.3046,8.3381,,8.31845714,8.31845714,0.02340036,0.02340036,7,3,2025,false,false
LU0820561818,2025-07-21,8.349,0.00195615,,,,,,,,8.3327,8.3342,,8.31841429,8.3202375,0.02337394,0.02239012,7,3,2025,false,false
LU0820561818,2025-07-22,8.3187,-0.00362918,,,,,,,,8.349,8.3015,,8.31927143,8.32343333,0.02434946,0.0229635,7,3,2025,false,false
LU0820561818,2025-07-23,8.3339,0.00182721,,,,,,,,8.3187,8.2748,,8.3165,8.32296,0.02312179,0.02183132,7,3,2025,false,false
LU0820561818,2025-07-24,8.3614,0.00329978,,,,,,,,8.3339,8.3046,,8.31645714,8.32395455,0.0230892,0.0210516,7,3,2025,false,false
LU0820561818,2025-07-25,8.3657,0.00051427,,,,,,,,8.3614,8.3327,,8.32501429,8.327075,0.02676711,0.0226572,7,3,2025,false,false
LU0820561818,2025-07-28,8.3885,0.00272541,,,,,,,,8.3657,8.349,,8.338,8.33004615,0.02059404,0.0240789,7,3,2025,false,false
LU0820561818,2025-07-29,8.3961,0.000906,,,,,,,,8.3885,8.3187,,8.34998571,8.33422143,0.02203208,0.02765877,7,3,2025,false,false
LU0820561818,2025-07-30,8.3759,-0.00240588,,,,,,,,8.3961,8.3339,,8.35904286,8.33834667,0.02577761,0.0308586,7,3,2025,false,false
LU0820561818,2025-07-31,8.4085,0.00389212,,,,,,,,8.3759,8.3614,,8.36288571,8.34069375,0.02599816,0.0312309,7,3,2025,true,false
LU0820561818,2025-08-01,8.2806,-0.0152108,,,,,,,,8.4085,8.3657,,8.37571429,8.34468235,0.02301431,0.03424234,8,3,2025,false,false
LU0820561818,2025-08-04,8.3367,0.00677487,,,,,,,,8.2806,8.3885,,8.3681,8.34112222,0.03891393,0.0363712,8,3,2025,false,false
LU0820561818,2025-08-05,8.3661,0.00352658,,,,,,,,8.3367,8.3961,,8.36457143,8.34088947,0.04045098,0.03541489,8,3,2025,false,false
LU0820561818,2025-08-06,8.3458,-0.00242646,,,,,,,,8.3661,8.3759,8.333,8.36462857,8.34215,0.04045282,0.03495273,8,3,2025,false,false
LU0820561818,2025-08-07,8.3874,0.00498454,,,,,,,,8.3458,8.4085,8.343,8.35852857,8.34232381,0.03960378,0.03411923,8,3,2025,false,false
LU0820561818,2025-08-08,8.3766,-0.00128765,,,,,,,,8.3874,8.2806,8.3381,8.35728571,8.34437273,0.03852708,0.03463187,8,3,2025,false,false
LU0820561818,2025-08-11,8.3845,0.0009431,,,,,,,,8.3766,8.3367,8.3342,8.35738571,8.34577391,0.03857614,0.03450237,8,3,2025,false,false
LU0820561818,2025-08-12,8.3772,-0.00087065,,,,,,,,8.3845,8.3661,8.3015,8.35395714,8.3473875,0.03475847,0.03465107,8,3,2025,false,false
LU0820561818,2025-08-13,8.4307,0.00638638,,,,,,,,8.3772,8.3458,8.2748,8.36775714,8.34858,0.01805918,0.03444994,8,3,2025,false,false
LU0820561818,2025-08-14,8.4194,-0.00134034,,,,,,,,8.4307,8.3874,8.3046,8.38118571,8.35173846,0.02395802,0.03729007,8,3,2025,false,false
LU0820561818,2025-08-18,8.3554,-0.00760149,,,,,,,,8.4194,8.3766,8.3327,8.3888,8.35424444,0.02630812,0.03875985,8,3,2025,false,false
LU0820561818,2025-08-19,8.3557,3.59e-05,,,,,,,,8.3554,8.3845,8.349,8.39017143,8.35428571,0.02419626,0.03806202,8,3,2025,false,false
LU0820561818,2025-08-20,8.2973,-0.00698924,,,,,,,,8.3557,8.3772,8.3187,8.38564286,8.35433448,0.0270852,0.03740092,8,3,2025,false,false
LU0820561818,2025-08-21,8.2996,0.0002772,,,,,,,,8.2973,8.4307,8.3339,8.37431429,8.35243333,0.04133416,0.0381709,8,3,2025,false,false
LU0820561818,2025-08-22,8.3147,0.00181936,,,,,,,,8.2996,8.4194,8.3614,8.36218571,8.35132,0.04841539,0.03919483,8,3,2025,false,false
LU0820561818,2025-08-25,8.3706,0.00672303,,,,,,,,8.3147,8.3554,8.3657,8.35325714,8.35037667,0.05053963,0.03972076,8,3,2025,false,false
LU0820561818,2025-08-26,8.3655,-0.00060928,,,,,,,,8.3706,8.3557,8.3885,8.34467143,8.35146,0.04082568,0.03981424,8,3,2025,false,false
LU0820561818,2025-08-27,8.3836,0.00216365,,,,,,,,8.3655,8.2973,8.3961,8.33697143,8.35250333,0.02952383,0.03975834,8,3,2025,false,false
LU0820561818,2025-08-28,8.4014,0.00212319,,,,,,,,8.3836,8.2996,8.3759,8.341,8.35524,0.03342924,0.03897125,8,3,2025,false,false
LU0820561818,2025-08-29,8.403,0.00019044,,,,,,,,8.4014,8.3147,8.4085,8.34752857,8.35946,0.03956245,0.03682782,8,3,2025,false,false
LU0820561818,2025-09-02,8.3528,-0.00597406,,,,,,,,8.403,8.3706,8.2806,8.36262857,8.36274,0.03763436,0.03617182,9,3,2025,false,false
LU0820561818,2025-09-03,8.3722,0.00232257,,,,,,,,8.3528,8.3655,8.3367,8.37022857,8.36341,0.02837024,0.03579336,9,3,2025,false,false
LU0820561818,2025-09-04,8.3878,0.00186331,,,,,,,,8.3722,8.3836,8.3661,8.37844286,8.36418333,0.0172471,0.03572423,9,3,2025,false,false
LU0820561818,2025-09-05,8.4325,0.00532917,,,,,,,,8.3878,8.4014,8.3458,8.3809,8.36648667,0.01717981,0.03493636,9,3,2025,false,false
LU0820561818,2025-09-08,8.4343,0.00021346,,,,,,,,8.4325,8.403,8.3874,8.39047143,8.36977333,0.02345249,0.03632643,9,3,2025,false,false
LU0820561818,2025-09-09,8.4417,0.00087737,,,,,,,,8.4343,8.3528,8.3766,8.39771429,8.37220333,0.02766289,0.03808093,9,3,2025,false,false
LU0820561818,2025-09-10,8.4805,0.00459623,,,,,,,,8.4417,8.3722,8.3845,8.40347143,8.37473667,0.03172605,0.04004151,9,3,2025,false,false
LU0820561818,2025-09-11,8.4924,0.00140322,,,,,,,,8.4805,8.3878,8.3772,8.41454286,8.37780333,0.04161205,0.04427715,9,3,2025,false,false
LU0820561818,2025-09-12,8.5039,0.00135415,,,,,,,,8.4924,8.4325,8.4307,8.43448571,8.38101333,0.04068427,0.04875192,9,3,2025,false,false
LU0820561818,2025-09-15,8.4657,-0.00449206,,,,,,,,8.5039,8.4343,8.4194,8.4533,8.38528,0.03788603,0.05348874,9,3,2025,false,false
LU0820561818,2025-09-16,8.4702,0.00053156,,,,,,,,8.4657,8.4417,8.3554,8.46442857,8.38718667,0.02684361,0.0552722,9,3,2025,false,false
LU0820561818,2025-09-17,8.4668,-0.00040141,,,,,,,,8.4702,8.4805,8.3557,8.46981429,8.39350667,0.02346696,0.05353588,9,3,2025,false,false
LU0820561818,2025-09-18,8.4819,0.00178344,,,,,,,,8.4668,8.4924,8.2973,8.47445714,8.39784333,0.01871522,0.05402574,9,3,2025,false,false
LU0820561818,2025-09-19,8.4978,0.00187458,,,,,,,,8.4819,8.5039,8.2996,8.4802,8.40170333,0.01311117,0.0557298,9,3,2025,false,false
LU0820561818,2025-09-22,8.5062,0.00098849,,,,,,,,8.4978,8.4657,8.3147,8.48267143,8.40677,0.01449253,0.05730433,9,3,2025,false,false
LU0820561818,2025-09-23,8.5252,0.00223366,,,,,,,,8.5062,8.4702,8.3706,8.48464286,8.41073,0.01648366,0.05987606,9,3,2025,false,false
LU0820561818,2025-09-24,8.4954,-0.00349552,,,,,,,,8.5252,8.4668,8.3655,8.48768571,8.41568333,0.02108218,0.06291707,9,3,2025,false,false
LU0820561818,2025-09-25,8.4274,-0.00800433,,,,,,,,8.4954,8.4819,8.3836,8.49192857,8.41938,0.01912864,0.06422074,9,3,2025,false,false
LU0820561818,2025-09-26,8.4525,0.00297838,,,,,,,,8.4274,8.4978,8.4014,8.48581429,8.42105333,0.02925613,0.0637522,9,3,2025,false,false
LU0820561818,2025-09-29,8.4815,0.00343094,,,,,,,,8.4525,8.5062,8.403,8.48377143,8.42178,0.03096204,0.06398184,9,3,2025,false,false
LU0820561818,2025-09-30,8.4725,-0.00106113,,,,,,,,8.4815,8.5252,8.3528,8.48371429,8.42385,0.03096581,0.06486975,9,3,2025,true,true
LU0820561818,2025-10-01,8.4725,0.0,,,,,,,,8.4725,8.4954,8.3722,8.4801,8.42775333,0.03058496,0.06415265,10,4,2025,false,false
LU0820561818,2025-10-02,8.5071,0.0040838,,,,,,,,8.4725,8.4274,8.3878,8.47528571,8.43164667,0.02869143,0.06319882,10,4,2025,false,false
LU0820561818,2025-10-03,8.5233,0.00190429,,,,,,,,8.5071,8.4525,8.4325,8.4727,8.43864,0.02460052,0.05944176,10,4,2025,false,false
LU0820561818,2025-10-06,8.5252,0.00022292,,,,,,,,8.5233,8.4815,8.4343,8.47668571,8.44609667,0.02968927,0.05542768,10,4,2025,false,false
LU0820561818,2025-10-07,8.54,0.00173603,,,,,,,,8.5252,8.4725,8.4417,8.49065714,8.45311333,0.02598988,0.05153707,10,4,2025,false,false
LU0820561818,2025-10-08,8.5257,-0.00167447,,,,,,,,8.54,8.4725,8.4805,8.50315714,8.45876,0.02567188,0.05146726,10,4,2025,false,false
LU0820561818,2025-10-09,8.5356,0.00116119,,,,,,,,8.5257,8.5071,8.4924,8.50947143,8.4641,0.02499535,0.04979774,10,4,2025,false,false
LU0820561818,2025-10-10,8.5345,-0.00012887,,,,,,,,8.5356,8.5233,8.5039,8.51848571,8.46916667,0.02111326,0.04907691,10,4,2025,false,false
LU0820561818,2025-10-14,8.4332,-0.01186947,,,,,,,,8.5345,8.5252,8.4657,8.52734286,8.47360333,0.01009255,0.04876539,10,4,2025,false,false
LU0820561818,2025-10-15,8.4772,0.00521747,,,,,,,,8.4332,8.54,8.4702,8.51678571,8.47461,0.03461203,0.04759521,10,4,2025,false,false
LU0820561818,2025-10-16,8.4777,5.898e-05,,,,,,,,8.4772,8.5257,8.4668,8.5102,8.47875667,0.03704619,0.04187772,10,4,2025,false,false
LU0820561818,2025-10-17,8.4378,-0.00470647,,,,,,,,8.4777,8.5356,8.4819,8.50341429,8.48227333,0.03801479,0.03691796,10,4,2025,false,false
LU0820561818,2025-10-20,8.4794,0.0049302,,,,,,,,8.4378,8.5345,8.4978,8.48881429,8.48394,0.04069129,0.03359435,10,4,2025,false,false
LU0820561818,2025-10-21,8.4914,0.00141519,,,,,,,,8.4794,8.4332,8.5062,8.4822,8.48550333,0.03781968,0.03222764,10,4,2025,false,false
LU0820561818,2025-10-22,8.4939,0.00029442,,,,,,,,8.4914,8.4772,8.5252,8.47588571,8.48740667,0.03154654,0.03080202,10,4,2025,false,false
LU0820561818,2025-10-23,8.4747,-0.00226045,,,,,,,,8.4939,8.4777,8.4954,8.47008571,8.48914667,0.0227398,0.02962272,10,4,2025,false,false
LU0820561818,2025-10-24,8.5332,0.0069029,,,,,,,,8.4747,8.4378,8.4274,8.47601429,8.48895333,0.01704778,0.02969736,10,4,2025,false,false
LU0820561818,2025-10-27,8.5873,0.00633994,,,,,,,,8.5332,8.4794,8.4525,8.48401429,8.49031333,0.02633626,0.03073998,10,4,2025,false,false
LU0820561818,2025-10-28,8.6109,0.00274824,,,,,,,,8.5873,8.4914,8.4815,8.49967143,8.49309333,0.04434803,0.03527906,10,4,2025,false,false
LU0820561818,2025-10-29,8.6329,0.0025549,,,,,,,,8.6109,8.4939,8.4725,8.5244,8.49793333,0.05075211,0.04072821,10,4,2025,false,false
LU0820561818,2025-10-30,8.5892,-0.00506203,,,,,,,,8.6329,8.4747,8.4725,8.54632857,8.50335667,0.05905404,0.0470206,10,4,2025,false,false
LU0820561818,2025-10-31,8.5949,0.00066362,,,,,,,,8.5892,8.5332,8.5071,8.5603,8.50743667,0.05589028,0.04894262,10,4,2025,true,false
LU0820561818,2025-11-03,8.5871,-0.00090751,,,,,,,,8.5949,8.5873,8.5233,8.57472857,8.51120333,0.04956522,0.05113168,11,4,2025,false,false
LU0820561818,2025-11-04,8.5397,-0.00551991,,,,,,,,8.5871,8.6109,8.5252,8.59078571,8.51418,0.02813104,0.05283569,11,4,2025,false,false
LU0820561818,2025-11-05,8.5333,-0.00074944,,,,,,,,8.5397,8.6329,8.54,8.59171429,8.51529667,0.02625993,0.05300896,11,4,2025,false,false
LU0820561818,2025-11-06,8.5304,-0.00033985,,,,,,,,8.5333,8.5892,8.5257,8.584,8.51556667,0.03338789,0.05307929,11,4,2025,false,false
LU0820561818,2025-11-07,8.4564,-0.00867486,,,,,,,,8.5304,8.5949,8.5356,8.5725,8.51673333,0.03591032,0.05300781,11,4,2025,false,false
LU0820561818,2025-11-10,8.5682,0.01322076,,,,,,,,8.4564,8.5871,8.5345,8.54728571,8.5177,0.04536769,0.05161604,11,4,2025,false,false
LU0820561818,2025-11-12,8.591,0.002661,,,,,,,,8.5682,8.5397,8.4332,8.54428571,8.52155667,0.04313631,0.05091806,11,4,2025,false,false
LU0820561818,2025-11-13,8.5374,-0.00623909,,,,,,,,8.591,8.5333,8.4772,8.54372857,8.52520667,0.04249947,0.05183231,11,4,2025,false,false
LU0820561818,2025-11-14,8.4489,-0.01036615,,,,,,,,8.5374,8.5304,8.4777,8.53662857,8.52737,0.03863665,0.05093392,11,4,2025,false,false
LU0820561818,2025-11-17,8.3984,-0.00597711,,,,,,,,8.4489,8.4564,8.4378,8.52365714,8.52658333,0.04922049,0.05194747,11,4,2025,false,false
LU0820561818,2025-11-18,8.322,-0.00909697,,,,,,,,8.3984,8.5682,8.4794,8.50438571,8.52296,0.06541652,0.05674907,11,4,2025,false,false
LU0820561818,2025-11-19,8.3701,0.00577986,,,,,,,,8.322,8.591,8.4914,8.47461429,8.51625,0.08971279,0.06724279,11,4,2025,false,false
LU0820561818,2025-11-20,8.4391,0.00824363,,,,,,,,8.3701,8.5374,8.4939,8.46228571,8.51108,0.09700236,0.07214006,11,4,2025,false,false
LU0820561818,2025-11-21,8.2946,-0.01712268,,,,,,,,8.4391,8.4489,8.4747,8.44384286,8.50771667,0.08685372,0.07305957,11,4,2025,false,false
LU0820561818,2025-11-24,8.3632,0.00827044,,,,,,,,8.2946,8.3984,8.5332,8.4015,8.50001333,0.07641313,0.08235008,11,4,2025,false,false
LU0820561818,2025-11-25,8.4042,0.00490243,,,,,,,,8.3632,8.322,8.5873,8.37661429,8.49426667,0.05282822,0.08561675,11,4,2025,false,false
LU0820561818,2025-11-26,8.4759,0.00853145,,,,,,,,8.4042,8.3701,8.6109,8.37022857,8.48992333,0.04595969,0.08676293,11,4,2025,false,false
LU0820561818,2025-11-28,8.5209,0.00530917,,,,,,,,8.4759,8.4391,8.6329,8.3813,8.49134667,0.05891985,0.08616893,11,4,2025,false,false
LU0820561818,2025-12-01,8.5113,-0.00112664,,,,,,,,8.5209,8.2946,8.5892,8.40971429,8.49280333,0.0703267,0.08628676,12,4,2025,false,false
LU0820561818,2025-12-02,8.5254,0.00165662,,,,,,,,8.5113,8.3632,8.5949,8.42988571,8.49392333,0.07608554,0.08630151,12,4,2025,false,false
LU0820561818,2025-12-03,8.4938,-0.00370657,,,,,,,,8.5254,8.4042,8.5871,8.44221429,8.49684333,0.08323563,0.08583389,12,4,2025,false,false
LU0820561818,2025-12-04,8.513,0.00226047,,,,,,,,8.4938,8.4759,8.5397,8.47067143,8.49732333,0.05818644,0.08577524,12,4,2025,false,false
LU0820561818,2025-12-05,8.5385,0.00299542,,,,,,,,8.513,8.5209,8.5333,8.49207143,8.49804333,0.03916178,0.08581315,12,4,2025,false,false
LU0820561818,2025-12-08,8.5372,-0.00015225,,,,,,,,8.5385,8.5113,8.5304,8.51125714,8.49953,0.01924688,0.0861143,12,4,2025,false,false
LU0820561818,2025-12-09,8.5246,-0.00147589,,,,,,,,8.5372,8.5254,8.4564,8.52001429,8.50161333,0.0145366,0.08624431,12,4,2025,false,false
LU0820561818,2025-12-10,8.5128,-0.00138423,,,,,,,,8.5246,8.4938,8.5682,8.52054286,8.50132667,0.01462619,0.08615309,12,4,2025,false,false
LU0820561818,2025-12-11,8.507,-0.00068133,,,,,,,,8.5128,8.513,8.591,8.52075714,8.49884333,0.01449964,0.08470062,12,4,2025,false,false
LU0820561818,2025-12-12,8.5404,0.00392618,,,,,,,,8.507,8.5385,8.5374,8.51812857,8.49538,0.01507607,0.0821332,12,4,2025,false,false
LU0820561818,2025-12-15,8.4247,-0.01354737,,,,,,,,8.5404,8.5372,8.4489,8.52478571,8.49229667,0.01301059,0.07857177,12,4,2025,false,false
LU0820561818,2025-12-16,8.402,-0.00269446,,,,,,,,8.4247,8.5246,8.3984,8.51217143,8.48681333,0.03770058,0.07734829,12,4,2025,false,false
LU0820561818,2025-12-17,8.3959,-0.00072602,,,,,,,,8.402,8.5128,8.322,8.49267143,8.48038333,0.05173025,0.07610365,12,4,2025,false,false
LU0820561818,2025-12-18,8.3877,-0.00097667,,,,,,,,8.3959,8.507,8.3701,8.47248571,8.47401,0.05764647,0.07489624,12,4,2025,false,false
LU0820561818,2025-12-19,8.4288,0.00490003,,,,,,,,8.3877,8.5404,8.4391,8.45292857,8.46894333,0.0598297,0.07542049,12,4,2025,false,false
LU0820561818,2025-12-22,8.4825,0.00637101,,,,,,,,8.4288,8.4247,8.2946,8.44092857,8.46546,0.05483319,0.07477816,12,4,2025,false,false
LU0820561818,2025-12-23,8.486,0.00041261,,,,,,,,8.4825,8.402,8.3632,8.43742857,8.46386333,0.05116326,0.0738805,12,4,2025,false,false
LU0820561818,2025-12-29,8.4945,0.00100165,,,,,,,,8.486,8.3959,8.4042,8.42965714,8.46485,0.03714269,0.07397184,12,4,2025,false,false
LU0820561818,2025-12-30,8.4942,-3.532e-05,,,,,,,,8.4945,8.3877,8.4759,8.43962857,8.46239333,0.04332778,0.07168725,12,4,2025,false,false
LU0820561818,2025-12-31,8.4784,-0.00186009,,,,,,,,8.4942,8.4288,8.5209,8.4528,8.45916667,0.04389728,0.06790471,12,4,2025,true,true
LU0820561818,2026-01-02,8.4993,0.00246509,,,,,,,,8.4784,8.4825,8.5113,8.46458571,8.4572,0.03767195,0.06644921,1,1,2026,false,false
LU0820561818,2026-01-05,8.5111,0.00138835,,,,,,,,8.4993,8.486,8.5254,8.48052857,8.45888,0.02219612,0.06685401,1,1,2026,false,false
LU0820561818,2026-01-06,8.5433,0.00378329,,,,,,,,8.5111,8.4945,8.4938,8.49228571,8.46263667,0.01028055,0.06651553,1,1,2026,false,false
LU0820561818,2026-01-07,8.5814,0.00445964,,,,,,,,8.5433,8.4942,8.513,8.50097143,8.47001333,0.01970654,0.06266975,1,1,2026,false,false
LU0820561818,2026-01-08,8.5479,-0.00390379,,,,,,,,8.5814,8.4784,8.5385,8.5146,8.47705667,0.03308621,0.0629182,1,1,2026,false,false
LU0820561818,2026-01-09,8.5646,0.0019537,,,,,,,,8.5479,8.4993,8.5372,8.52222857,8.48068333,0.03372238,0.06375591,1,1,2026,false,false
LU0820561818,2026-01-12,8.5707,0.00071223,,,,,,,,8.5646,8.5111,8.5246,8.53228571,8.48968333,0.03435551,0.05535626,1,1,2026,false,false
LU0820561818,2026-01-13,8.5972,0.00309193,,,,,,,,8.5707,8.5433,8.5128,8.54547143,8.4966,0.02832731,0.05198075,1,1,2026,false,false
LU0820561818,2026-01-14,8.5557,-0.00482715,,,,,,,,8.5972,8.5814,8.507,8.55945714,8.50303333,0.02616404,0.05208996,1,1,2026,false,false
LU0820561818,2026-01-15,8.5427,-0.00151945,,,,,,,,8.5557,8.5479,8.5404,8.56582857,8.50569333,0.01766123,0.05267074,1,1,2026,false,false
LU0820561818,2026-01-16,8.537,-0.00066724,,,,,,,,8.5427,8.5646,8.4247,8.56574286,8.50642,0.01777147,0.05302471,1,1,2026,false,false
LU0820561818,2026-01-20,8.4759,-0.00715708,,,,,,,,8.537,8.5707,8.402,8.5594,8.50727667,0.01893659,0.05330351,1,1,2026,false,false
LU0820561818,2026-01-21,8.4855,0.00113262,,,,,,,,8.4759,8.5972,8.3959,8.54911429,8.50562667,0.03507052,0.05348279,1,1,2026,false,false
LU0820561818,2026-01-22,8.5287,0.00509104,,,,,,,,8.4855,8.5557,8.3877,8.53781429,8.50535,0.04057221,0.05356466,1,1,2026,false,false
LU0820561818,2026-01-23,8.5189,-0.00114906,,,,,,,,8.5287,8.5427,8.4288,8.53181429,8.50587333,0.03830764,0.05371334,1,1,2026,false,false
LU0820561818,2026-01-26,8.5455,0.00312247,,,,,,,,8.5189,8.537,8.4825,8.52062857,8.50522,0.02748499,0.05343097,1,1,2026,false,false
LU0820561818,2026-01-27,8.5649,0.0022702,,,,,,,,8.5455,8.4759,8.486,8.51917143,8.50549667,0.02580613,0.05361702,1,1,2026,false,false
LU0820561818,2026-01-28,8.5927,0.00324581,,,,,,,,8.5649,8.4855,8.4945,8.52234286,8.50684,0.02958957,0.05457509,1,1,2026,false,false
LU0820561818,2026-01-29,8.5714,-0.00247885,,,,,,,,8.5927,8.5287,8.4942,8.5303,8.50950333,0.03858364,0.05670886,1,1,2026,false,false
LU0820561818,2026-01-30,8.5575,-0.00162167,,,,,,,,8.5714,8.5189,8.4784,8.54394286,8.51165,0.03348312,0.05778221,1,1,2026,false,false
LU0820561818,2026-02-02,8.5379,-0.00229039,,,,,,,,8.5575,8.5455,8.4993,8.55422857,8.51222,0.0235296,0.0581462,2,1,2026,false,false
LU0820561818,2026-02-03,8.5596,0.00254161,,,,,,,,8.5379,8.5649,8.5111,8.55554286,8.51599333,0.02229131,0.05597678,2,1,2026,false,false
LU0820561818,2026-02-04,8.5215,-0.00445114,,,,,,,,8.5596,8.5927,8.5433,8.56135714,8.52124667,0.01654188,0.05230715,2,1,2026,false,false
LU0820561818,2026-02-05,8.4539,-0.00793288,,,,,,,,8.5215,8.5714,8.5814,8.55792857,8.52543333,0.02128143,0.04684854,2,1,2026,false,false
LU0820561818,2026-02-06,8.4907,0.00435302,,,,,,,,8.4539,8.5575,8.5479,8.54207143,8.52764,0.04171929,0.04157084,2,1,2026,false,false
LU0820561818,2026-02-09,8.5639,0.0086212,,,,,,,,8.4907,8.5379,8.5646,8.5275,8.52970333,0.03923005,0.03799628,2,1,2026,false,false
LU0820561818,2026-02-10,8.5785,0.00170483,,,,,,,,8.5639,8.5596,8.5707,8.52642857,8.53241667,0.03810267,0.03743079,2,1,2026,false,false
LU0820561818,2026-02-11,8.5778,-8.16e-05,,,,,,,,8.5785,8.5215,8.5972,8.52942857,8.5355,0.04113687,0.0372898,2,1,2026,false,false
LU0820561818,2026-02-12,8.5828,0.0005829,,,,,,,,8.5778,8.4539,8.5557,8.53512857,8.53827667,0.04453938,0.03723478,2,1,2026,false,false
LU0820561818,2026-02-13,8.4919,-0.01059095,,,,,,,,8.5828,8.4907,8.5427,8.53844286,8.54123,0.04703056,0.03713524,2,1,2026,false,false
LU0820561818,2026-02-17,8.4275,-0.0075837,,,,,,,,8.4919,8.5639,8.537,8.53421429,8.54168,0.04962305,0.03644656,2,1,2026,false,false
LU0820561818,2026-02-18,8.5067,0.0093978,,,,,,,,8.4275,8.5785,8.4759,8.53044286,8.53928667,0.05615682,0.04119859,2,1,2026,false,false
LU0820561818,2026-02-19,8.4806,-0.00306817,,,,,,,,8.5067,8.5778,8.4855,8.53272857,8.53914,0.05480195,0.04130636,2,1,2026,false,false
LU0820561818,2026-02-20,8.4936,0.00153291,,,,,,,,8.4806,8.5828,8.5287,8.52082857,8.53705,0.05577664,0.04260871,2,1,2026,false,false
LU0820561818,2026-02-23,8.4969,0.00038853,,,,,,,,8.4936,8.4919,8.5189,8.5087,8.53412333,0.05093823,0.04247708,2,1,2026,false,false
LU0820561818,2026-02-24,8.4732,-0.00278925,,,,,,,,8.4969,8.4275,8.5455,8.49714286,8.53242333,0.04241357,0.04291004,2,1,2026,false,false
LU0820561818,2026-02-25,8.5542,0.00955955,,,,,,,,8.4732,8.5067,8.5649,8.48148571,8.52937667,0.02423831,0.04375376,2,1,2026,false,false
LU0820561818,2026-02-26,8.5126,-0.00486311,,,,,,,,8.5542,8.4806,8.5927,8.49038571,8.52882667,0.03532888,0.04333254,2,1,2026,false,false
LU0820561818,2026-02-27,8.4495,-0.00741254,,,,,,,,8.5126,8.4936,8.5714,8.50254286,8.52600667,0.02461474,0.04150545,2,1,2026,false,false
LU0820561818,2026-03-02,8.445,-0.00053258,,,,,,,,8.4495,8.4969,8.5575,8.49437143,8.52246667,0.03063624,0.04331155,3,1,2026,false,false
LU0820561818,2026-03-03,8.3597,-0.01010065,,,,,,,,8.445,8.4732,8.5379,8.48928571,8.51921,0.03512608,0.04529541,3,1,2026,false,false
LU0820561818,2026-03-04,8.4126,0.00632798,,,,,,,,8.3597,8.5542,8.5596,8.47015714,8.5133,0.0571332,0.05342576,3,1,2026,false,false
LU0820561818,2026-03-05,8.4287,0.0019138,,,,,,,,8.4126,8.5126,8.5215,8.45811429,8.51119,0.05907846,0.05604686,3,1,2026,false,false
LU0820561818,2026-03-06,8.3149,-0.01350149,,,,,,,,8.4287,8.4495,8.4539,8.45175714,8.50929667,0.05950579,0.05781424,3,1,2026,false,false
LU0820561818,2026-03-09,8.2807,-0.0041131,,,,,,,,8.3149,8.445,8.4907,8.41757143,8.50217,0.05957141,0.06737074,3,1,2026,false,false
LU0820561818,2026-03-10,8.4033,0.01480551,,,,,,,,8.2807,8.3597,8.5639,8.38444286,8.49423,0.06194712,0.07811151,3,1,2026,false,false
LU0820561818,2026-03-11,8.3946,-0.00103531,,,,,,,,8.4033,8.4126,8.5785,8.37784286,8.48949,0.05692145,0.07916394,3,1,2026,false,false
LU0820561818,2026-03-12,8.2999,-0.01128106,,,,,,,,8.3946,8.4287,8.5778,8.37064286,8.48381333,0.05083334,0.0796573,3,1,2026,false,false
LU0820561818,2026-03-13,8.2824,-0.00210846,,,,,,,,8.2999,8.3149,8.5828,8.3621,8.47405333,0.05664695,0.08356009,3,1,2026,false,false
LU0820561818,2026-03-16,8.2643,-0.00218536,,,,,,,,8.2824,8.2807,8.4919,8.3435,8.46442,0.05836126,0.08830614,3,1,2026,false,false
LU0820561818,2026-03-17,8.2979,0.00406568,,,,,,,,8.2643,8.4033,8.4275,8.32001429,8.45464667,0.05209169,0.09353392,3,1,2026,false,false
LU0820561818,2026-03-18,8.2835,-0.00173538,,,,,,,,8.2979,8.3946,8.5067,8.31758571,8.44664667,0.05266662,0.09629403,3,1,2026,false,false
LU0820561818,2026-03-19,8.2207,-0.00758134,,,,,,,,8.2835,8.2999,8.4806,8.31798571,8.43744333,0.05239489,0.09823332,3,1,2026,false,false
LU0820561818,2026-03-20,8.1787,-0.00510905,,,,,,,,8.2207,8.2824,8.4936,8.2919,8.42741667,0.04875493,0.10430559,3,1,2026,false,false
LU0820561818,2026-03-23,8.2436,0.00793525,,,,,,,,8.1787,8.2643,8.4969,8.26105714,8.41824333,0.04182835,0.11328781,3,1,2026,false,false
LU0820561818,2026-03-24,8.1963,-0.00573778,,,,,,,,8.2436,8.2979,8.4732,8.25301429,8.41000667,0.03889629,0.11665317,3,1,2026,false,false
LU0820561818,2026-03-25,8.2525,0.00685675,,,,,,,,8.1963,8.2835,8.5542,8.24071429,8.39775333,0.04120404,0.11912485,3,1,2026,false,false
LU0820561818,2026-03-26,8.1692,-0.01009391,,,,,,,,8.2525,8.2207,8.5126,8.23902857,8.38688667,0.0404389,0.11699125,3,1,2026,false,false
LU0820561818,2026-03-27,8.0599,-0.01337952,,,,,,,,8.1692,8.1787,8.4495,8.22064286,8.37326667,0.03871337,0.11775441,3,1,2026,false,false
LU0820561818,2026-03-30,8.0211,-0.00481396,,,,,,,,8.0599,8.2436,8.445,8.1887,8.35583667,0.06004272,0.12398431,3,1,2026,false,false
LU0820561818,2026-03-31,8.0636,0.00529853,,,,,,,,8.0211,8.1963,8.3597,8.16018571,8.34014333,0.08160025,0.13506915,3,1,2026,true,true
LU0820561818,2026-04-01,8.1953,0.01633266,,,,,,,,8.0636,8.2525,8.4126,8.14374286,8.32801333,0.08758967,0.14279837,4,2,2026,false,false
LU0820561818,2026-04-02,8.1561,-0.00478323,,,,,,,,8.1953,8.1692,8.4287,8.13684286,8.31763333,0.08111463,0.14073531,4,2,2026,false,false
LU0820561818,2026-04-07,8.22,0.00783463,,,,,,,,8.1561,8.0599,8.3149,8.1311,8.30681667,0.07806764,0.14026376,4,2,2026,false,false
LU0820561818,2026-04-08,8.4038,0.0223601,,,,,,,,8.22,8.0211,8.2807,8.12645714,8.29769667,0.07139053,0.13667133,4,2,2026,false,false
LU0820561818,2026-04-09,8.4249,0.00251077,,,,,,,,8.4038,8.0636,8.4033,8.15997143,8.29459333,0.12124704,0.13312382,4,2,2026,false,false
LU0820561818,2026-04-10,8.4456,0.002457,,,,,,,,8.4249,8.1953,8.3946,8.21211429,8.29298333,0.14345065,0.13123266,4,2,2026,false,false
LU0820561818,2026-04-13,8.4299,-0.00185896,,,,,,,,8.4456,8.1561,8.2999,8.27275714,8.28936333,0.13955688,0.12534285,4,2,2026,false,false
LU0820561818,2026-04-14,8.505,0.00890877,,,,,,,,8.4299,8.22,8.2824,8.32508571,8.28660667,0.11838923,0.12124532,4,2,2026,false,false
LU0820561818,2026-04-15,8.4863,-0.00219871,,,,,,,,8.505,8.4038,8.2643,8.36932857,8.28845667,0.11948393,0.12410635,4,2,2026,false,false
LU0820561818,2026-04-16,8.5064,0.00236852,,,,,,,,8.4863,8.4249,8.2979,8.4165,8.28983333,0.08666418,0.12604905,4,2,2026,false,false
LU0820561818,2026-04-17,8.5635,0.00671259,,,,,,,,8.5064,8.4456,8.2835,8.45741429,8.29472333,0.03840883,0.13139676,4,2,2026,false,false
LU0820561818,2026-04-20,8.5665,0.00035032,,,,,,,,8.5635,8.4299,8.2207,8.48022857,8.29975333,0.04638798,0.13850875,4,2,2026,false,false
LU0820561818,2026-04-21,8.591,0.00285998,,,,,,,,8.5665,8.505,8.1787,8.50045714,8.30434667,0.04866806,0.14484864,4,2,2026,false,false
LU0820561818,2026-04-22,8.5825,-0.00098941,,,,,,,,8.591,8.4863,8.2436,8.52122857,8.31355,0.05175298,0.15372612,4,2,2026,false,false
LU0820561818,2026-04-23,8.5978,0.0017827,,,,,,,,8.5825,8.5064,8.1963,8.54302857,8.32361,0.03934317,0.16095242,4,2,2026,false,false
LU0820561818,2026-04-24,8.5893,-0.00098862,,,,,,,,8.5978,8.5635,8.2525,8.55628571,8.33009333,0.03992613,0.16780336,4,2,2026,false,false
LU0820561818,2026-04-27,8.598,0.00101289,,,,,,,,8.5893,8.5665,8.1692,8.571,8.33658333,0.02887174,0.17382965,4,2,2026,false,false
LU0820561818,2026-04-28,8.5698,-0.00327983,,,,,,,,8.598,8.591,8.0599,8.58408571,8.34652,0.01305061,0.17986415,4,2,2026,false,false
LU0820561818,2026-04-29,8.586,0.00189036,,,,,,,,8.5698,8.5825,8.0211,8.58498571,8.3561,0.01175262,0.18380448,4,2,2026,false,false
LU0820561818,2026-04-30,8.592,0.00069881,,,,,,,,8.586,8.5978,8.0636,8.58777143,8.36682333,0.00903844,0.18748331,4,2,2026,true,false
LU0820561818,2026-05-04,8.6975,0.01227886,,,,,,,,8.592,8.5893,8.1953,8.58791429,8.37662667,0.00909606,0.19127386,5,2,2026,false,false
LU0820561818,2026-05-05,8.73,0.00373671,,,,,,,,8.6975,8.598,8.1561,8.60434286,8.39042667,0.03904136,0.19884203,5,2,2026,false,false
LU0820561818,2026-05-06,8.7815,0.0058992,,,,,,,,8.73,8.5698,8.22,8.62322857,8.40740333,0.05845611,0.20526416,5,2,2026,false,false
LU0820561818,2026-05-07,8.7967,0.00173091,,,,,,,,8.7815,8.586,8.4038,8.65068571,8.42749667,0.07795718,0.211308,5,2,2026,false,false
LU0820561818,2026-05-08,8.8115,0.00168245,,,,,,,,8.7967,8.592,8.4249,8.67907143,8.44593333,0.08899871,0.21846647,5,2,2026,false,false
LU0820561818,2026-05-11,8.8452,0.00382455,,,,,,,,8.8115,8.6975,8.4456,8.7136,8.46644,0.08676481,0.22290016,5,2,2026,false,false
LU0820561818,2026-05-12,8.8206,-0.00278117,,,,,,,,8.8452,8.73,8.4299,8.75062857,8.48619667,0.07940485,0.22923884,5,2,2026,false,false
LU0820561818,2026-05-13,8.8334,0.00145115,,,,,,,,8.8206,8.7815,8.505,8.78328571,8.50791,0.04840819,0.22903479,5,2,2026,false,false
LU0820561818,2026-05-15,8.7518,-0.00923767,,,,,,,,8.8334,8.7967,8.4863,8.8027,8.53369333,0.03569178,0.22052932,5,2,2026,false,false
LU0820561818,2026-05-18,8.7221,-0.00339359,,,,,,,,8.7518,8.8115,8.5064,8.80581429,8.55805,0.02965263,0.20215643,5,2,2026,false,false
LU0820561818,2026-05-19,8.6507,-0.0081861,,,,,,,,8.7221,8.8452,8.5635,8.79732857,8.58,0.04152073,0.1820251,5,2,2026,false,false
LU0820561818,2026-05-20,8.6695,0.00217323,,,,,,,,8.6507,8.8206,8.5665,8.77647143,8.59518,0.06603267,0.16773844,5,2,2026,false,false
LU0820561818,2026-05-21,8.7248,0.00637868,,,,,,,,8.6695,8.8334,8.591,8.75618571,8.61229333,0.07354057,0.14697299,5,2,2026,false,false
LU0820561818,2026-05-22,8.7849,0.00688841,,,,,,,,8.7248,8.7518,8.5825,8.73898571,8.62912,0.06419629,0.12887997,5,2,2026,false,false
LU0820561818,2026-05-26,8.8402,0.00629489,,,,,,,,8.7849,8.7221,8.5978,8.73388571,8.64182333,0.05869206,0.1247609,5,2,2026,false,false
LU0820561818,2026-05-27,8.8371,-0.00035067,,,,,,,,8.8402,8.6507,8.5893,8.73485714,8.65566667,0.06036359,0.12295079,5,2,2026,false,false
LU0820561818,2026-05-28,8.8288,-0.00093922,,,,,,,,8.8371,8.6695,8.598,8.74704286,8.66871667,0.07033942,0.12071839,5,2,2026,false,false
LU0820561818,2026-05-29,8.8735,0.00506298,,,,,,,,8.8288,8.7248,8.5698,8.76228571,8.68201333,0.07470811,0.1155389,5,2,2026,false,false
LU0820561818,2026-06-01,8.8646,-0.00100299,,,,,,,,8.8735,8.7849,8.586,8.79411429,8.69429667,0.06750127,0.11565525,6,2,2026,false,false
LU0820561818,2026-06-02,8.9314,0.00753559,,,,,,,,8.8646,8.8402,8.592,8.82198571,8.70690667,0.04765463,0.11287963,6,2,2026,false,false
LU0820561818,2026-06-03,8.9043,-0.00303424,,,,,,,,8.9314,8.8371,8.6975,8.8515,8.72107333,0.04196175,0.11349418,6,2,2026,false,false
LU0820561818,2026-06-04,8.8726,-0.00356008,,,,,,,,8.9043,8.8288,8.73,8.86855714,8.73243333,0.0351348,0.11420727,6,2,2026,false,false
LU0820561818,2026-06-05,8.8144,-0.00655952,,,,,,,,8.8726,8.8735,8.7815,8.87318571,8.74263667,0.03317363,0.11258902,6,2,2026,false,false
LU0820561818,2026-06-08,8.7672,-0.00535487,,,,,,,,8.8144,8.8646,8.7967,8.86994286,8.75008333,0.03738487,0.10966332,6,2,2026,false,false
LU0820561818,2026-06-09,8.8121,0.00512136,,,,,,,,8.7672,8.9314,8.8115,8.86114286,8.75624,0.05085649,0.10517493,6,2,2026,false,false
LU0820561818,2026-06-10,8.7311,-0.00919191,,,,,,,,8.8121,8.9043,8.8452,8.85237143,8.76338333,0.05320931,0.10138035,6,2,2026,false,false
LU0820561818,2026-06-11,8.6841,-0.00538306,,,,,,,,8.7311,8.8726,8.8206,8.8333,8.76811,0.06743229,0.09633384,6,2,2026,false,false
LU0820561818,2026-06-12,8.7718,0.01009892,,,,,,,,8.6841,8.8144,8.8334,8.79797143,8.77098,0.07144436,0.09242644,6,2,2026,false,false
LU0820561818,2026-06-15,8.8544,0.00941654,,,,,,,,8.7718,8.7672,8.7518,8.77904286,8.77771333,0.05682205,0.08454714,6,2,2026,false,false
LU0820561818,2026-06-16,8.8879,0.00378343,,,,,,,,8.8544,8.8121,8.7221,8.77644286,8.78666,0.05275233,0.07771146,6,2,2026,false,false
LU0820561818,2026-06-17,8.8527,-0.00396044,,,,,,,,8.8879,8.7311,8.6507,8.78694286,8.79652333,0.06512609,0.07085445,6,2,2026,false,false
LU0820561818,2026-06-18,8.8523,-4.518e-05,,,,,,,,8.8527,8.6841,8.6695,8.79915714,8.80169667,0.06822207,0.06907915,6,2,2026,false,false
LU0820561818,2026-06-22,8.9035,0.00578381,,,,,,,,8.8523,8.7718,8.7248,8.8049,8.80577333,0.07071627,0.06833242,6,2,2026,false,false
LU0820561818,2026-06-24,8.7669,-0.01534228,,,,,,,,8.9035,8.8544,8.7849,8.82952857,8.80984,0.07074612,0.07036684,6,2,2026,false,false
LU0820561818,2026-06-25,8.7281,-0.00442574,,,,,,,,8.7669,8.8879,8.8402,8.84135714,8.80884667,0.04903141,0.07075458,6,2,2026,false,false
LU0820561818,2026-06-26,8.6996,-0.00326532,,,,,,,,8.7281,8.8527,8.8371,8.83511429,8.80606667,0.05921478,0.07221899,6,2,2026,false,false
LU0820561818,2026-06-29,8.7262,0.00305761,,,,,,,,8.6996,8.8523,8.8288,8.813,8.80121333,0.07475065,0.07428875,6,2,2026,false,false
LU0820561818,2026-06-30,8.8048,0.00900736,,,,,,,,8.7262,8.9035,8.8735,8.7899,8.79806667,0.07299959,0.07539201,6,2,2026,true,true
LU0820561818,2026-07-01,8.7915,-0.00151054,,,,,,,,8.8048,8.7669,8.8646,8.78305714,8.79711333,0.06892333,0.07511953,7,3,2026,false,false
LU0820561818,2026-07-02,8.8096,0.00205881,,,,,,,,8.7915,8.7281,8.9314,8.77437143,8.79843667,0.06324735,0.07465788,7,3,2026,false,false
LU0820561818,2026-07-06,8.7838,-0.00292862,,,,,,,,8.8096,8.6996,8.9043,8.76095714,8.80135333,0.04019392,0.07331578,7,3,2026,false,false
LU0820561818,2026-07-07,8.7266,-0.00651199,,,,,,,,8.7838,8.7262,8.8726,8.76337143,8.80579,0.04097828,0.0678914,7,3,2026,false,false
LU0820561818,2026-07-08,8.7152,-0.00130635,,,,,,,,8.7266,8.8048,8.8144,8.76315714,8.80769333,0.04116565,0.0647726,7,3,2026,false,false
LU0820561818,2026-07-09,8.7798,0.00741234,,,,,,,,8.7152,8.7915,8.7672,8.76538571,8.80737333,0.03796218,0.06520361,7,3,2026,false,false
LU0820561818,2026-07-10,8.7731,-0.00076312,,,,,,,,8.7798,8.8096,8.8121,8.77304286,8.80720333,0.03453718,0.0652686,7,3,2026,false,false
LU0820561818,2026-07-13,8.7391,-0.00387548,,,,,,,,8.7731,8.7838,8.7311,8.76851429,8.80496667,0.03206611,0.06524923,7,3,2026,false,false
LU0820561818,2026-07-14,8.76,0.00239155,,,,,,,,8.7391,8.7266,8.6841,8.76102857,8.8017,0.03194248,0.06600747,7,3,2026,false,false
LU0820561818,2026-07-15,8.7019,-0.00663242,,,,,,,,8.76,8.7152,8.7718,8.75394286,8.79940667,0.02516425,0.06622092,7,3,2026,false,false
LU0820561818,2026-07-16,8.6437,-0.00668819,,,,,,,,8.7019,8.7798,8.8544,8.74224286,8.79368667,0.02749404,0.06698071,7,3,2026,false,false
LU0820561818,2026-07-17,8.5613,-0.00953295,,,,,,,,8.6437,8.7731,8.8879,8.7304,8.78632333,0.04436163,0.07081271,7,3,2026,false,false
LU0820561818,2026-07-20,8.628,0.00779087,,,,,,,,8.5613,8.7391,8.8527,8.70841429,8.77398667,0.074408,0.07647563,7,3,2026,false,false
LU0820561818,2026-07-21,8.6319,0.00045202,,,,,,,,8.628,8.76,8.8523,8.68672857,8.76477667,0.07254013,0.07686384,7,3,2026,false,false
LU0820561818,2026-07-22,8.6651,0.0038462,,,,,,,,8.6319,8.7019,8.9035,8.66655714,8.75675333,0.06495321,0.07774759,7,3,2026,false,false
LU0820561818,2026-07-23,8.6306,-0.00398149,,,,,,,,8.6651,8.6437,8.7669,8.65598571,8.75177667,0.05792829,0.07867121,7,3,2026,false,false
LU0820561818,2026-07-24,8.5763,-0.00629157,,,,,,,,8.6306,8.5613,8.7281,8.6375,8.74722333,0.03950266,0.08154727,7,3,2026,false,false
LU0820561818,2026-07-27,8.583,0.00078122,,,,,,,,8.5763,8.628,8.6996,8.61955714,8.73936333,0.03436709,0.08614931,7,3,2026,false,false
LU0820561818,2026-07-28,8.4707,-0.013084,,,,,,,,8.583,8.6319,8.7262,8.61088571,8.73442667,0.03483608,0.09060927,7,3,2026,false,false
LU0820561818,2026-07-29,8.4609,-0.00115693,,,,,,,,8.4707,8.6651,8.8048,8.59794286,8.72731333,0.05917955,0.10194806,7,3,2026,false,false
LU0820561818,2026-07-30,8.5026,0.00492855,,,,,,,,8.4609,8.6306,8.7915,8.57407143,8.71695,0.0740694,0.11218694,7,3,2026,false,false
LU0820561818,2026-07-31,8.533,0.00357538,,,,,,,,8.5026,8.5763,8.8096,8.5556,8.70522333,0.07346486,0.11554296,7,3,2026,true,false
LU0820561818,2026-08-03,8.5677,0.00406657,,,,,,,,8.533,8.583,8.7838,8.53672857,8.69339333,0.05831833,0.11439651,8,3,2026,false,false
LU0820561818,2026-08-04,8.6615,0.0109481,,,,,,,,8.5677,8.4707,8.7266,8.52774286,8.68389333,0.04688798,0.11259212,8,3,2026,false,false
LU0820561818,2026-08-05,8.7369,0.00870519,,,,,,,,8.6615,8.4609,8.7152,8.53991429,8.67753333,0.06534037,0.10820301,8,3,2026,false,false
LU0820561818,2026-08-06,8.6775,-0.00679875,,,,,,,,8.7369,8.5026,8.7798,8.5619,8.67198,0.09520575,0.10046144,8,3,2026,false,false
LU0820561818,2026-08-07,8.6928,0.00176318,,,,,,,,8.6775,8.533,8.7731,8.59144286,8.669,0.09440445,0.09891567,8,3,2026,false,false
LU0820561818,2026-08-10,8.7022,0.00108135,,,,,,,,8.6928,8.5677,8.7391,8.62457143,8.66782333,0.08275153,0.09841432,8,3,2026,false,false
LU0820561818,2026-08-11,8.6873,-0.00171221,,,,,,,,8.7022,8.6615,8.76,8.65308571,8.66791,0.0690677,0.09844341,8,3,2026,false,false
LU1564329115,2025-07-08,8.04,,,,,,,,,,,,,,,,7,3,2025,false,false
LU1564329115,2025-07-09,8.06,0.00248756,,,,,,,,8.04,,,,,,,7,3,2025,false,false
LU1564329115,2025-07-10,8.06,0.0,,,,,,,,8.06,,,8.05,8.05,0.01,0.01,7,3,2025,false,false
LU1564329115,2025-07-11,8.03,-0.00372208,,,,,,,,8.06,,,8.05333333,8.05333333,0.00942809,0.00942809,7,3,2025,false,false
LU1564329115,2025-07-14,8.04,0.00124533,,,,,,,,8.03,,,8.0475,8.0475,0.01299038,0.01299038,7,3,2025,false,false
LU1564329115,2025-07-15,8.04,0.0,,,,,,,,8.04,8.04,,8.046,8.046,0.012,0.012,7,3,2025,false,false
LU1564329115,2025-07-16,8.0,-0.00497512,,,,,,,,8.04,8.06,,8.045,8.045,0.01118034,0.01118034,7,3,2025,false,false
LU1564329115,2025-07-17,8.02,0.0025,,,,,,,,8.0,8.06,,8.03857143,8.03857143,0.01884415,0.01884415,7,3,2025,false,false
LU1564329115,2025-07-18,8.05,0.00374065,,,,,,,,8.02,8.03,,8.03571429,8.03625,0.0198977,0.01866648,7,3,2025,false,false
LU1564329115,2025-07-21,8.07,0.00248447,,,,,,,,8.05,8.04,,8.03428571,8.03777778,0.01840586,0.01812167,7,3,2025,false,false
LU1564329115,2025-07-22,8.07,0.0,,,,,,,,8.07,8.04,,8.03571429,8.041,0.02060315,0.01972308,7,3,2025,false,false
LU1564329115,2025-07-23,8.11,0.00495663,,,,,,,,8.07,8.0,,8.04142857,8.04363636,0.0235606,0.02057038,7,3,2025,false,false
LU1564329115,2025-07-24,8.14,0.00369914,,,,,,,,8.11,8.02,,8.05142857,8.04916667,0.03356383,0.02691293,7,3,2025,false,false
LU1564329115,2025-07-25,8.12,-0.002457,,,,,,,,8.14,8.05,,8.06571429,8.05615385,0.04499433,0.03541804,7,3,2025,false,false
LU1564329115,2025-07-28,8.13,0.00123153,,,,,,,,8.12,8.07,,8.08285714,8.06071429,0.03917517,0.03788409,7,3,2025,false,false
LU1564329115,2025-07-29,8.12,-0.00123001,,,,,,,,8.13,8.07,,8.09857143,8.06533333,0.03226169,0.04047496,7,3,2025,false,false
LU1564329115,2025-07-30,8.1,-0.00246305,,,,,,,,8.12,8.11,,8.10857143,8.06875,0.02587253,0.04136348,7,3,2025,false,false
LU1564329115,2025-07-31,8.05,-0.00617284,,,,,,,,8.1,8.14,,8.11285714,8.07058824,0.02118914,0.04079657,7,3,2025,true,false
LU1564329115,2025-08-01,7.96,-0.01118012,,,,,,,,8.05,8.12,,8.11,8.06944444,0.02725541,0.03992663,8,3,2025,false,false
LU1564329115,2025-08-04,8.01,0.00628141,,,,,,,,7.96,8.13,,8.08857143,8.06368421,0.05914355,0.04590729,8,3,2025,false,false
LU1564329115,2025-08-05,8.03,0.00249688,,,,,,,,8.01,8.12,8.04,8.07,8.061,0.06047432,0.04624932,8,3,2025,false,false
LU1564329115,2025-08-06,8.03,0.0,,,,,,,,8.03,8.1,8.06,8.05714286,8.05952381,0.05799367,0.04561497,8,3,2025,false,false
LU1564329115,2025-08-07,8.06,0.00373599,,,,,,,,8.03,8.05,8.06,8.04285714,8.05818182,0.05006119,0.04498852,8,3,2025,false,false
LU1564329115,2025-08-08,8.06,0.0,,,,,,,,8.06,7.96,8.03,8.03428571,8.05826087,0.04030496,0.0440012,8,3,2025,false,false
LU1564329115,2025-08-11,8.07,0.00124069,,,,,,,,8.06,8.01,8.04,8.02857143,8.05833333,0.03270149,0.04307616,8,3,2025,false,false
LU1564329115,2025-08-12,8.07,0.0,,,,,,,,8.07,8.03,8.04,8.03142857,8.0588,0.03522522,0.04226772,8,3,2025,false,false
LU1564329115,2025-08-13,8.13,0.00743494,,,,,,,,8.07,8.03,8.0,8.04714286,8.05923077,0.02185294,0.04150283,8,3,2025,false,false
LU1564329115,2025-08-14,8.12,-0.00123001,,,,,,,,8.13,8.06,8.02,8.06428571,8.06185185,0.0311022,0.04286387,8,3,2025,false,false
LU1564329115,2025-08-18,8.12,0.0,,,,,,,,8.12,8.06,8.05,8.07714286,8.06392857,0.03282607,0.04345271,8,3,2025,false,false
LU1564329115,2025-08-19,8.14,0.00246305,,,,,,,,8.12,8.07,8.07,8.09,8.06586207,0.029277,0.04390564,8,3,2025,false,false
LU1564329115,2025-08-20,8.11,-0.0036855,,,,,,,,8.14,8.07,8.07,8.10142857,8.06833333,0.03090473,0.04517251,8,3,2025,false,false
LU1564329115,2025-08-21,8.11,0.0,,,,,,,,8.11,8.13,8.11,8.10857143,8.07066667,0.02587253,0.04545572,8,3,2025,false,false
LU1564329115,2025-08-22,8.14,0.00369914,,,,,,,,8.11,8.12,8.14,8.11428571,8.07233333,0.02060315,0.04594804,8,3,2025,false,false
LU1564329115,2025-08-25,8.18,0.004914,,,,,,,,8.14,8.12,8.12,8.12428571,8.075,0.0117803,0.04745173,8,3,2025,false,false
LU1564329115,2025-08-26,8.15,-0.00366748,,,,,,,,8.18,8.14,8.13,8.13142857,8.08,0.02294625,0.05026596,8,3,2025,false,false
LU1564329115,2025-08-27,8.16,0.00122699,,,,,,,,8.15,8.11,8.12,8.13571429,8.08366667,0.02321154,0.0512174,8,3,2025,false,false
LU1564329115,2025-08-28,8.17,0.00122549,,,,,,,,8.16,8.11,8.1,8.14142857,8.08766667,0.0235606,0.05232484,8,3,2025,false,false
LU1564329115,2025-08-29,8.12,-0.00611995,,,,,,,,8.17,8.14,8.05,8.14571429,8.09333333,0.02555506,0.05172577,8,3,2025,false,false
LU1564329115,2025-09-01,8.12,0.0,,,,,,,,8.12,8.18,7.96,8.14714286,8.09666667,0.02373321,0.05008881,9,3,2025,false,false
LU1564329115,2025-09-02,8.07,-0.00615764,,,,,,,,8.12,8.15,8.01,8.14857143,8.099,0.02166536,0.04948737,9,3,2025,false,false
LU1564329115,2025-09-03,8.08,0.00123916,,,,,,,,8.07,8.16,8.03,8.13857143,8.099,0.03522522,0.04948737,9,3,2025,false,false
LU1564329115,2025-09-04,8.1,0.00247525,,,,,,,,8.08,8.17,8.03,8.12428571,8.09933333,0.0357999,0.04932432,9,3,2025,false,false
LU1564329115,2025-09-05,8.15,0.00617284,,,,,,,,8.1,8.12,8.06,8.11714286,8.099,0.03493434,0.04928489,9,3,2025,false,false
LU1564329115,2025-09-08,8.14,-0.00122699,,,,,,,,8.15,8.12,8.06,8.11571429,8.09933333,0.03331973,0.04959391,9,3,2025,false,false
LU1564329115,2025-09-09,8.15,0.0012285,,,,,,,,8.14,8.07,8.07,8.11142857,8.1,0.02747912,0.05,9,3,2025,false,false
LU1564329115,2025-09-10,8.18,0.00368098,,,,,,,,8.15,8.08,8.07,8.11571429,8.10066667,0.03063944,0.05052612,9,3,2025,false,false
LU1564329115,2025-09-11,8.2,0.00244499,,,,,,,,8.18,8.1,8.13,8.12428571,8.10266667,0.03811904,0.05240441,9,3,2025,false,false
LU1564329115,2025-09-12,8.21,0.00121951,,,,,,,,8.2,8.15,8.12,8.14285714,8.106,0.03880879,0.05523284,9,3,2025,false,false
LU1564329115,2025-09-15,8.22,0.00121803,,,,,,,,8.21,8.14,8.12,8.16142857,8.11133333,0.03522522,0.05725576,9,3,2025,false,false
LU1564329115,2025-09-16,8.2,-0.00243309,,,,,,,,8.22,8.15,8.14,8.17857143,8.12,0.02996597,0.05322906,9,3,2025,false,false
LU1564329115,2025-09-17,8.21,0.00121951,,,,,,,,8.2,8.18,8.11,8.18571429,8.12633333,0.02821203,0.05102178,9,3,2025,false,false
LU1564329115,2025-09-18,8.21,0.0,,,,,,,,8.21,8.2,8.11,8.19571429,8.13233333,0.02194613,0.04991215,9,3,2025,false,false
LU1564329115,2025-09-19,8.22,0.00121803,,,,,,,,8.21,8.21,8.14,8.20428571,8.13833333,0.0117803,0.04803355,9,3,2025,false,false
LU1564329115,2025-09-22,8.21,-0.00121655,,,,,,,,8.22,8.22,8.18,8.21,8.14366667,0.00755929,0.04792239,9,3,2025,false,false
LU1564329115,2025-09-23,8.24,0.00365408,,,,,,,,8.21,8.2,8.15,8.21142857,8.14866667,0.00638877,0.0467428,9,3,2025,false,false
LU1564329115,2025-09-24,8.21,-0.00364078,,,,,,,,8.24,8.21,8.16,8.21571429,8.15433333,0.0117803,0.04716519,9,3,2025,false,false
LU1564329115,2025-09-25,8.16,-0.00609013,,,,,,,,8.21,8.21,8.17,8.21428571,8.159,0.0117803,0.04548626,9,3,2025,false,false
LU1564329115,2025-09-26,8.19,0.00367647,,,,,,,,8.16,8.22,8.12,8.20857143,8.16,0.022315,0.04516636,9,3,2025,false,false
LU1564329115,2025-09-29,8.21,0.002442,,,,,,,,8.19,8.21,8.12,8.20571429,8.16233333,0.02321154,0.04484665,9,3,2025,false,false
LU1564329115,2025-09-30,8.17,-0.00487211,,,,,,,,8.21,8.24,8.07,8.20571429,8.16533333,0.02321154,0.04492463,9,3,2025,true,true
LU1564329115,2025-10-01,8.18,0.00122399,,,,,,,,8.17,8.21,8.08,8.19857143,8.16633333,0.02531435,0.04468283,10,4,2025,false,false
LU1564329115,2025-10-02,8.2,0.00244499,,,,,,,,8.18,8.16,8.1,8.19428571,8.16866667,0.02555506,0.04349202,10,4,2025,false,false
LU1564329115,2025-10-03,8.22,0.00243902,,,,,,,,8.2,8.19,8.15,8.18857143,8.17166667,0.01807016,0.04243295,10,4,2025,false,false
LU1564329115,2025-10-06,8.21,-0.00121655,,,,,,,,8.22,8.21,8.14,8.19,8.17433333,0.02,0.04287061,10,4,2025,false,false
LU1564329115,2025-10-07,8.2,-0.00121803,,,,,,,,8.21,8.17,8.15,8.19714286,8.17533333,0.01665986,0.04333846,10,4,2025,false,false
LU1564329115,2025-10-08,8.19,-0.00121951,,,,,,,,8.2,8.18,8.18,8.19857143,8.177,0.01641304,0.04329357,10,4,2025,false,false
LU1564329115,2025-10-09,8.18,-0.001221,,,,,,,,8.19,8.2,8.2,8.19571429,8.178,0.0159079,0.04323579,10,4,2025,false,false
LU1564329115,2025-10-10,8.17,-0.00122249,,,,,,,,8.18,8.22,8.21,8.19714286,8.17833333,0.01385051,0.04321137,10,4,2025,false,false
LU1564329115,2025-10-13,8.11,-0.00734394,,,,,,,,8.17,8.21,8.22,8.19571429,8.18,0.0159079,0.04187282,10,4,2025,false,false
LU1564329115,2025-10-14,8.1,-0.00123305,,,,,,,,8.11,8.2,8.2,8.18285714,8.17966667,0.03368522,0.04238579,10,4,2025,false,false
LU1564329115,2025-10-15,8.18,0.00987654,,,,,,,,8.1,8.19,8.21,8.16571429,8.18066667,0.04030496,0.0400777,10,4,2025,false,false
LU1564329115,2025-10-16,8.17,-0.00122249,,,,,,,,8.18,8.18,8.21,8.16142857,8.184,0.03681171,0.0354589,10,4,2025,false,false
LU1564329115,2025-10-17,8.15,-0.00244798,,,,,,,,8.17,8.17,8.22,8.15714286,8.18633333,0.03368522,0.03198784,10,4,2025,false,false
LU1564329115,2025-10-20,8.2,0.00613497,,,,,,,,8.15,8.11,8.21,8.15142857,8.18633333,0.03090473,0.03198784,10,4,2025,false,false
LU1564329115,2025-10-21,8.21,0.00121951,,,,,,,,8.2,8.1,8.24,8.15428571,8.18833333,0.03416646,0.03088509,10,4,2025,false,false
LU1564329115,2025-10-22,8.22,0.00121803,,,,,,,,8.21,8.18,8.21,8.16,8.19033333,0.03927922,0.03027467,10,4,2025,false,false
LU1564329115,2025-10-23,8.21,-0.00121655,,,,,,,,8.22,8.17,8.16,8.17571429,8.19166667,0.03811904,0.03066848,10,4,2025,false,false
LU1564329115,2025-10-24,8.25,0.00487211,,,,,,,,8.21,8.15,8.19,8.19142857,8.192,0.0235606,0.03081125,10,4,2025,false,false
LU1564329115,2025-10-27,8.27,0.00242424,,,,,,,,8.25,8.2,8.21,8.20142857,8.19333333,0.03043897,0.03238655,10,4,2025,false,false
LU1564329115,2025-10-28,8.28,0.00120919,,,,,,,,8.27,8.21,8.17,8.21571429,8.195,0.0353986,0.03490463,10,4,2025,false,false
LU1564329115,2025-10-29,8.28,0.0,,,,,,,,8.28,8.22,8.18,8.23428571,8.19766667,0.0296923,0.03809491,10,4,2025,false,false
LU1564329115,2025-10-30,8.25,-0.00362319,,,,,,,,8.28,8.21,8.2,8.24571429,8.2,0.0296923,0.04082483,10,4,2025,false,false
LU1564329115,2025-10-31,8.17,-0.00969697,,,,,,,,8.25,8.25,8.22,8.25142857,8.20133333,0.02587253,0.04177187,10,4,2025,true,false
LU1564329115,2025-11-03,8.15,-0.00244798,,,,,,,,8.17,8.27,8.21,8.24428571,8.19966667,0.03774241,0.04199074,11,4,2025,false,false
LU1564329115,2025-11-04,8.14,-0.00122699,,,,,,,,8.15,8.28,8.2,8.23571429,8.19766667,0.04952839,0.04287061,11,4,2025,false,false
LU1564329115,2025-11-05,8.14,0.0,,,,,,,,8.14,8.28,8.19,8.22,8.19433333,0.05903994,0.04333462,11,4,2025,false,false
LU1564329115,2025-11-06,8.14,0.0,,,,,,,,8.14,8.25,8.18,8.20142857,8.192,0.06081085,0.04430199,11,4,2025,false,false
LU1564329115,2025-11-07,8.1,-0.004914,,,,,,,,8.14,8.17,8.17,8.18142857,8.19133333,0.05436085,0.04492463,11,4,2025,false,false
LU1564329115,2025-11-10,8.16,0.00740741,,,,,,,,8.1,8.15,8.11,8.15571429,8.18833333,0.0430472,0.04782491,11,4,2025,false,false
LU1564329115,2025-11-11,8.2,0.00490196,,,,,,,,8.16,8.14,8.1,8.14285714,8.18666667,0.02050386,0.04791196,11,4,2025,false,false
LU1564329115,2025-11-12,8.23,0.00365854,,,,,,,,8.2,8.14,8.18,8.14714286,8.18766667,0.02762726,0.04786671,11,4,2025,false,false
LU1564329115,2025-11-13,8.21,-0.00243013,,,,,,,,8.23,8.14,8.17,8.15857143,8.18933333,0.04015277,0.04843782,11,4,2025,false,false
LU1564329115,2025-11-14,8.14,-0.00852619,,,,,,,,8.21,8.1,8.15,8.16857143,8.18966667,0.04290474,0.04854437,11,4,2025,false,false
LU1564329115,2025-11-17,8.15,0.0012285,,,,,,,,8.14,8.16,8.2,8.16857143,8.187,0.04290474,0.049,11,4,2025,false,false
LU1564329115,2025-11-18,8.06,-0.01104294,,,,,,,,8.15,8.2,8.21,8.17,8.185,0.04208834,0.04924429,11,4,2025,false,false
LU1564329115,2025-11-19,8.09,0.00372208,,,,,,,,8.06,8.23,8.22,8.16428571,8.18033333,0.05260558,0.05400514,11,4,2025,false,false
LU1564329115,2025-11-20,8.13,0.00494438,,,,,,,,8.09,8.21,8.21,8.15428571,8.177,0.05876275,0.05634122,11,4,2025,false,false
LU1564329115,2025-11-21,8.03,-0.01230012,,,,,,,,8.13,8.14,8.25,8.14428571,8.17533333,0.05602478,0.05696393,11,4,2025,false,false
LU1564329115,2025-11-24,8.09,0.00747198,,,,,,,,8.03,8.15,8.27,8.11571429,8.17066667,0.05602478,0.06265957,11,4,2025,false,false
LU1564329115,2025-11-25,8.13,0.00494438,,,,,,,,8.09,8.06,8.28,8.09857143,8.17,0.04085814,0.06340347,11,4,2025,false,false
LU1564329115,2025-11-26,8.19,0.00738007,,,,,,,,8.13,8.09,8.28,8.09714286,8.171,0.03953815,0.062522,11,4,2025,false,false
LU1564329115,2025-11-27,8.21,0.002442,,,,,,,,8.19,8.13,8.25,8.10285714,8.17133333,0.04861343,0.0625957,11,4,2025,false,false
LU1564329115,2025-11-28,8.18,-0.00365408,,,,,,,,8.21,8.03,8.17,8.12428571,8.17266667,0.05728554,0.06297795,11,4,2025,false,false
LU1564329115,2025-12-01,8.18,0.0,,,,,,,,8.18,8.09,8.15,8.13714286,8.17366667,0.05823948,0.06284814,12,4,2025,false,false
LU1564329115,2025-12-02,8.17,-0.00122249,,,,,,,,8.18,8.13,8.14,8.14428571,8.173,0.05996598,0.0626711,12,4,2025,false,false
LU1564329115,2025-12-03,8.18,0.00122399,,,,,,,,8.17,8.19,8.14,8.16428571,8.17166667,0.03774241,0.06229411,12,4,2025,false,false
LU1564329115,2025-12-04,8.2,0.00244499,,,,,,,,8.18,8.21,8.14,8.17714286,8.17033333,0.02249717,0.06167027,12,4,2025,false,false
LU1564329115,2025-12-05,8.22,0.00243902,,,,,,,,8.2,8.18,8.1,8.18714286,8.17,0.01277753,0.0614817,12,4,2025,false,false
LU1564329115,2025-12-08,8.2,-0.00243309,,,,,,,,8.22,8.18,8.16,8.19142857,8.169,0.01726149,0.06040695,12,4,2025,false,false
LU1564329115,2025-12-09,8.19,-0.00121951,,,,,,,,8.2,8.17,8.2,8.19,8.16666667,0.01603567,0.05775427,12,4,2025,false,false
LU1564329115,2025-12-10,8.18,-0.001221,,,,,,,,8.19,8.18,8.23,8.19142857,8.16366667,0.01551826,0.05400514,12,4,2025,false,false
LU1564329115,2025-12-11,8.21,0.00366748,,,,,,,,8.18,8.2,8.21,8.19142857,8.16033333,0.01551826,0.04963086,12,4,2025,false,false
LU1564329115,2025-12-12,8.23,0.00243605,,,,,,,,8.21,8.22,8.14,8.19714286,8.159,0.01385051,0.04770395,12,4,2025,false,false
LU1564329115,2025-12-15,8.21,-0.00243013,,,,,,,,8.23,8.2,8.15,8.20428571,8.161,0.0159079,0.04935247,12,4,2025,false,false
LU1564329115,2025-12-16,8.19,-0.00243605,,,,,,,,8.21,8.19,8.06,8.20571429,8.163,0.0159079,0.05007661,12,4,2025,false,false
LU1564329115,2025-12-17,8.18,-0.001221,,,,,,,,8.19,8.18,8.09,8.20142857,8.16466667,0.01551826,0.05011542,12,4,2025,false,false
LU1564329115,2025-12-18,8.18,0.0,,,,,,,,8.18,8.21,8.13,8.19857143,8.166,0.01726149,0.04997333,12,4,2025,false,false
LU1564329115,2025-12-19,8.19,0.00122249,,,,,,,,8.18,8.23,8.03,8.19714286,8.16733333,0.01829464,0.04979514,12,4,2025,false,false
LU1564329115,2025-12-22,8.21,0.002442,,,,,,,,8.19,8.21,8.09,8.19857143,8.17033333,0.01726149,0.04833793,12,4,2025,false,false
LU1564329115,2025-12-23,8.23,0.00243605,,,,,,,,8.21,8.19,8.13,8.19857143,8.172,0.01726149,0.04881257,12,4,2025,false,false
LU1564329115,2025-12-29,8.26,0.0036452,,,,,,,,8.23,8.18,8.19,8.19857143,8.173,0.01726149,0.04967561,12,4,2025,false,false
LU1564329115,2025-12-30,8.27,0.00121065,,,,,,,,8.26,8.18,8.21,8.20571429,8.174,0.02770103,0.05109468,12,4,2025,false,false
LU1564329115,2025-12-31,8.21,-0.00725514,,,,,,,,8.27,8.19,8.18,8.21714286,8.176,0.03452299,0.0535786,12,4,2025,true,true
LU1564329115,2026-01-02,8.21,0.0,,,,,,,,8.21,8.21,8.18,8.22142857,8.17833333,0.03136357,0.05348416,1,1,2026,false,false
LU1564329115,2026-01-05,8.23,0.00243605,,,,,,,,8.21,8.23,8.17,8.22571429,8.18033333,0.02718043,0.05350909,1,1,2026,false,false
LU1564329115,2026-01-06,8.27,0.00486027,,,,,,,,8.23,8.26,8.18,8.23142857,8.186,0.02294625,0.04930179,1,1,2026,false,false
LU1564329115,2026-01-07,8.28,0.00120919,,,,,,,,8.27,8.27,8.2,8.24,8.192,0.0244949,0.04819405,1,1,2026,false,false
LU1564329115,2026-01-08,8.27,-0.00120773,,,,,,,,8.28,8.21,8.22,8.24714286,8.197,0.02762726,0.04927136,1,1,2026,false,false
LU1564329115,2026-01-09,8.29,0.00241838,,,,,,,,8.27,8.21,8.2,8.24857143,8.205,0.02849991,0.04014557,1,1,2026,false,false
LU1564329115,2026-01-12,8.31,0.00241255,,,,,,,,8.29,8.23,8.19,8.25142857,8.21166667,0.03136357,0.03697597,1,1,2026,false,false
LU1564329115,2026-01-13,8.31,0.0,,,,,,,,8.31,8.27,8.18,8.26571429,8.21766667,0.03200765,0.0378315,1,1,2026,false,false
LU1564329115,2026-01-14,8.3,-0.00120337,,,,,,,,8.31,8.28,8.21,8.28,8.22166667,0.0256348,0.04091319,1,1,2026,false,false
LU1564329115,2026-01-15,8.33,0.00361446,,,,,,,,8.3,8.27,8.23,8.29,8.22466667,0.01603567,0.04318436,1,1,2026,false,false
LU1564329115,2026-01-16,8.32,-0.00120048,,,,,,,,8.33,8.29,8.21,8.29857143,8.22966667,0.01884415,0.04629495,1,1,2026,false,false
LU1564329115,2026-01-19,8.32,0.0,,,,,,,,8.32,8.31,8.19,8.30428571,8.23433333,0.01840586,0.04807517,1,1,2026,false,false
LU1564329115,2026-01-20,8.27,-0.00600962,,,,,,,,8.32,8.31,8.18,8.31142857,8.23933333,0.012454,0.04891716,1,1,2026,false,false
LU1564329115,2026-01-21,8.28,0.00120919,,,,,,,,8.27,8.3,8.18,8.30857143,8.24233333,0.01807016,0.0479363,1,1,2026,false,false
LU1564329115,2026-01-22,8.32,0.00483092,,,,,,,,8.28,8.33,8.19,8.30428571,8.245,0.02060315,0.04773189,1,1,2026,false,false
LU1564329115,2026-01-23,8.32,0.0,,,,,,,,8.32,8.32,8.21,8.30571429,8.24833333,0.02128523,0.04933446,1,1,2026,false,false
LU1564329115,2026-01-26,8.37,0.00600962,,,,,,,,8.32,8.32,8.23,8.30857143,8.25233333,0.02166536,0.0501121,1,1,2026,false,false
LU1564329115,2026-01-27,8.37,0.0,,,,,,,,8.37,8.27,8.26,8.31428571,8.25833333,0.03016959,0.05298323,1,1,2026,false,false
LU1564329115,2026-01-28,8.37,0.0,,,,,,,,8.37,8.28,8.27,8.32142857,8.26466667,0.0360272,0.05457309,1,1,2026,false,false
LU1564329115,2026-01-29,8.35,-0.00238949,,,,,,,,8.37,8.32,8.21,8.32857143,8.27,0.0397954,0.05674504,1,1,2026,false,false
LU1564329115,2026-01-30,8.3,-0.00598802,,,,,,,,8.35,8.32,8.21,8.34,8.274,0.03207135,0.058,1,1,2026,false,false
LU1564329115,2026-02-02,8.31,0.00120482,,,,,,,,8.3,8.37,8.23,8.34285714,8.277,0.02710524,0.05692978,2,1,2026,false,false
LU1564329115,2026-02-03,8.32,0.00120337,,,,,,,,8.31,8.37,8.27,8.34142857,8.281,0.02849991,0.05485435,2,1,2026,false,false
LU1564329115,2026-02-04,8.32,0.0,,,,,,,,8.32,8.37,8.28,8.34142857,8.28566667,0.02849991,0.05194121,2,1,2026,false,false
LU1564329115,2026-02-05,8.27,-0.00600962,,,,,,,,8.32,8.35,8.27,8.33428571,8.29033333,0.02664965,0.04840684,2,1,2026,false,false
LU1564329115,2026-02-06,8.31,0.00483676,,,,,,,,8.27,8.3,8.29,8.32,8.293,0.03023716,0.04488132,2,1,2026,false,false
LU1564329115,2026-02-09,8.35,0.00481348,,,,,,,,8.31,8.31,8.31,8.31142857,8.29633333,0.022315,0.04222822,2,1,2026,false,false
LU1564329115,2026-02-10,8.39,0.00479042,,,,,,,,8.35,8.32,8.31,8.31142857,8.30033333,0.022315,0.04143134,2,1,2026,false,false
LU1564329115,2026-02-11,8.38,-0.0011919,,,,,,,,8.39,8.32,8.3,8.32428571,8.30466667,0.03458205,0.04372134,2,1,2026,false,false
LU1564329115,2026-02-12,8.39,0.00119332,,,,,,,,8.38,8.27,8.33,8.33428571,8.30833333,0.03886134,0.04524624,2,1,2026,false,false
LU1564329115,2026-02-13,8.32,-0.00834327,,,,,,,,8.39,8.31,8.32,8.34428571,8.31433333,0.04271405,0.04371753,2,1,2026,false,false
LU1564329115,2026-02-16,8.34,0.00240385,,,,,,,,8.32,8.35,8.32,8.34428571,8.318,0.04271405,0.03919184,2,1,2026,false,false
LU1564329115,2026-02-17,8.32,-0.00239808,,,,,,,,8.34,8.39,8.27,8.35428571,8.32166667,0.03063944,0.03578485,2,1,2026,false,false
LU1564329115,2026-02-18,8.37,0.00600962,,,,,,,,8.32,8.38,8.28,8.35571429,8.32333333,0.02871393,0.03448027,2,1,2026,false,false
LU1564329115,2026-02-19,8.35,-0.00238949,,,,,,,,8.37,8.39,8.32,8.35857143,8.32633333,0.02899683,0.03449477,2,1,2026,false,false
LU1564329115,2026-02-20,8.36,0.0011976,,,,,,,,8.35,8.32,8.32,8.35285714,8.329,0.02602981,0.03310086,2,1,2026,false,false
LU1564329115,2026-02-23,8.39,0.00358852,,,,,,,,8.36,8.34,8.37,8.35,8.33133333,0.02390457,0.03273462,2,1,2026,false,false
LU1564329115,2026-02-24,8.36,-0.00357569,,,,,,,,8.39,8.32,8.37,8.35,8.334,0.02390457,0.03411744,2,1,2026,false,false
LU1564329115,2026-02-25,8.41,0.00598086,,,,,,,,8.36,8.37,8.37,8.35571429,8.33566667,0.02060315,0.03412559,2,1,2026,false,false
LU1564329115,2026-02-26,8.41,0.0,,,,,,,,8.41,8.35,8.35,8.36571429,8.33933333,0.02664965,0.03595676,2,1,2026,false,false
LU1564329115,2026-02-27,8.34,-0.00832342,,,,,,,,8.41,8.36,8.3,8.37857143,8.342,0.02294625,0.03807011,2,1,2026,false,false
LU1564329115,2026-03-02,8.3,-0.00479616,,,,,,,,8.34,8.39,8.31,8.37428571,8.34266667,0.02664965,0.03785352,3,1,2026,false,false
LU1564329115,2026-03-03,8.13,-0.02048193,,,,,,,,8.3,8.36,8.32,8.36714286,8.342,0.03692242,0.03841875,3,1,2026,false,false
LU1564329115,2026-03-04,8.21,0.0098401,,,,,,,,8.13,8.41,8.32,8.33428571,8.33733333,0.09116032,0.05272149,3,1,2026,false,false
LU1564329115,2026-03-05,8.21,0.0,,,,,,,,8.21,8.41,8.27,8.30857143,8.335,0.09701672,0.05661272,3,1,2026,false,false
LU1564329115,2026-03-06,8.09,-0.01461632,,,,,,,,8.21,8.34,8.31,8.28714286,8.33133333,0.09981616,0.0608678,3,1,2026,false,false
LU1564329115,2026-03-09,8.06,-0.00370828,,,,,,,,8.09,8.3,8.35,8.24142857,8.32366667,0.10615737,0.07472096,3,1,2026,false,false
LU1564329115,2026-03-10,8.17,0.01364764,,,,,,,,8.06,8.13,8.39,8.19142857,8.31333333,0.09701672,0.08787618,3,1,2026,false,false
LU1564329115,2026-03-11,8.14,-0.00367197,,,,,,,,8.17,8.21,8.38,8.16714286,8.30666667,0.07572776,0.09086009,3,1,2026,false,false
LU1564329115,2026-03-12,8.07,-0.00859951,,,,,,,,8.14,8.21,8.39,8.14428571,8.299,0.05287644,0.09481034,3,1,2026,false,false
LU1564329115,2026-03-13,8.04,-0.00371747,,,,,,,,8.07,8.09,8.32,8.13571429,8.28966667,0.05900536,0.10277754,3,1,2026,false,false
LU1564329115,2026-03-16,8.07,0.00373134,,,,,,,,8.04,8.06,8.34,8.11142857,8.281,0.05841442,0.11208182,3,1,2026,false,false
LU1564329115,2026-03-17,8.1,0.00371747,,,,,,,,8.07,8.17,8.32,8.09142857,8.273,0.04323642,0.11812846,3,1,2026,false,false
LU1564329115,2026-03-18,8.06,-0.00493827,,,,,,,,8.1,8.14,8.37,8.09285714,8.26566667,0.04333072,0.12175613,3,1,2026,false,false
LU1564329115,2026-03-19,7.98,-0.00992556,,,,,,,,8.06,8.07,8.35,8.09285714,8.257,0.04333072,0.126732,3,1,2026,false,false
LU1564329115,2026-03-20,7.94,-0.00501253,,,,,,,,7.98,8.04,8.36,8.06571429,8.24733333,0.04593696,0.13608657,3,1,2026,false,false
LU1564329115,2026-03-23,8.0,0.00755668,,,,,,,,7.94,8.07,8.39,8.03714286,8.235,0.05256677,0.14623611,3,1,2026,false,false
LU1564329115,2026-03-24,7.95,-0.00625,,,,,,,,8.0,8.1,8.36,8.02714286,8.22333333,0.0520204,0.15049548,3,1,2026,false,false
LU1564329115,2026-03-25,7.99,0.00503145,,,,,,,,7.95,8.06,8.41,8.01428571,8.20866667,0.05802885,0.1549136,3,1,2026,false,false
LU1564329115,2026-03-26,7.96,-0.00375469,,,,,,,,7.99,7.98,8.41,8.00285714,8.19566667,0.05364281,0.15634755,3,1,2026,false,false
LU1564329115,2026-03-27,7.87,-0.01130653,,,,,,,,7.96,7.94,8.34,7.98285714,8.18133333,0.03730733,0.15758031,3,1,2026,false,false
LU1564329115,2026-03-30,7.85,-0.0025413,,,,,,,,7.87,8.0,8.3,7.95571429,8.16633333,0.04030496,0.16491378,3,1,2026,false,false
LU1564329115,2026-03-31,7.86,0.00127389,,,,,,,,7.85,7.95,8.13,7.93714286,8.15,0.05283783,0.17105555,3,1,2026,true,true
LU1564329115,2026-04-01,7.96,0.01272265,,,,,,,,7.86,7.99,8.21,7.92571429,8.13466667,0.05924698,0.17568406,4,2,2026,false,false
LU1564329115,2026-04-02,7.92,-0.00502513,,,,,,,,7.96,7.96,8.21,7.92,8.121,0.05345225,0.17276863,4,2,2026,false,false
LU1564329115,2026-04-07,7.97,0.00631313,,,,,,,,7.92,7.87,8.09,7.91571429,8.10666667,0.05205962,0.17100357,4,2,2026,false,false
LU1564329115,2026-04-08,8.15,0.02258469,,,,,,,,7.97,7.85,8.06,7.91285714,8.09366667,0.04831867,0.16600167,4,2,2026,false,false
LU1564329115,2026-04-09,8.15,0.0,,,,,,,,8.15,7.86,8.17,7.94,8.08566667,0.09651055,0.15707076,4,2,2026,false,false
LU1564329115,2026-04-10,8.18,0.00368098,,,,,,,,8.15,7.96,8.14,7.98,8.07866667,0.11538755,0.14916955,4,2,2026,false,false
LU1564329115,2026-04-13,8.16,-0.00244499,,,,,,,,8.18,7.92,8.07,8.02714286,8.071,0.11996598,0.13738874,4,2,2026,false,false
LU1564329115,2026-04-14,8.23,0.00857843,,,,,,,,8.16,7.97,8.04,8.07,8.06266667,0.10528872,0.12344859,4,2,2026,false,false
LU1564329115,2026-04-15,8.24,0.00121507,,,,,,,,8.23,8.15,8.07,8.10857143,8.059,0.10736168,0.11660046,4,2,2026,false,false
LU1564329115,2026-04-16,8.26,0.00242718,,,,,,,,8.24,8.15,8.1,8.15428571,8.057,0.08261047,0.11290557,4,2,2026,false,false
LU1564329115,2026-04-17,8.32,0.00726392,,,,,,,,8.26,8.18,8.06,8.19571429,8.06133333,0.0430472,0.11800377,4,2,2026,false,false
LU1564329115,2026-04-20,8.33,0.00120192,,,,,,,,8.32,8.16,7.98,8.22,8.065,0.05631544,0.12411688,4,2,2026,false,false
LU1564329115,2026-04-21,8.32,-0.00120048,,,,,,,,8.33,8.23,7.94,8.24571429,8.069,0.05948761,0.13049521,4,2,2026,false,false
LU1564329115,2026-04-22,8.3,-0.00240385,,,,,,,,8.32,8.24,8.0,8.26571429,8.07666667,0.05753437,0.13804186,4,2,2026,false,false
LU1564329115,2026-04-23,8.29,-0.00120482,,,,,,,,8.3,8.26,7.95,8.28571429,8.08466667,0.03849198,0.14368329,4,2,2026,false,false
LU1564329115,2026-04-24,8.27,-0.00241255,,,,,,,,8.29,8.32,7.99,8.29428571,8.08866667,0.0311022,0.14761963,4,2,2026,false,false
LU1564329115,2026-04-27,8.29,0.00241838,,,,,,,,8.27,8.33,7.96,8.29857143,8.093,0.02474358,0.15093376,4,2,2026,false,false
LU1564329115,2026-04-28,8.26,-0.00361882,,,,,,,,8.29,8.32,7.87,8.30285714,8.10033333,0.01979487,0.15492973,4,2,2026,false,false
LU1564329115,2026-04-29,8.24,-0.00242131,,,,,,,,8.26,8.3,7.85,8.29428571,8.10766667,0.02321154,0.15709198,4,2,2026,false,false
LU1564329115,2026-04-30,8.21,-0.00364078,,,,,,,,8.24,8.29,7.86,8.28142857,8.11333333,0.02474358,0.15868907,4,2,2026,true,false
LU1564329115,2026-05-04,8.26,0.00609013,,,,,,,,8.21,8.27,7.96,8.26571429,8.117,0.0296923,0.15960681,5,2,2026,false,false
LU1564329115,2026-05-05,8.25,-0.00121065,,,,,,,,8.26,8.29,7.92,8.26,8.12366667,0.02618615,0.16125515,5,2,2026,false,false
LU1564329115,2026-05-06,8.32,0.00848485,,,,,,,,8.25,8.26,7.97,8.25428571,8.13266667,0.02321154,0.1605186,5,2,2026,false,false
LU1564329115,2026-05-07,8.33,0.00120192,,,,,,,,8.32,8.24,8.15,8.26142857,8.14533333,0.03270149,0.15980683,5,2,2026,false,false
LU1564329115,2026-05-08,8.32,-0.00120048,,,,,,,,8.33,8.21,8.15,8.26714286,8.15633333,0.03989783,0.16077901,5,2,2026,false,false
LU1564329115,2026-05-11,8.33,0.00120192,,,,,,,,8.32,8.26,8.18,8.27571429,8.16866667,0.04370588,0.15865546,5,2,2026,false,false
LU1564329115,2026-05-12,8.28,-0.0060024,,,,,,,,8.33,8.25,8.16,8.28857143,8.18,0.04453845,0.15762825,5,2,2026,false,false
LU1564329115,2026-05-13,8.29,0.00120773,,,,,,,,8.28,8.32,8.23,8.29857143,8.19066667,0.0318158,0.15314336,5,2,2026,false,false
LU1564329115,2026-05-15,8.27,-0.00241255,,,,,,,,8.29,8.33,8.24,8.30285714,8.20466667,0.02813959,0.14197965,5,2,2026,false,false
LU1564329115,2026-05-18,8.29,0.00241838,,,,,,,,8.27,8.32,8.26,8.30571429,8.21866667,0.02321154,0.12614101,5,2,2026,false,false
LU1564329115,2026-05-19,8.25,-0.00482509,,,,,,,,8.29,8.33,8.32,8.30142857,8.233,0.02294625,0.10764602,5,2,2026,false,false
LU1564329115,2026-05-20,8.26,0.00121212,,,,,,,,8.25,8.28,8.33,8.29,8.24266667,0.0256348,0.09497134,5,2,2026,false,false
LU1564329115,2026-05-21,8.29,0.00363196,,,,,,,,8.26,8.29,8.32,8.28142857,8.254,0.02415934,0.07369306,5,2,2026,false,false
LU1564329115,2026-05-22,8.34,0.00603136,,,,,,,,8.29,8.27,8.3,8.27571429,8.26466667,0.01498298,0.05168709,5,2,2026,false,false
LU1564329115,2026-05-26,8.38,0.00479616,,,,,,,,8.34,8.29,8.29,8.28428571,8.271,0.02718043,0.04880915,5,2,2026,false,false
LU1564329115,2026-05-27,8.38,0.0,,,,,,,,8.38,8.25,8.27,8.29714286,8.27866667,0.04333072,0.04723934,5,2,2026,false,false
LU1564329115,2026-05-28,8.37,-0.00119332,,,,,,,,8.38,8.26,8.29,8.31285714,8.28533333,0.05006119,0.04695624,5,2,2026,false,false
LU1564329115,2026-05-29,8.35,-0.00238949,,,,,,,,8.37,8.29,8.26,8.32428571,8.29233333,0.05260558,0.04325763,5,2,2026,false,false
LU1564329115,2026-06-01,8.32,-0.00359281,,,,,,,,8.35,8.34,8.24,8.33857143,8.29633333,0.04323642,0.04285505,6,2,2026,false,false
LU1564329115,2026-06-02,8.34,0.00240385,,,,,,,,8.32,8.38,8.21,8.34714286,8.299,0.03103652,0.04174127,6,2,2026,false,false
LU1564329115,2026-06-03,8.34,0.0,,,,,,,,8.34,8.38,8.26,8.35428571,8.30166667,0.02128523,0.04171997,6,2,2026,false,false
LU1564329115,2026-06-04,8.34,0.0,,,,,,,,8.34,8.37,8.25,8.35428571,8.30233333,0.02128523,0.04216502,6,2,2026,false,false
LU1564329115,2026-06-05,8.31,-0.00359712,,,,,,,,8.34,8.35,8.32,8.34857143,8.30266667,0.01884415,0.04242117,6,2,2026,false,false
LU1564329115,2026-06-08,8.26,-0.00601685,,,,,,,,8.31,8.32,8.33,8.33857143,8.30233333,0.01807016,0.04232283,6,2,2026,false,false
LU1564329115,2026-06-09,8.29,0.00363196,,,,,,,,8.26,8.34,8.32,8.32285714,8.301,0.02864277,0.043,6,2,2026,false,false
LU1564329115,2026-06-10,8.26,-0.00361882,,,,,,,,8.29,8.34,8.33,8.31428571,8.301,0.02821203,0.043,6,2,2026,false,false
LU1564329115,2026-06-11,8.23,-0.00363196,,,,,,,,8.26,8.34,8.28,8.30571429,8.30066667,0.03374575,0.04327689,6,2,2026,false,false
LU1564329115,2026-06-12,8.29,0.0072904,,,,,,,,8.23,8.31,8.29,8.29,8.29866667,0.03927922,0.04507278,6,2,2026,false,false
LU1564329115,2026-06-15,8.39,0.01206273,,,,,,,,8.29,8.26,8.27,8.28285714,8.29966667,0.03368522,0.04453338,6,2,2026,false,false
LU1564329115,2026-06-16,8.4,0.0011919,,,,,,,,8.39,8.29,8.29,8.29,8.30466667,0.0475094,0.04595167,6,2,2026,false,false
LU1564329115,2026-06-17,8.4,0.0,,,,,,,,8.4,8.26,8.25,8.30285714,8.311,0.06134546,0.04555948,6,2,2026,false,false
LU1564329115,2026-06-18,8.35,-0.00595238,,,,,,,,8.4,8.23,8.26,8.32285714,8.31566667,0.06670067,0.04723582,6,2,2026,false,false
LU1564329115,2026-06-19,8.34,-0.0011976,,,,,,,,8.35,8.29,8.29,8.33142857,8.319,0.06577637,0.04599638,6,2,2026,false,false
LU1564329115,2026-06-22,8.35,0.00119904,,,,,,,,8.34,8.39,8.34,8.34285714,8.31966667,0.05897076,0.04615072,6,2,2026,false,false
LU1564329115,2026-06-24,8.29,-0.00718563,,,,,,,,8.35,8.4,8.38,8.36,8.32033333,0.0370328,0.04643873,6,2,2026,false,false
LU1564329115,2026-06-25,8.29,0.0,,,,,,,,8.29,8.4,8.38,8.36,8.31933333,0.0370328,0.04675706,6,2,2026,false,false
LU1564329115,2026-06-26,8.29,0.0,,,,,,,,8.29,8.35,8.37,8.34571429,8.318,0.04169863,0.04700355,6,2,2026,false,false
LU1564329115,2026-06-29,8.32,0.00361882,,,,,,,,8.29,8.34,8.35,8.33,8.31833333,0.03891382,0.04676775,6,2,2026,false,false
LU1564329115,2026-06-30,8.28,-0.00480769,,,,,,,,8.32,8.35,8.32,8.31857143,8.31933333,0.02641892,0.04647102,6,2,2026,true,true
LU1564329115,2026-07-01,8.28,0.0,,,,,,,,8.28,8.29,8.34,8.30857143,8.31966667,0.02587253,0.04615072,7,3,2026,false,false
LU1564329115,2026-07-02,8.34,0.00724638,,,,,,,,8.28,8.29,8.34,8.3,8.31933333,0.02390457,0.04639923,7,3,2026,false,false
LU1564329115,2026-07-03,8.34,0.0,,,,,,,,8.34,8.29,8.34,8.29857143,8.32233333,0.02099563,0.04469775,7,3,2026,false,false
LU1564329115,2026-07-06,8.35,0.00119904,,,,,,,,8.34,8.32,8.31,8.30571429,8.325,0.02498979,0.04326276,7,3,2026,false,false
LU1564329115,2026-07-07,8.35,0.0,,,,,,,,8.35,8.28,8.26,8.31428571,8.327,0.02821203,0.04298449,7,3,2026,false,false
LU1564329115,2026-07-08,8.3,-0.00598802,,,,,,,,8.35,8.28,8.29,8.32285714,8.32733333,0.02864277,0.04312256,7,3,2026,false,false
LU1564329115,2026-07-09,8.32,0.00240964,,,,,,,,8.3,8.34,8.26,8.32,8.32466667,0.02976095,0.04224795,7,3,2026,false,false
LU1564329115,2026-07-10,8.35,0.00360577,,,,,,,,8.32,8.34,8.23,8.32571429,8.32266667,0.02498979,0.04098238,7,3,2026,false,false
LU1564329115,2026-07-13,8.35,0.0,,,,,,,,8.35,8.35,8.29,8.33571429,8.322,0.01761261,0.040365,7,3,2026,false,false
LU1564329115,2026-07-14,8.35,0.0,,,,,,,,8.35,8.35,8.39,8.33714286,8.322,0.01829464,0.040365,7,3,2026,false,false
LU1564329115,2026-07-15,8.36,0.0011976,,,,,,,,8.35,8.3,8.4,8.33857143,8.323,0.01884415,0.0406735,7,3,2026,false,false
LU1564329115,2026-07-16,8.36,0.0,,,,,,,,8.36,8.32,8.4,8.34,8.32366667,0.02,0.04110826,7,3,2026,false,false
LU1564329115,2026-07-17,8.33,-0.00358852,,,,,,,,8.36,8.35,8.35,8.34142857,8.32433333,0.02099563,0.04152777,7,3,2026,false,false
LU1564329115,2026-07-20,8.32,-0.00120048,,,,,,,,8.33,8.35,8.34,8.34571429,8.324,0.01399708,0.04144072,7,3,2026,false,false
LU1564329115,2026-07-21,8.32,0.0,,,,,,,,8.32,8.35,8.35,8.34571429,8.32433333,0.01399708,0.04136692,7,3,2026,false,false
LU1564329115,2026-07-22,8.34,0.00240385,,,,,,,,8.32,8.36,8.29,8.34142857,8.32633333,0.01641304,0.03962182,7,3,2026,false,false
LU1564329115,2026-07-23,8.28,-0.00719424,,,,,,,,8.34,8.36,8.29,8.34,8.328,0.01603567,0.03910669,7,3,2026,false,false
LU1564329115,2026-07-24,8.28,0.0,,,,,,,,8.28,8.33,8.29,8.33,8.32866667,0.0256348,0.03809929,7,3,2026,false,false
LU1564329115,2026-07-27,8.32,0.00483092,,,,,,,,8.28,8.32,8.32,8.31857143,8.33033333,0.02747912,0.03468749,7,3,2026,false,false
LU1564329115,2026-07-28,8.3,-0.00240385,,,,,,,,8.32,8.32,8.28,8.31285714,8.33133333,0.02185294,0.03393458,7,3,2026,false,false
LU1564329115,2026-07-29,8.3,0.0,,,,,,,,8.3,8.34,8.28,8.30857143,8.32833333,0.02099563,0.03256617,7,3,2026,false,false
LU1564329115,2026-07-30,8.33,0.00361446,,,,,,,,8.3,8.28,8.34,8.30571429,8.325,0.02060315,0.03008322,7,3,2026,false,false
LU1564329115,2026-07-31,8.28,-0.0060024,,,,,,,,8.33,8.28,8.34,8.30714286,8.32266667,0.02185294,0.02669998,7,3,2026,true,false
LU1564329115,2026-08-03,8.36,0.00966184,,,,,,,,8.28,8.32,8.35,8.29857143,8.32033333,0.01884415,0.0272621,8,3,2026,false,false
LU1564329115,2026-08-04,8.41,0.00598086,,,,,,,,8.36,8.3,8.35,8.31,8.321,0.02672612,0.02797022,8,3,2026,false,false
LU1564329115,2026-08-05,8.48,0.00832342,,,,,,,,8.41,8.3,8.3,8.32857143,8.323,0.04085814,0.0318486,8,3,2026,false,false
LU1564329115,2026-08-06,8.46,-0.00235849,,,,,,,,8.48,8.33,8.32,8.35142857,8.32933333,0.06642473,0.04194706,8,3,2026,false,false
LU1564329115,2026-08-07,8.47,0.00118203,,,,,,,,8.46,8.28,8.35,8.37428571,8.335,0.07208272,0.04738143,8,3,2026,false,false
LU1564329115,2026-08-10,8.47,0.0,,,,,,,,8.47,8.36,8.35,8.39857143,8.341,0.07159979,0.05243091,8,3,2026,false,false
LU1564329115,2026-08-11,8.48,0.00118064,,,,,,,,8.47,8.41,8.35,8.41857143,8.346,0.06916411,0.05713143,8,3,2026,false,false
