isin,feature_date,nav,return_1d,return_7d,return_30d,ma_7,ma_30,ma_90,volatility_30,momentum,target_nav_1d,target_nav_30d,target_nav_90d
LU0348825331,2025-07-08,60.7451,,,,,,,,,60.1203,,
LU0348825331,2025-07-09,60.1203,-0.0102856,,,,,,,,60.3923,,
LU0348825331,2025-07-10,60.3923,0.00452426,,,,,,,,60.6029,,
LU0348825331,2025-07-11,60.6029,0.0034872,,,,,,,,61.058,,
LU0348825331,2025-07-14,61.058,0.00750954,,,,,,,,62.0564,,
LU0348825331,2025-07-15,62.0564,0.01635167,0.02158693,,,,,,,62.0551,,
LU0348825331,2025-07-16,62.0551,-0.00002095,0.03218214,,61.0043,,,,,62.233,,
LU0348825331,2025-07-17,62.233,0.00286681,0.03047905,,61.216857,,,,,63.0608,,
LU0348825331,2025-07-18,63.0608,0.01330162,0.04055747,,61.636929,,,,,63.5357,,
LU0348825331,2025-07-21,63.5357,0.00753083,0.04057945,,62.085986,,,,,63.8612,,
LU0348825331,2025-07-22,63.8612,0.0051231,0.02908322,,62.551457,,,,,64.7278,,
LU0348825331,2025-07-23,64.7278,0.01357006,0.04306979,,63.075714,,,,,65.2136,,
LU0348825331,2025-07-24,65.2136,0.00750528,0.0478942,,63.526743,,,,,64.4721,,
LU0348825331,2025-07-25,64.4721,-0.01137033,0.02237999,,63.872029,,,,,64.888,,
LU0348825331,2025-07-28,64.888,0.00645085,0.0212841,,64.251314,,,,,65.118,,
LU0348825331,2025-07-29,65.118,0.00354457,0.01968018,,64.5452,,,,,64.244,,
LU0348825331,2025-07-30,64.244,-0.01342179,-0.00747438,,64.646386,,,,,63.0169,,
LU0348825331,2025-07-31,63.0169,-0.01910062,-0.03368469,,64.525771,,,,,62.3192,,
LU0348825331,2025-08-01,62.3192,-0.01107163,-0.03339274,,64.181686,,,,,62.7853,,
LU0348825331,2025-08-04,62.7853,0.00747924,-0.03240507,,63.834786,,,,,63.6523,,
LU0348825331,2025-08-05,63.6523,0.01380896,-0.02250837,,63.717671,,,,,63.9181,,
LU0348825331,2025-08-06,63.9181,0.00417581,-0.00507285,0.05223467,63.579114,,,,,63.9421,,
LU0348825331,2025-08-07,63.9421,0.00037548,0.01468178,0.06356921,63.411129,,,,,63.6232,,
LU0348825331,2025-08-08,63.6232,-0.00498732,0.02092453,0.05349854,63.322443,,,,,63.8135,,
LU0348825331,2025-08-11,63.8135,0.00299105,0.01637644,0.05297766,63.436243,,,,,63.9994,,
LU0348825331,2025-08-12,63.9994,0.00291318,0.00545306,0.04817387,63.676271,,,,,65.8285,,
LU0348825331,2025-08-13,65.8285,0.02857996,0.02988825,0.06078503,64.111014,,,,,65.9646,,
LU0348825331,2025-08-14,65.9646,0.00206749,0.03163018,0.06300046,64.441343,,,,,66.3336,,
LU0348825331,2025-08-18,66.3336,0.00559391,0.04260081,0.06589109,64.786414,,,,,66.498,,
LU0348825331,2025-08-19,66.498,0.00247838,0.0420679,0.05450613,65.151543,63.4693,,,,66.1896,,
LU0348825331,2025-08-20,66.1896,-0.00463773,0.0342222,0.04177022,65.518171,63.650783,,0.00958142,,66.0519,,
LU0348825331,2025-08-21,66.0519,-0.00208039,0.00339367,0.03430408,65.837943,63.848503,,0.00931419,,66.9123,,
LU0348825331,2025-08-22,66.9123,0.01302612,0.0143668,0.03374902,66.254071,64.065837,,0.00947853,,68.5994,,
LU0348825331,2025-08-25,68.5994,0.0252136,0.03415765,0.05191862,66.649914,64.332387,,0.01025087,,68.1719,,
LU0348825331,2025-08-26,68.1719,-0.00623183,0.02517219,0.05738606,66.965243,64.569517,,0.01039836,,67.2917,,
LU0348825331,2025-08-27,67.2917,-0.01291148,0.01665065,0.03704383,67.102114,64.744027,,0.01054057,,66.834,,
LU0348825331,2025-08-28,66.834,-0.00680173,0.01184069,0.02635216,67.150114,64.903323,,0.01066966,,67.4011,,
LU0348825331,2025-08-29,67.4011,0.0084852,0.00730508,0.04914233,67.323186,65.075593,,0.01072306,,69.1551,,
LU0348825331,2025-09-01,69.1551,0.02602331,0.00810065,0.09740562,67.7665,65.278737,,0.01136544,,68.6993,,
LU0348825331,2025-09-02,68.6993,-0.00659098,0.00773633,0.10237776,68.021786,65.450857,,0.011466,,68.648,,
LU0348825331,2025-09-03,68.648,-0.00074673,0.02015553,0.09337695,68.028729,65.610417,,0.01147261,,67.3127,,
LU0348825331,2025-09-04,67.3127,-0.0194514,0.00716252,0.05750617,67.905986,65.69658,,0.01193052,,68.9376,,
LU0348825331,2025-09-05,68.9376,0.02413958,0.02279636,0.07853018,68.141114,65.820713,,0.01257176,,69.5692,,
LU0348825331,2025-09-08,69.5692,0.00916191,0.00598799,0.08800305,68.531857,65.990617,,0.01238651,,70.2188,,
LU0348825331,2025-09-09,70.2188,0.00933747,0.02211813,0.10366659,68.934386,66.16831,,0.01242707,,70.7284,,
LU0348825331,2025-09-10,70.7284,0.00725732,0.03030533,0.10836108,69.159143,66.355323,,0.01245321,,70.9965,,
LU0348825331,2025-09-11,70.9965,0.00379056,0.05472667,0.10933071,69.487314,66.580407,,0.01208194,,71.8179,,
LU0348825331,2025-09-12,71.8179,0.01156958,0.04178126,0.09098491,69.940157,66.873773,,0.01141303,,71.9268,,
LU0348825331,2025-09-15,71.9268,0.00151634,0.03388856,0.09038484,70.599314,67.194027,,0.01106131,,72.1006,,
LU0348825331,2025-09-16,72.1006,0.00241635,0.02679909,0.08693935,71.051171,67.504537,,0.01105855,,73.3554,,
LU0348825331,2025-09-17,73.3554,0.01740346,0.03714208,0.1031219,71.592057,67.827973,,0.01117564,,72.7173,,
LU0348825331,2025-09-18,72.7173,-0.00869875,0.02423781,0.09862123,71.948986,68.12128,,0.01143564,,72.6926,,
LU0348825331,2025-09-19,72.6926,-0.00033967,0.01217941,0.10053761,72.229586,68.412963,,0.01144469,,72.3473,,
LU0348825331,2025-09-22,72.3473,-0.00475014,0.00584622,0.08122572,72.422557,68.703767,,0.01143832,,72.1547,,
LU0348825331,2025-09-23,72.1547,-0.00266216,0.00075034,0.05182698,72.470671,68.981807,,0.01150564,,73.0011,,
LU0348825331,2025-09-24,73.0011,0.01173035,-0.00482991,0.07083857,72.624143,69.281863,,0.01158217,,73.31,,
LU0348825331,2025-09-25,73.31,0.00423144,0.00815074,0.08943599,72.796914,69.531247,,0.01068185,,72.0926,,
LU0348825331,2025-09-26,72.0926,-0.01660619,-0.00825394,0.07868151,72.616514,69.735513,,0.01128317,,73.5291,,
LU0348825331,2025-09-29,73.5291,0.01992576,0.01633509,0.0909184,72.732486,69.975363,,0.01167815,,74.3501,,
LU0348825331,2025-09-30,74.3501,0.01116565,0.03042629,0.075121,72.969271,70.2371,,0.01175651,,75.4414,,
LU0348825331,2025-10-02,75.4414,0.01467786,0.03342826,0.09813928,73.411286,70.545493,,0.0118058,,75.125,,
LU0348825331,2025-10-03,75.125,-0.00419398,0.02475788,0.09435089,73.835614,70.84793,,0.01185072,,74.6475,,
LU0348825331,2025-10-06,74.6475,-0.00635607,0.03543914,0.10896606,74.070814,71.10577,,0.01188945,,74.4495,,
LU0348825331,2025-10-08,74.4495,-0.00265247,0.01251749,0.07995492,74.2336,71.300773,,0.01124531,,74.4166,,
LU0348825331,2025-10-09,74.4166,-0.00044191,0.00089442,0.06967739,74.5656,71.50893,,0.01113791,,72.2857,,
LU0348825331,2025-10-10,72.2857,-0.02863474,-0.04182982,0.02943514,74.387971,71.675397,,0.01219364,,70.8644,,
LU0348825331,2025-10-13,70.8644,-0.01966226,-0.05671348,0.00192285,73.890014,71.809743,,0.01272627,,69.5061,,
LU0348825331,2025-10-14,69.5061,-0.01916759,-0.06887572,-0.02099258,73.042114,71.87991,,0.01321764,,70.8841,,
LU0348825331,2025-10-15,70.8841,0.0198256,-0.04789018,-0.01300233,72.436271,71.937543,,0.01287056,,70.955,,
LU0348825331,2025-10-16,70.955,0.00100022,-0.0465165,-0.01351096,71.908771,72.012733,,0.01279507,,69.1313,,
LU0348825331,2025-10-17,69.1313,-0.02570221,-0.04363795,-0.04118274,71.149029,72.028843,,0.01367306,,70.5716,,
LU0348825331,2025-10-20,70.5716,0.02083427,-0.00413183,-0.03794949,70.599743,72.137473,,0.01364281,,71.4012,,
LU0348825331,2025-10-21,71.4012,0.01175544,0.02726523,-0.01809886,70.473386,72.219593,,0.01313459,,70.6255,,
LU0348825331,2025-10-22,70.6255,-0.01086396,-0.00364821,-0.02843618,70.439257,72.254803,,0.01322449,,70.68,,
LU0348825331,2025-10-23,70.68,0.00077168,-0.0038757,-0.02304578,70.606957,72.270177,,0.01312464,,71.5822,,
LU0348825331,2025-10-24,71.5822,0.01276457,0.03545283,-0.00793434,70.706686,72.298637,,0.01325844,,72.7437,,
LU0348825331,2025-10-27,72.7437,0.0162261,0.03077867,-0.00352597,70.962214,72.356877,,0.01354647,,72.1733,,
LU0348825331,2025-10-28,72.1733,-0.00784123,0.01081354,-0.01550539,71.396786,72.368723,,0.01348496,,72.2138,,
LU0348825331,2025-10-30,72.2138,0.00056115,0.02248904,0.00168117,71.631386,72.37829,,0.01348307,,70.6938,,
LU0348825331,2025-10-31,70.6938,-0.02104861,0.00019525,-0.03856024,71.530329,72.331397,,0.01400375,,70.9751,,
LU0348825331,2025-11-03,70.9751,0.00397913,-0.00848116,-0.04539335,71.580271,72.252053,,0.01363221,,70.3123,,
LU0348825331,2025-11-04,70.3123,-0.00933849,-0.0334242,-0.06798787,71.527743,72.171887,,0.01364472,,70.2017,,
LU0348825331,2025-11-05,70.2017,-0.00157298,-0.02731758,-0.06553478,71.330529,72.088857,,0.01364444,,71.7701,,
LU0348825331,2025-11-06,71.7701,0.02234134,-0.00614425,-0.0385465,71.191443,72.069617,,0.01425378,,71.0786,,
LU0348825331,2025-11-07,71.0786,-0.00963493,0.00544319,-0.04527767,71.035057,72.033747,,0.01434913,,71.7624,,
LU0348825331,2025-11-10,71.7624,0.00962034,0.01109262,-0.03566677,70.970571,71.992457,,0.01429458,,71.8765,,
LU0348825331,2025-11-11,71.8765,0.00158997,0.02224646,-0.00566087,71.139529,71.944673,,0.01427349,,72.0178,,
LU0348825331,2025-11-12,72.0178,0.00196587,0.02586974,0.01627616,71.288486,71.94218,,0.01396331,,72.7092,,
LU0348825331,2025-11-13,72.7092,0.0096004,0.01308484,0.04608373,71.6309,71.91485,,0.01359179,,71.0712,,
LU0348825331,2025-11-14,71.0712,-0.0225281,-0.00010411,0.00263952,71.755114,71.805553,,0.01398591,,70.4758,,
LU0348825331,2025-11-17,70.4758,-0.00837751,-0.01792861,-0.00675358,71.570214,71.640033,,0.01371185,,69.0472,,
LU0348825331,2025-11-18,69.0472,-0.02027079,-0.03936335,-0.00121653,71.280014,71.43744,,0.01408934,,68.9276,,
LU0348825331,2025-11-19,68.9276,-0.00173215,-0.04290884,-0.02329549,70.875043,71.246777,,0.01407388,,68.6565,,
LU0348825331,2025-11-20,68.6565,-0.00393311,-0.05573848,-0.03844053,70.415043,71.053677,,0.01407605,,66.6203,,
LU0348825331,2025-11-21,66.6203,-0.02965779,-0.06262593,-0.05671039,69.643971,70.7938,,0.0148809,,67.8988,,
LU0348825331,2025-11-24,67.8988,0.01919085,-0.03656574,-0.03934918,68.956771,70.64757,,0.01467073,,68.7871,,
LU0348825331,2025-11-25,68.7871,0.01308271,-0.00376699,-0.03904742,68.630471,70.578327,,0.01453178,,68.871,,
LU0348825331,2025-11-26,68.871,0.00121971,-0.00082115,-0.0532376,68.401214,70.557157,,0.01413213,,68.6597,,
LU0348825331,2025-11-27,68.6597,-0.00306805,0.00004661,-0.04868282,68.345857,70.48301,,0.01363938,,68.5686,,
LU0348825331,2025-11-28,68.5686,-0.00132683,0.02924484,-0.05047789,68.294571,70.403463,,0.01363458,,69.1847,,
LU0348825331,2025-12-01,69.1847,0.00898516,0.01893848,-0.02134699,68.370029,70.405243,,0.01294819,,69.2025,,
LU0348825331,2025-12-02,69.2025,0.00025728,0.00603892,-0.02497496,68.738914,70.359607,,0.01236403,,68.3411,,
LU0348825331,2025-12-03,68.3411,-0.01244753,-0.00769409,-0.02803492,68.8021,70.257603,,0.01232263,,68.9866,,
LU0348825331,2025-12-04,68.9866,0.00944527,0.00476116,-0.0173087,68.8306,70.202973,,0.01234102,,69.6962,,
LU0348825331,2025-12-05,69.6962,0.01028606,0.01644485,-0.02889643,68.948486,70.17018,,0.01249619,,69.3441,,
LU0348825331,2025-12-08,69.3441,-0.00505193,0.00230398,-0.02440256,69.046257,70.095577,,0.01227844,,68.6133,,
LU0348825331,2025-12-09,68.6133,-0.01053875,-0.00851414,-0.04388231,69.052643,69.957897,,0.01196397,,68.6463,,
LU0348825331,2025-12-10,68.6463,0.00048096,0.00446583,-0.04494098,68.975729,69.84033,,0.01191881,,68.2326,,
LU0348825331,2025-12-11,68.2326,-0.00602654,-0.01092966,-0.05255923,68.837171,69.707623,,0.01193769,,69.3124,,
LU0348825331,2025-12-12,69.3124,0.01582528,-0.00550676,-0.04671761,68.975929,69.661577,,0.0117917,,67.4783,,
LU0348825331,2025-12-15,67.4783,-0.02646135,-0.0269064,-0.05055353,68.760457,69.545017,,0.01263463,,66.2751,,
LU0348825331,2025-12-16,66.2751,-0.01783092,-0.03407794,-0.05960486,68.271729,69.410443,,0.0128972,,66.8894,,
LU0348825331,2025-12-17,66.8894,0.00926894,-0.02559351,-0.03125109,67.921057,69.300033,,0.01305187,,66.4532,,
LU0348825331,2025-12-18,66.4532,-0.00652121,-0.02607844,-0.03589854,67.612471,69.122803,,0.01229929,,67.0944,,
LU0348825331,2025-12-19,67.0944,0.0096489,-0.03200005,-0.0227524,67.390771,68.989997,,0.01241228,,67.6322,,
LU0348825331,2025-12-22,67.6322,0.00801557,0.00228073,0.01518906,67.305,68.852323,,0.01236613,,67.6197,,
LU0348825331,2025-12-23,67.6197,-0.00018482,0.02028816,-0.00411053,67.063186,68.71043,,0.01235355,,67.3845,,
LU0348825331,2025-12-29,67.3845,-0.00347828,0.00740177,-0.02039045,67.049786,68.555987,,0.01233457,,67.8137,,
LU0348825331,2025-12-30,67.8137,0.00636942,0.02047305,-0.01535189,67.269586,68.392803,,0.01224539,,67.3214,,
LU0348825331,2025-12-31,67.3214,-0.0072596,0.00338329,-0.01949178,67.3313,68.26781,,0.01169683,,68.8842,,
LU0348825331,2026-01-02,68.8842,,,,,,,,,69.3689,,
LU0348825331,2026-01-05,69.3689,0.00703645,,,,,,,,70.2972,,
LU0348825331,2026-01-06,70.2972,0.01338208,,,,,,,,70.0781,,
LU0348825331,2026-01-07,70.0781,-0.00311677,,,,,,,,69.1993,,
LU0348825331,2026-01-08,69.1993,-0.01254029,,,,,,,,69.619,,
LU0348825331,2026-01-09,69.619,0.00606509,0.01066718,,,,,,,70.4772,,
LU0348825331,2026-01-12,70.4772,0.01232709,0.0159769,,69.703414,,,,,71.0812,,
LU0348825331,2026-01-13,71.0812,0.00857015,0.01115265,,70.017271,,,,,71.2553,,
LU0348825331,2026-01-14,71.2553,0.00244931,0.0167984,,70.286757,,,,,70.7757,,
LU0348825331,2026-01-15,70.7757,-0.00673073,0.02278058,,70.355114,,,,,70.8412,,
LU0348825331,2026-01-16,70.8412,0.00092546,0.01755555,,70.464129,,,,,70.1877,,
LU0348825331,2026-01-19,70.1877,-0.00922486,-0.00410771,,70.605329,,,,,70.0545,,
LU0348825331,2026-01-20,70.0545,-0.00189777,-0.01444404,,70.667543,,,,,70.3041,,
LU0348825331,2026-01-21,70.3041,0.00356294,-0.01334918,,70.642814,,,,,70.5871,,
LU0348825331,2026-01-22,70.5871,0.00402537,-0.00266476,,70.572229,,,,,70.6013,,
LU0348825331,2026-01-23,70.6013,0.00020117,-0.00338645,,70.4788,,,,,70.4622,,
LU0348825331,2026-01-26,70.4622,-0.00197022,0.00391094,,70.434014,,,,,71.1996,,
LU0348825331,2026-01-27,71.1996,0.01046519,0.01634585,,70.485214,,,,,72.6268,,
LU0348825331,2026-01-28,72.6268,0.02004506,0.0330379,,70.833657,,,,,72.6826,,
LU0348825331,2026-01-29,72.6826,0.00076831,0.02968673,,71.2091,,,,,71.2978,,
LU0348825331,2026-01-30,71.2978,-0.0190527,0.00986526,,71.351057,,,,,69.5836,,
LU0348825331,2026-02-02,69.5836,-0.02404282,-0.0124691,0.01015327,71.2077,,,,,69.8128,,
LU0348825331,2026-02-03,69.8128,0.00329388,-0.01947764,0.00639912,71.095057,,,,,69.6126,,
LU0348825331,2026-02-04,69.6126,-0.00286767,-0.04150259,-0.00973865,70.973686,,,,,69.1583,,
LU0348825331,2026-02-05,69.1583,-0.00652612,-0.04848891,-0.01312536,70.682071,,,,,68.665,,
LU0348825331,2026-02-06,68.665,-0.00713291,-0.03692681,-0.00772118,70.1161,,,,,70.2317,,
LU0348825331,2026-02-09,70.2317,0.02281657,0.00931398,0.00880076,69.765971,,,,,70.8259,,
LU0348825331,2026-02-10,70.8259,0.00846057,0.01451167,0.0049477,69.698557,,,,,71.2148,,
LU0348825331,2026-02-11,71.2148,0.00549093,0.02301595,0.00187954,69.931586,,,,,71.0236,,
LU0348825331,2026-02-12,71.0236,-0.00268484,0.02697146,-0.00325169,70.104557,70.40031,,,,69.7729,,
LU0348825331,2026-02-13,69.7729,-0.01760964,0.01613486,-0.0141687,70.127457,70.429933,,0.01053501,,70.3633,,
LU0348825331,2026-02-16,70.3633,0.00846174,0.0018738,-0.00674607,70.2996,70.46308,,0.01056762,,69.7411,,
LU0348825331,2026-02-20,69.7411,-0.00884268,-0.01531643,-0.00636294,70.453329,70.444543,,0.01041867,,71.1335,,
LU0348825331,2026-02-23,71.1335,0.01996527,-0.00114162,0.01540229,70.582157,70.479723,,0.01101107,,69.9333,,
LU0348825331,2026-02-24,69.9333,-0.0168725,-0.01535124,-0.00527423,70.454643,70.50419,,0.01120856,,70.3869,,
LU0348825331,2026-02-25,70.3869,0.00648618,0.00879998,-0.00283621,70.336371,70.529787,,0.01121589,,69.3713,,
LU0348825331,2026-02-26,69.3713,-0.01442882,-0.01409826,-0.01742178,70.100329,70.492923,,0.01129778,,69.6418,,
LU0348825331,2026-02-27,69.6418,0.00389931,-0.00142384,-0.01164312,70.0816,70.444943,,0.01120401,,68.7943,,
LU0348825331,2026-03-02,68.7943,-0.01216942,-0.03288465,-0.03378249,69.857457,70.36291,,0.01137654,,67.3083,,
LU0348825331,2026-03-03,67.3083,-0.02160063,-0.03753577,-0.07323054,69.509914,70.24733,,0.01192167,,66.3574,,
LU0348825331,2026-03-04,66.3574,-0.01412753,-0.05724787,-0.08702496,68.827614,70.09787,,0.01211987,,66.5357,,
LU0348825331,2026-03-05,66.5357,0.00268696,-0.04087569,-0.06679168,68.342243,69.976137,,0.01207511,,67.2948,,
LU0348825331,2026-03-06,67.2948,0.01140891,-0.03370102,-0.03289281,67.900514,69.884147,,0.0123022,,66.6625,,
LU0348825331,2026-03-09,66.6625,-0.00939597,-0.03098803,-0.04512496,67.513543,69.76276,,0.01235257,,68.2383,,
LU0348825331,2026-03-10,68.2383,0.02363848,0.01381702,-0.01974212,67.313043,69.684467,,0.01313243,,68.1405,,
LU0348825331,2026-03-11,68.1405,-0.00143321,0.02687116,-0.01471696,67.219643,69.60244,,0.01313055,,67.6297,,
LU0348825331,2026-03-12,67.6297,-0.00749628,0.0164423,-0.01507755,67.265557,69.508023,,0.0131802,,66.9058,,
LU0348825331,2026-03-13,66.9058,-0.01070388,-0.00578054,-0.04735611,67.3439,69.364897,,0.01309892,,67.3637,,
LU0348825331,2026-03-16,67.3637,0.00684395,0.01051866,-0.04888325,67.462186,69.18946,,0.01256219,,67.0623,,
LU0348825331,2026-03-17,67.0623,-0.00447422,-0.01723372,-0.05830951,67.428971,69.002117,,0.01255301,,67.5755,,
LU0348825331,2026-03-18,67.5755,0.00765259,-0.00829169,-0.04854865,67.5594,68.87804,,0.01229906,,65.5812,,
LU0348825331,2026-03-19,65.5812,-0.02951218,-0.03028995,-0.06007633,67.179814,68.744627,,0.01266388,,64.8294,,
LU0348825331,2026-03-20,64.8294,-0.01146365,-0.03103468,-0.07864753,66.7068,68.578513,,0.01273926,,62.5642,,
LU0348825331,2026-03-23,62.5642,-0.03494094,-0.07124757,-0.10290775,65.983157,68.343567,,0.01401674,,64.3988,,
LU0348825331,2026-03-24,64.3988,0.02932348,-0.0397168,-0.09467691,65.625014,68.184917,,0.01518346,,65.2417,,
LU0348825331,2026-03-25,65.2417,0.01308875,-0.03453619,-0.06708678,65.321871,68.070807,,0.01539942,,63.8826,,
LU0348825331,2026-03-26,63.8826,-0.02083177,-0.02590072,-0.09240782,64.867629,67.85917,,0.015084,,64.0428,,
LU0348825331,2026-03-27,64.0428,0.00250773,-0.01213338,-0.0768113,64.362957,67.633067,,0.01497014,,63.6991,,
LU0348825331,2026-03-30,63.6991,-0.00536672,0.01813977,-0.08533237,64.094086,67.382543,,0.01488575,,63.3422,,
LU0348825331,2026-03-31,63.3422,-0.0056029,-0.01640714,-0.07925221,63.881629,67.126497,,0.01488899,,64.955,,
LU0348825331,2026-04-01,64.955,0.0254617,-0.00439443,-0.034963,64.223171,66.9659,,0.01554058,,64.3553,,
LU0348825331,2026-04-02,64.3553,-0.00923255,0.00739951,-0.03017147,64.216957,66.765633,,0.01545797,,66.5002,,
LU0348825331,2026-04-08,66.5002,0.03332903,0.03837121,-0.00053355,64.396743,66.657603,,0.01671555,,66.253,,
LU0348825331,2026-04-09,66.253,-0.00371728,0.04009319,-0.01548114,64.735371,66.49492,,0.01623816,,66.8009,,
LU0348825331,2026-04-10,66.8009,0.00826981,0.05460341,0.00207613,65.129386,66.390507,,0.01610936,,66.2805,,
LU0348825331,2026-04-13,66.2805,-0.00779031,0.02040644,-0.02869063,65.498157,66.253627,,0.01608031,,67.0176,,
LU0348825331,2026-04-14,67.0176,0.01112092,0.04136878,-0.01647919,66.023214,66.17517,,0.01606934,,67.1512,,
LU0348825331,2026-04-15,67.1512,0.00199351,0.00978944,-0.00707529,66.336957,66.09215,,0.01605352,,68.8662,,
LU0348825331,2026-04-16,68.8662,0.02553938,0.03944274,0.0293009,66.981371,66.094547,,0.01660323,,68.5445,,
LU0348825331,2026-04-17,68.5445,-0.00467138,0.02610144,0.01752873,67.273414,66.135753,,0.0161347,,68.8846,,
LU0348825331,2026-04-20,68.8846,0.00496174,0.03928908,0.02717324,67.649357,66.219993,,0.01591081,,69.0903,,
LU0348825331,2026-04-21,69.0903,0.00298615,0.0309277,0.02241641,67.976414,66.305147,,0.01591172,,68.6221,,
LU0348825331,2026-04-22,68.6221,-0.00677664,0.0219043,0.04636847,68.310929,66.34939,,0.01586456,,67.7512,,
LU0348825331,2026-04-23,67.7512,-0.01269125,-0.01619082,0.04506906,68.415729,66.38568,,0.01594581,,67.9181,,
LU0348825331,2026-04-24,67.9181,0.00246343,-0.00913859,0.0855745,68.525286,66.375007,,0.01537169,,67.7818,,
LU0348825331,2026-04-27,67.7818,-0.00200683,-0.01600938,0.05253203,68.370371,66.36305,,0.01537377,,67.0536,,
LU0348825331,2026-04-28,67.0536,-0.0107433,-0.02947881,0.02777212,68.157386,66.343847,,0.01543705,,68.1482,,
LU0348825331,2026-04-29,68.1482,0.01632425,-0.00690594,0.06677249,68.052186,66.38526,,0.01558377,,67.3252,,
LU0348825331,2026-04-30,67.3252,-0.01207662,-0.00628771,0.05125322,67.800029,66.383977,,0.01570615,,68.0116,,
LU0348825331,2026-05-04,68.0116,0.01019529,0.00137666,0.06770111,67.712814,66.41562,,0.01578416,,67.7043,,
LU0348825331,2026-05-05,67.7043,-0.00451835,-0.00114337,0.06886562,67.706114,66.419913,,0.01575388,,68.791,,
LU0348825331,2026-05-06,68.791,0.01605068,0.02591061,0.05905627,67.830814,66.526907,,0.01499547,,70.0881,,
LU0348825331,2026-05-07,70.0881,0.01885566,0.0284659,0.08908046,68.160286,66.702197,,0.01509519,,69.7324,,
LU0348825331,2026-05-08,69.7324,-0.00507504,0.03575481,0.04860437,68.542971,66.941137,,0.01347691,,70.0526,,
LU0348825331,2026-05-11,70.0526,0.00459184,0.03000959,0.05734986,68.815029,67.129597,,0.01261384,,70.1152,,
LU0348825331,2026-05-12,70.1152,0.00089361,0.03560926,0.0496146,69.2136,67.292047,,0.01247428,,70.6957,,
LU0348825331,2026-05-13,70.6957,0.00827923,0.02768822,0.06661386,69.597043,67.51915,,0.01173327,,68.976,,
LU0348825331,2026-05-15,68.976,-0.02432538,-0.01586717,0.02922217,69.778714,67.68359,,0.01274987,,68.3713,,
LU0348825331,2026-05-18,68.3713,-0.00876682,-0.0195189,0.01816944,69.718757,67.83933,,0.01283463,,68.5433,,
LU0348825331,2026-05-19,68.5433,0.00251568,-0.02154524,-0.0046888,69.498071,68.0127,,0.0127474,,68.3745,,
LU0348825331,2026-05-20,68.3745,-0.00246268,-0.02482629,-0.00248014,69.304086,68.126683,,0.01205304,,67.3805,,
LU0348825331,2026-05-21,67.3805,-0.01453758,-0.04689394,-0.02183507,68.922357,68.227523,,0.01225067,,68.3074,,
LU0348825331,2026-05-22,68.3074,0.01375621,-0.00969323,-0.01133155,68.6641,68.287763,,0.01100138,,68.8843,,
LU0348825331,2026-05-26,68.8843,0.00844564,0.00750315,0.00382093,68.405329,68.375473,,0.01104577,,68.3918,,
LU0348825331,2026-05-27,68.3918,-0.00714967,-0.00221028,0.00945518,68.321871,68.428503,,0.011071,,67.6191,,
LU0348825331,2026-05-28,67.6191,-0.01129814,-0.01104798,-0.00440236,68.214414,68.473123,,0.01117959,,67.8004,,
LU0348825331,2026-05-29,67.8004,0.0026812,0.00623177,0.00027441,68.108286,68.499217,,0.0110196,,67.626,,
LU0348825331,2026-06-01,67.626,-0.00257226,-0.00997549,0.00853645,68.001357,68.515043,,0.01102872,,69.4956,,
LU0348825331,2026-06-02,69.4956,0.02764617,0.0088743,0.01977162,68.303514,68.536023,,0.0111947,,68.7041,,
LU0348825331,2026-06-03,68.7041,-0.01138921,0.00456634,0.02048119,68.360186,68.541343,,0.0113592,,68.0621,,
LU0348825331,2026-06-04,68.0621,-0.00934442,0.0065514,0.00074252,68.242729,68.513927,,0.0114468,,67.0105,,
LU0348825331,2026-06-05,67.0105,-0.0154506,-0.01165037,-0.0102475,68.0454,68.4446,,0.01174308,,65.6201,,
LU0348825331,2026-06-08,65.6201,-0.02074899,-0.02966167,-0.04609469,67.759829,68.344533,,0.01223187,,66.1694,,
LU0348825331,2026-06-09,66.1694,0.00837091,-0.04786202,-0.05109533,67.526829,68.291807,,0.19971873,,65.604,,
LU0348825331,2026-06-10,65.604,-0.00854474,-0.04512249,-0.06350371,67.237971,68.21467,,0.20099341,,65.1573,65.6462,
LU0348825331,2026-06-11,65.1573,-0.00680904,-0.04267867,-0.07071077,66.618214,68.127187,,0.19961532,,66.5564,65.0393,
LU0348825331,2026-06-12,66.5564,0.02147265,-0.00677655,-0.05855094,66.3114,68.110613,,0.204142,,67.6282,66.0509,
LU0348825331,2026-06-15,67.6282,0.01610364,0.0306019,-0.01954013,66.249414,68.09328,,0.20693396,,67.1815,65.6828,
LU0348825331,2026-06-16,67.1815,-0.00660523,0.01529559,-0.0260163,66.273843,68.08849,,0.20557925,,67.1639,66.302,
LU0348825331,2026-06-17,67.1639,-0.00026198,0.02377751,-0.01765946,66.494386,68.060233,,0.20518365,,66.4214,66.6511,
LU0348825331,2026-06-18,66.4214,-0.01105505,0.01940074,-0.03095707,66.530386,68.01747,,0.20139037,,66.5506,66.892,
LU0348825331,2026-06-22,66.5506,0.00194516,-0.01593418,-0.02571903,66.665614,67.94279,,0.19224841,,64.7865,67.8114,
LU0348825331,2026-06-24,64.7865,-0.02650765,-0.03539699,-0.05154493,66.612643,67.76607,,0.20554293,,64.4081,67.073,
LU0348825331,2026-06-25,64.4081,-0.00584072,-0.03031101,-0.06498143,66.305743,67.588593,,0.20462357,,62.8086,67.7055,
LU0348825331,2026-06-26,62.8086,-0.02483383,-0.05439211,-0.08163552,65.617229,67.347127,,0.21425746,,63.9234,68.3744,
LU0348825331,2026-06-29,63.9234,0.01774916,-0.03947673,-0.05718255,65.151786,67.140733,,0.22074292,,64.3314,67.4085,
LU0348825331,2026-06-30,64.3314,0.00638264,-0.03334606,-0.05116489,64.747143,66.92859,,0.21293268,,63.6153,67.2253,
LU0348825331,2026-07-02,63.6153,-0.01113142,-0.01230901,-0.08461399,64.346271,66.7499,,0.21369034,,64.4771,66.9646,
LU0348825331,2026-07-03,64.4771,0.01354706,0.02656483,-0.06152471,64.050057,66.620093,,0.21839468,,65.0114,66.2705,
LU0348825331,2026-07-06,65.0114,0.00828666,0.01702037,-0.02983264,64.082186,66.502363,,0.22048524,,64.3093,67.4719,
LU0348825331,2026-07-07,64.3093,-0.01079964,-0.00034353,-0.0403101,64.068071,66.366857,,0.21878683,,65.4089,,
LU0348825331,2026-07-08,65.4089,0.01709862,0.01674921,-0.00321853,64.439543,66.301137,,0.22109628,,65.9281,,
LU0820561818,2025-07-08,8.333,,,,,,,,,8.343,,
LU0820561818,2025-07-09,8.343,0.00120005,,,,,,,,8.3381,,
LU0820561818,2025-07-11,8.3381,-0.00058732,,,,,,,,8.3342,,
LU0820561818,2025-07-14,8.3342,-0.00046773,,,,,,,,8.3015,,
LU0820561818,2025-07-15,8.3015,-0.00392359,,,,,,,,8.2748,,
LU0820561818,2025-07-16,8.2748,-0.00321629,-0.00698428,,,,,,,8.3046,,
LU0820561818,2025-07-17,8.3046,0.0036013,-0.00460266,,8.318457,,,,,8.3327,,
LU0820561818,2025-07-18,8.3327,0.00338367,-0.00064763,,8.318414,,,,,8.349,,
LU0820561818,2025-07-21,8.349,0.00195615,0.00177582,,8.319271,,,,,8.3187,,
LU0820561818,2025-07-22,8.3187,-0.00362918,0.00207191,,8.3165,,,,,8.3339,,
LU0820561818,2025-07-23,8.3339,0.00182721,0.00714217,,8.316457,,,,,8.3614,,
LU0820561818,2025-07-24,8.3614,0.00329978,0.00683958,,8.325014,,,,,8.3657,,
LU0820561818,2025-07-25,8.3657,0.00051427,0.0039603,,8.338,,,,,8.3885,,
LU0820561818,2025-07-28,8.3885,0.00272541,0.00473111,,8.349986,,,,,8.3961,,
LU0820561818,2025-07-29,8.3961,0.000906,0.00930434,,8.359043,,,,,8.3759,,
LU0820561818,2025-07-30,8.3759,-0.00240588,0.00503966,,8.362886,,,,,8.4085,,
LU0820561818,2025-07-31,8.4085,0.00389212,0.00563303,,8.375714,,,,,8.2806,,
LU0820561818,2025-08-01,8.2806,-0.0152108,-0.01017249,,8.3681,,,,,8.3367,,
LU0820561818,2025-08-04,8.3367,0.00677487,-0.00617512,,8.364571,,,,,8.3661,,
LU0820561818,2025-08-05,8.3661,0.00352658,-0.00357309,,8.364629,,,,,8.3458,,
LU0820561818,2025-08-06,8.3458,-0.00242646,-0.00359364,,8.358529,,,,,8.3874,,
LU0820561818,2025-08-07,8.3874,0.00498454,-0.00250937,0.00652826,8.357286,,,,,8.3766,,
LU0820561818,2025-08-08,8.3766,-0.00128765,0.01159336,0.00402733,8.357386,,,,,8.3845,,
LU0820561818,2025-08-11,8.3845,0.0009431,0.00573368,0.00556482,8.353957,,,,,8.3772,,
LU0820561818,2025-08-12,8.3772,-0.00087065,0.00132678,0.00515946,8.367757,,,,,8.4307,,
LU0820561818,2025-08-13,8.4307,0.00638638,0.01017278,0.01556345,8.381186,,,,,8.4194,,
LU0820561818,2025-08-14,8.4194,-0.00134034,0.00381525,0.01747474,8.3888,,,,,8.3554,,
LU0820561818,2025-08-18,8.3554,-0.00760149,-0.00253086,0.00611709,8.390171,,,,,8.3557,,
LU0820561818,2025-08-19,8.3557,0.0000359,-0.00343491,0.00276021,8.385643,,,,,8.2973,,
LU0820561818,2025-08-20,8.2973,-0.00698924,-0.00953779,-0.00619236,8.374314,8.352433,,,,8.2996,,
LU0820561818,2025-08-21,8.2996,0.0002772,-0.01555031,-0.00229603,8.362186,8.35132,,0.00441743,,8.3147,,
LU0820561818,2025-08-22,8.3147,0.00181936,-0.01243557,-0.00230384,8.353257,8.350377,,0.00442501,,8.3706,,
LU0820561818,2025-08-25,8.3706,0.00672303,0.00181918,0.00110029,8.344671,8.35146,,0.00458986,,8.3655,,
LU0820561818,2025-08-26,8.3655,-0.00060928,0.00117285,-0.00002391,8.336971,8.352503,,0.00459056,,8.3836,,
LU0820561818,2025-08-27,8.3836,0.00216365,0.01040097,-0.00058413,8.341,8.35524,,0.00454092,,8.4014,,
LU0820561818,2025-08-28,8.4014,0.00212319,0.01226565,0.00063125,8.347529,8.35946,,0.00450258,,8.403,,
LU0820561818,2025-08-29,8.403,0.00019044,0.01061975,0.00323547,8.362629,8.36274,,0.00446617,,8.3528,,
LU0820561818,2025-09-02,8.3528,-0.00597406,-0.00212649,-0.00662425,8.370229,8.36341,,0.00457259,,8.3722,,
LU0820561818,2025-09-03,8.3722,0.00232257,0.00080091,0.011062,8.378443,8.364183,,0.00457805,,8.3878,,
LU0820561818,2025-09-04,8.3878,0.00186331,0.00050098,0.00612952,8.3809,8.366487,,0.00453475,,8.4325,,
LU0820561818,2025-09-05,8.4325,0.00532917,0.00370176,0.00793679,8.390471,8.369773,,0.00461724,,8.4343,,
LU0820561818,2025-09-08,8.4343,0.00021346,0.00372486,0.01060414,8.397714,8.372203,,0.00458582,,8.4417,,
LU0820561818,2025-09-09,8.4417,0.00087737,0.01064314,0.006474,8.403471,8.374737,,0.00458685,,8.4805,,
LU0820561818,2025-09-10,8.4805,0.00459623,0.01293567,0.0124036,8.414543,8.377803,,0.00463174,,8.4924,,
LU0820561818,2025-09-11,8.4924,0.00140322,0.01247049,0.01286898,8.434486,8.381013,,0.0046345,,8.5039,,
LU0820561818,2025-09-12,8.5039,0.00135415,0.00846724,0.01512439,8.4533,8.38528,,0.00460793,,8.4657,,
LU0820561818,2025-09-15,8.4657,-0.00449206,0.00372289,0.00415149,8.464429,8.387187,,0.00464879,,8.4702,,
LU0820561818,2025-09-16,8.4702,0.00053156,0.0033761,0.00603368,8.469814,8.393507,,0.00365847,,8.4668,,
LU0820561818,2025-09-17,8.4668,-0.00040141,-0.00161547,0.0133327,8.474457,8.397843,,0.00348812,,8.4819,,
LU0820561818,2025-09-18,8.4819,0.00178344,-0.0012364,0.01510346,8.4802,8.401703,,0.00345192,,8.4978,,
LU0820561818,2025-09-19,8.4978,0.00187458,-0.00071732,0.02416449,8.482671,8.40677,,0.00341803,,8.5062,,
LU0820561818,2025-09-22,8.5062,0.00098849,0.00478401,0.02489277,8.484643,8.41073,,0.00332137,,8.5252,,
LU0820561818,2025-09-23,8.5252,0.00223366,0.00649335,0.02531661,8.487686,8.415683,,0.00331924,,8.4954,,
LU0820561818,2025-09-24,8.4954,-0.00349552,0.0033779,0.01490933,8.491929,8.41938,,0.00339827,,8.4274,,
LU0820561818,2025-09-25,8.4274,-0.00800433,-0.00642545,0.00739944,8.485814,8.421053,,0.00371661,,8.4525,,
LU0820561818,2025-09-26,8.4525,0.00297838,-0.00533079,0.00821843,8.483771,8.42178,,0.00357537,,8.4815,,
LU0820561818,2025-09-29,8.4815,0.00343094,-0.00290376,0.00953413,8.483714,8.42385,,0.003614,,8.4725,,
LU0820561818,2025-09-30,8.4725,-0.00106113,-0.00618167,0.00827086,8.4801,8.427753,,0.00331893,,8.4725,,
LU0820561818,2025-10-01,8.4725,0.0,-0.00269558,0.01433052,8.475286,8.431647,,0.00331909,,8.5071,,
LU0820561818,2025-10-02,8.5071,0.0040838,0.00945725,0.01611285,8.4727,8.43864,,0.00307603,,8.5233,,
LU0820561818,2025-10-03,8.5233,0.00190429,0.00837622,0.01615441,8.476686,8.446097,,0.00308002,,8.5252,,
LU0820561818,2025-10-06,8.5252,0.00022292,0.00515239,0.01099318,8.490657,8.453113,,0.00307732,,8.54,,
LU0820561818,2025-10-07,8.54,0.00173603,0.00796695,0.01253216,8.503157,8.45876,,0.00288355,,8.5257,,
LU0820561818,2025-10-08,8.5257,-0.00167447,0.00627914,0.0099506,8.509471,8.4641,,0.00290558,,8.5356,,
LU0820561818,2025-10-09,8.5356,0.00116119,0.00335014,0.00649726,8.518486,8.469167,,0.00289357,,8.5345,,
LU0820561818,2025-10-10,8.5345,-0.00012887,0.00131405,0.00495737,8.527343,8.473603,,0.00288236,,8.4332,,
LU0820561818,2025-10-14,8.4332,-0.01186947,-0.01079154,-0.00831383,8.516786,8.47461,,0.00364226,,8.4772,,
LU0820561818,2025-10-15,8.4772,0.00521747,-0.00735363,0.00135842,8.5102,8.478757,,0.00357077,,8.4777,,
LU0820561818,2025-10-16,8.4777,0.00005898,-0.00563004,0.00088546,8.503414,8.482273,,0.00355533,,8.4378,,
LU0820561818,2025-10-17,8.4378,-0.00470647,-0.01145789,-0.00342514,8.488814,8.48394,,0.0036607,,8.4794,,
LU0820561818,2025-10-20,8.4794,0.0049302,-0.00645615,-0.00029475,8.4822,8.485503,,0.00364274,,8.4914,,
LU0820561818,2025-10-21,8.4914,0.00141519,0.00690129,-0.00075314,8.475886,8.487407,,0.00364936,,8.4939,,
LU0820561818,2025-10-22,8.4939,0.00029442,0.00196999,-0.001446,8.470086,8.489147,,0.00364742,,8.4747,,
LU0820561818,2025-10-23,8.4747,-0.00226045,-0.00035387,-0.00592361,8.476014,8.488953,,0.00357974,,8.5332,,
LU0820561818,2025-10-24,8.5332,0.0069029,0.01130626,0.00444947,8.484014,8.490313,,0.00378281,,8.5873,,
LU0820561818,2025-10-27,8.5873,0.00633994,0.01272496,0.01897382,8.499671,8.493093,,0.00393767,,8.6109,,
LU0820561818,2025-10-28,8.6109,0.00274824,0.01407306,0.01874002,8.5244,8.497933,,0.00385556,,8.6329,,
LU0820561818,2025-10-29,8.6329,0.0025549,0.01636469,0.01785062,8.546329,8.503357,,0.00387188,,8.5892,,
LU0820561818,2025-10-30,8.5892,-0.00506203,0.0135108,0.01377397,8.5603,8.507437,,0.00400194,,8.5949,,
LU0820561818,2025-10-31,8.5949,0.00066362,0.00723058,0.01444674,8.574729,8.511203,,0.00399489,,8.5871,,
LU0820561818,2025-11-03,8.5871,-0.00090751,-0.00002329,0.00940391,8.590786,8.51418,,0.00399302,,8.5397,,
LU0820561818,2025-11-04,8.5397,-0.00551991,-0.00826859,0.00192414,8.591714,8.515297,,0.00412733,,8.5333,,
LU0820561818,2025-11-05,8.5333,-0.00074944,-0.01153726,0.00095012,8.584,8.515567,,0.00411159,,8.5304,,
LU0820561818,2025-11-06,8.5304,-0.00033985,-0.00684581,-0.00112412,8.5725,8.516733,,0.00405983,,8.4564,,
LU0820561818,2025-11-07,8.4564,-0.00867486,-0.01611421,-0.00812836,8.547286,8.5177,,0.00410622,,8.5682,,
LU0820561818,2025-11-10,8.5682,0.01322076,-0.00220098,0.0038193,8.544286,8.521557,,0.00471074,,8.591,,
LU0820561818,2025-11-12,8.591,0.002661,0.00600724,0.00662019,8.543729,8.525207,,0.00469658,,8.5374,,
LU0820561818,2025-11-13,8.5374,-0.00623909,0.00048047,0.01235593,8.536629,8.52737,,0.00484144,,8.4489,,
LU0820561818,2025-11-14,8.4489,-0.01036615,-0.00955407,-0.00333837,8.523657,8.526583,,0.00520442,,8.3984,,
LU0820561818,2025-11-17,8.3984,-0.00597711,-0.00685871,-0.00935395,8.504386,8.52296,,0.0052493,,8.322,,
LU0820561818,2025-11-18,8.322,-0.00909697,-0.02873416,-0.01372396,8.474614,8.51625,,0.00545473,,8.3701,,
LU0820561818,2025-11-19,8.3701,0.00577986,-0.02571296,-0.01289006,8.462286,8.51108,,0.00557864,,8.4391,,
LU0820561818,2025-11-20,8.4391,0.00824363,-0.01151404,-0.00615917,8.443843,8.507717,,0.00578771,,8.2946,,
LU0820561818,2025-11-21,8.2946,-0.01712268,-0.01826273,-0.0234639,8.4015,8.500013,,0.00652083,,8.3632,,
LU0820561818,2025-11-24,8.3632,0.00827044,-0.00419127,-0.01315681,8.376614,8.494267,,0.00671744,,8.4042,,
LU0820561818,2025-11-25,8.4042,0.00490243,0.00987743,-0.01511742,8.370229,8.489923,,0.00679094,,8.4759,,
LU0820561818,2025-11-26,8.4759,0.00853145,0.01264023,-0.01297265,8.3813,8.491347,,0.00663704,,8.5209,,
LU0820561818,2025-11-28,8.5209,0.00530917,0.00969298,-0.01045187,8.409714,8.492803,,0.00663938,,8.5113,,
LU0820561818,2025-12-01,8.5113,-0.00112664,0.02612543,-0.01408565,8.429886,8.493923,,0.00664359,,8.5254,,
LU0820561818,2025-12-02,8.5254,0.00165662,0.01939449,-0.00742793,8.442214,8.496843,,0.00658636,,8.4938,,
LU0820561818,2025-12-03,8.4938,-0.00370657,0.01066134,-0.01176279,8.470671,8.497323,,0.0065693,,8.513,,
LU0820561818,2025-12-04,8.513,0.00226047,0.00437712,-0.00862922,8.492071,8.498043,,0.00657678,,8.5385,,
LU0820561818,2025-12-05,8.5385,0.00299542,0.00206551,-0.00014052,8.511257,8.49953,,0.0065972,,8.5372,,
LU0820561818,2025-12-08,8.5372,-0.00015225,0.00304301,0.00045703,8.520014,8.501613,,0.00658186,,8.5246,,
LU0820561818,2025-12-09,8.5246,-0.00147589,-0.00009384,-0.00067992,8.520543,8.501327,,0.00647118,,8.5128,,
LU0820561818,2025-12-10,8.5128,-0.00138423,0.00223693,0.0066695,8.520757,8.498843,,0.00636611,,8.507,,
LU0820561818,2025-12-11,8.507,-0.00068133,-0.0007048,-0.00714269,8.518129,8.49538,,0.00634163,,8.5404,,
LU0820561818,2025-12-12,8.5404,0.00392618,0.00022252,-0.00588988,8.524786,8.492297,,0.00636754,,8.4247,,
LU0820561818,2025-12-15,8.4247,-0.01354737,-0.01317762,-0.01320074,8.512171,8.486813,,0.00674815,,8.402,,
LU0820561818,2025-12-16,8.402,-0.00269446,-0.01438191,-0.00555102,8.492671,8.480383,,0.00675375,,8.3959,,
LU0820561818,2025-12-17,8.3959,-0.00072602,-0.01373226,-0.00029768,8.472486,8.47401,,0.00675368,,8.3877,,
LU0820561818,2025-12-18,8.3877,-0.00097667,-0.01402375,0.00789474,8.452929,8.468943,,0.0066952,,8.4288,,
LU0820561818,2025-12-19,8.4288,0.00490003,-0.0130673,0.00701306,8.440929,8.46546,,0.00676674,,8.4825,,
LU0820561818,2025-12-22,8.4825,0.00637101,0.00686078,0.00514273,8.437429,8.463863,,0.00687469,,8.486,,
LU0820561818,2025-12-23,8.486,0.00041261,0.00999762,0.02307525,8.429657,8.46485,,0.00669075,,8.4945,,
LU0820561818,2025-12-29,8.4945,0.00100165,0.01174383,0.01569973,8.439629,8.462393,,0.00623864,,8.4942,,
LU0820561818,2025-12-30,8.4942,-0.00003532,0.01269716,0.01070893,8.4528,8.459167,,0.00621517,,8.4784,,
LU0820561818,2025-12-31,8.4784,-0.00186009,0.00588459,0.00029495,8.464586,8.4572,,0.00612612,,8.4993,,
LU0820561818,2026-01-02,8.4993,,,,,,,,,8.5111,,
LU0820561818,2026-01-05,8.5111,0.00138835,,,,,,,,8.5433,,
LU0820561818,2026-01-06,8.5433,0.00378329,,,,,,,,8.5814,,
LU0820561818,2026-01-07,8.5814,0.00445964,,,,,,,,8.5479,,
LU0820561818,2026-01-08,8.5479,-0.00390379,,,,,,,,8.5646,,
LU0820561818,2026-01-09,8.5646,0.0019537,0.00768299,,,,,,,8.5707,,
LU0820561818,2026-01-12,8.5707,0.00071223,0.00700262,,8.545471,,,,,8.5972,,
LU0820561818,2026-01-13,8.5972,0.00309193,0.00630904,,8.559457,,,,,8.5557,,
LU0820561818,2026-01-14,8.5557,-0.00482715,-0.00299485,,8.565829,,,,,8.5427,,
LU0820561818,2026-01-15,8.5427,-0.00151945,-0.00060834,,8.565743,,,,,8.537,,
LU0820561818,2026-01-16,8.537,-0.00066724,-0.00322257,,8.5594,,,,,8.4759,,
LU0820561818,2026-01-20,8.4759,-0.00715708,-0.01106094,,8.549114,,,,,8.4855,,
LU0820561818,2026-01-21,8.4855,0.00113262,-0.0129926,,8.537814,,,,,8.5287,,
LU0820561818,2026-01-22,8.5287,0.00509104,-0.00315579,,8.531814,,,,,8.5189,,
LU0820561818,2026-01-23,8.5189,-0.00114906,-0.002786,,8.520629,,,,,8.5455,,
LU0820561818,2026-01-26,8.5455,0.00312247,0.00099567,,8.519171,,,,,8.5649,,
LU0820561818,2026-01-27,8.5649,0.0022702,0.01050036,,8.522343,,,,,8.5927,,
LU0820561818,2026-01-28,8.5927,0.00324581,0.01263332,,8.5303,,,,,8.5714,,
LU0820561818,2026-01-29,8.5714,-0.00247885,0.00500662,,8.543943,,,,,8.5575,,
LU0820561818,2026-01-30,8.5575,-0.00162167,0.0045311,,8.554229,,,,,8.5379,,
LU0820561818,2026-02-02,8.5379,-0.00229039,-0.00088936,,8.555543,,,,,8.5596,,
LU0820561818,2026-02-03,8.5596,0.00254161,-0.0006188,0.0070947,8.561357,,,,,8.5215,,
LU0820561818,2026-02-04,8.5215,-0.00445114,-0.0082861,0.00122193,8.557929,,,,,8.4539,,
LU0820561818,2026-02-05,8.4539,-0.00793288,-0.01370838,-0.01046434,8.542071,,,,,8.4907,,
LU0820561818,2026-02-06,8.4907,0.00435302,-0.00780602,-0.01056937,8.5275,,,,,8.5639,,
LU0820561818,2026-02-09,8.5639,0.0086212,0.00304525,0.0018718,8.526429,,,,,8.5785,,
LU0820561818,2026-02-10,8.5785,0.00170483,0.00220805,0.00162296,8.529429,,,,,8.5778,,
LU0820561818,2026-02-11,8.5778,-0.0000816,0.00660682,0.0008284,8.535129,,,,,8.5828,,
LU0820561818,2026-02-12,8.5828,0.0005829,0.0152474,-0.00167496,8.538443,,,,,8.4919,,
LU0820561818,2026-02-13,8.4919,-0.01059095,0.00014133,-0.00745702,8.534214,8.54168,,,,8.4275,,
LU0820561818,2026-02-17,8.4275,-0.0075837,-0.01592732,-0.0134852,8.530443,8.539287,,0.00433467,,8.5067,,
LU0820561818,2026-02-18,8.5067,0.0093978,-0.00836976,-0.00354926,8.532729,8.53914,,0.00466302,,8.4806,,
LU0820561818,2026-02-19,8.4806,-0.00306817,-0.01133158,0.00055451,8.520829,8.53705,,0.00463955,,8.4936,,
LU0820561818,2026-02-20,8.4936,0.00153291,-0.01039288,0.00095457,8.5087,8.534123,,0.00457006,,8.4969,,
LU0820561818,2026-02-23,8.4969,0.00038853,0.0005888,-0.00372859,8.497143,8.532423,,0.00452296,,8.4732,,
LU0820561818,2026-02-24,8.4732,-0.00278925,0.00542272,-0.00536454,8.481486,8.529377,,0.00452818,,8.5542,,
LU0820561818,2026-02-25,8.5542,0.00955955,0.00558383,0.00101808,8.490386,8.528827,,0.00486329,,8.5126,,
LU0820561818,2026-02-26,8.5126,-0.00486311,0.00377332,-0.00610632,8.502543,8.526007,,0.00490134,,8.4495,,
LU0820561818,2026-02-27,8.4495,-0.00741254,-0.00519214,-0.01666531,8.494371,8.522467,,0.00500157,,8.445,,
LU0820561818,2026-03-02,8.445,-0.00053258,-0.00610811,-0.01474672,8.489286,8.51921,,0.00499737,,8.3597,,
LU0820561818,2026-03-03,8.3597,-0.01010065,-0.01339518,-0.02311423,8.470157,8.5133,,0.00529411,,8.4126,,
LU0820561818,2026-03-04,8.4126,0.00632798,-0.01655327,-0.01467574,8.458114,8.51119,,0.00529801,,8.4287,,
LU0820561818,2026-03-05,8.4287,0.0019138,-0.00985598,-0.01529277,8.451757,8.509297,,0.00530658,,8.3149,,
LU0820561818,2026-03-06,8.3149,-0.01350149,-0.01592994,-0.02424456,8.417571,8.50217,,0.00572085,,8.2807,,
LU0820561818,2026-03-09,8.2807,-0.0041131,-0.0194553,-0.02048759,8.384443,8.49423,,0.00575103,,8.4033,,
LU0820561818,2026-03-10,8.4033,0.01480551,0.0052155,-0.01029362,8.377843,8.48949,,0.00637397,,8.3946,,
LU0820561818,2026-03-11,8.3946,-0.00103531,-0.00213965,-0.01976903,8.370643,8.483813,,0.006353,,8.2999,,
LU0820561818,2026-03-12,8.2999,-0.01128106,-0.01528112,-0.03247654,8.3621,8.474053,,0.00658699,,8.2824,,
LU0820561818,2026-03-13,8.2824,-0.00210846,-0.00390865,-0.03443773,8.3435,8.46442,,0.0065848,,8.2643,,
LU0820561818,2026-03-16,8.2643,-0.00218536,-0.00198051,-0.0371091,8.320014,8.454647,,0.00658701,,8.2979,,
LU0820561818,2026-03-17,8.2979,0.00406568,-0.01254269,-0.0228453,8.317586,8.446647,,0.00664852,,8.2835,,
LU0820561818,2026-03-18,8.2835,-0.00173538,-0.0132347,-0.01708692,8.317986,8.437443,,0.00661838,,8.2207,,
LU0820561818,2026-03-19,8.2207,-0.00758134,-0.00954228,-0.03362056,8.2919,8.427417,,0.00669509,,8.1787,,
LU0820561818,2026-03-20,8.1787,-0.00510905,-0.01252053,-0.0355989,8.261057,8.418243,,0.00661883,,8.2436,,
LU0820561818,2026-03-23,8.2436,0.00793525,-0.00250475,-0.02943393,8.253014,8.410007,,0.00674685,,8.1963,,
LU0820561818,2026-03-24,8.1963,-0.00573778,-0.01224406,-0.03537761,8.240714,8.397753,,0.00655673,,8.2525,,
LU0820561818,2026-03-25,8.2525,0.00685675,-0.00374238,-0.02604683,8.239029,8.386887,,0.00670269,,8.1692,,
LU0820561818,2026-03-26,8.1692,-0.01009391,-0.00626467,-0.04500713,8.220643,8.373267,,0.00688216,,8.0599,,
LU0820561818,2026-03-27,8.0599,-0.01337952,-0.01452554,-0.05317999,8.1887,8.355837,,0.00718416,,8.0211,,
LU0820561818,2026-03-30,8.0211,-0.00481396,-0.02699064,-0.05070122,8.160186,8.340143,,0.00702886,,8.0636,,
LU0820561818,2026-03-31,8.0636,0.00529853,-0.01619023,-0.04516282,8.143743,8.328013,,0.0070604,,8.1953,,
LU0820561818,2026-04-01,8.1953,0.01633266,-0.00693123,-0.01966578,8.136843,8.317633,,0.00751079,,8.1561,,
LU0820561818,2026-04-02,8.1561,-0.00478323,-0.00160358,-0.03048998,8.1311,8.306817,,0.00753118,,8.22,,
LU0820561818,2026-04-07,8.22,0.00783463,0.01986377,-0.02476064,8.126457,8.297697,,0.00769262,,8.4038,,
LU0820561818,2026-04-08,8.4038,0.0223601,0.04771166,0.01069165,8.159971,8.294593,,0.00876671,,8.4249,,
LU0820561818,2026-04-09,8.4249,0.00251077,0.04480629,0.01741399,8.212114,8.292983,,0.00876876,,8.4456,,
LU0820561818,2026-04-10,8.4456,0.002457,0.0305419,0.00503374,8.272757,8.289363,,0.00859756,,8.4299,,
LU0820561818,2026-04-13,8.4299,-0.00185896,0.03356997,0.00420508,8.325086,8.286607,,0.00856229,,8.505,,
LU0820561818,2026-04-14,8.505,0.00890877,0.03467153,0.02471114,8.369329,8.288457,,0.00861075,,8.4863,,
LU0820561818,2026-04-15,8.4863,-0.00219871,0.00981699,0.02461847,8.4165,8.289833,,0.00862102,,8.5064,,
LU0820561818,2026-04-16,8.5064,0.00236852,0.00967371,0.02929468,8.457414,8.294723,,0.00841246,,8.5635,,
LU0820561818,2026-04-17,8.5635,0.00671259,0.01395993,0.0320081,8.480229,8.299753,,0.00842144,,8.5665,,
LU0820561818,2026-04-20,8.5665,0.00035032,0.01620423,0.0341643,8.500457,8.304347,,0.00841816,,8.591,,
LU0820561818,2026-04-21,8.591,0.00285998,0.0101117,0.04504483,8.521229,8.31355,,0.0080085,,8.5825,,
LU0820561818,2026-04-22,8.5825,-0.00098941,0.01133592,0.04937215,8.543029,8.32361,,0.00795992,,8.5978,,
LU0820561818,2026-04-23,8.5978,0.0017827,0.01074485,0.04296667,8.556286,8.330093,,0.00755216,,8.5893,,
LU0820561818,2026-04-24,8.5893,-0.00098862,0.00301279,0.04794846,8.571,8.336583,,0.00755179,,8.598,,
LU0820561818,2026-04-27,8.598,0.00101289,0.00367711,0.0418661,8.584086,8.34652,,0.00721136,,8.5698,,
LU0820561818,2026-04-28,8.5698,-0.00327983,-0.0024677,0.04903785,8.584986,8.3561,,0.00723233,,8.586,,
LU0820561818,2026-04-29,8.586,0.00189036,0.00040781,0.06527376,8.587771,8.366823,,0.00720637,,8.592,,
LU0820561818,2026-04-30,8.592,0.00069881,-0.00067459,0.07117478,8.587914,8.376627,,0.00718862,,8.6975,,
LU0820561818,2026-05-04,8.6975,0.01227886,0.01259707,0.07861253,8.604343,8.390427,,0.00743464,,8.73,,
LU0820561818,2026-05-05,8.73,0.00373671,0.01535241,0.06524471,8.623229,8.407403,,0.00724105,,8.7815,,
LU0820561818,2026-05-06,8.7815,0.0058992,0.02470303,0.0766788,8.650686,8.427497,,0.00714821,,8.7967,,
LU0820561818,2026-05-07,8.7967,0.00173091,0.02453995,0.07015815,8.679071,8.445933,,0.00707441,,8.8115,,
LU0820561818,2026-05-08,8.8115,0.00168245,0.02554702,0.04851377,8.7136,8.46644,,0.00692089,,8.8452,,
LU0820561818,2026-05-11,8.8452,0.00382455,0.01698189,0.04988783,8.750629,8.486197,,0.00687765,,8.8206,,
LU0820561818,2026-05-12,8.8206,-0.00278117,0.01037801,0.04440182,8.783286,8.50791,,0.00655472,,8.8334,,
LU0820561818,2026-05-13,8.8334,0.00145115,0.00591015,0.04786534,8.8027,8.533693,,0.00585408,,8.7518,,
LU0820561818,2026-05-15,8.7518,-0.00923767,-0.00510419,0.02901822,8.805814,8.55805,,0.00610146,,8.7221,,
LU0820561818,2026-05-18,8.7221,-0.00339359,-0.01014583,0.02778596,8.797329,8.58,,0.00618782,,8.6507,,
LU0820561818,2026-05-19,8.6507,-0.0081861,-0.02198933,0.0169637,8.776471,8.59518,,0.00593943,,8.6695,,
LU0820561818,2026-05-20,8.6695,0.00217323,-0.01713035,0.01237812,8.756186,8.612293,,0.00581145,,8.7248,,
LU0820561818,2026-05-21,8.7248,0.00637868,-0.01229425,0.01847896,8.738986,8.62912,,0.0057689,,8.7849,,
LU0820561818,2026-05-22,8.7849,0.00688841,0.00378208,0.02257013,8.733886,8.641823,,0.00447194,,8.8402,,
LU0820561818,2026-05-26,8.8402,0.00629489,0.01354032,0.03002622,8.734857,8.655667,,0.00455163,,8.8371,,
LU0820561818,2026-05-27,8.8371,-0.00035067,0.02154739,0.0278327,8.747043,8.668717,,0.00456222,,8.8288,,
LU0820561818,2026-05-28,8.8288,-0.00093922,0.01837476,0.02788353,8.762286,8.682013,,0.00454244,,8.8735,,
LU0820561818,2026-05-29,8.8735,0.00506298,0.01704337,0.03204234,8.794114,8.694297,,0.00438456,,8.8646,,
LU0820561818,2026-06-01,8.8646,-0.00100299,0.00907239,0.03439987,8.821986,8.706907,,0.00435679,,8.9314,,
LU0820561818,2026-06-02,8.9314,0.00753559,0.01031651,0.04022828,8.8515,8.721073,,0.00448925,,8.9043,,
LU0820561818,2026-06-03,8.9043,-0.00303424,0.0076043,0.03634777,8.868557,8.732433,,0.00446275,,8.8726,,
LU0820561818,2026-06-04,8.8726,-0.00356008,0.00496104,0.02013222,8.873186,8.742637,,0.00454527,,8.8144,,
LU0820561818,2026-06-05,8.8144,-0.00655952,-0.00666028,0.00966781,8.869943,8.750083,,0.00473965,,8.7672,,
LU0820561818,2026-06-08,8.7672,-0.00535487,-0.01098752,-0.00162842,8.861143,8.75624,,0.00485991,,8.8121,,
LU0820561818,2026-06-09,8.8121,0.00512136,-0.01335737,0.00006809,8.852371,8.763383,,0.0806653,,8.7311,,
LU0820561818,2026-06-10,8.7311,-0.00919191,-0.01945128,-0.01289965,8.8333,8.76811,,0.08596699,,8.6841,8.583,
LU0820561818,2026-06-11,8.6841,-0.00538306,-0.02124518,-0.01547514,8.797971,8.77098,,0.087026,,8.7718,8.4707,
LU0820561818,2026-06-12,8.7718,0.01009892,-0.004833,-0.00697353,8.779043,8.777713,,0.0914805,,8.8544,8.4609,
LU0820561818,2026-06-15,8.8544,0.00941654,0.00994616,0.0117233,8.776443,8.78666,,0.09497547,,8.8879,8.5026,
LU0820561818,2026-06-16,8.8879,0.00378343,0.00860181,0.01555109,8.786943,8.796523,,0.08905722,,8.8527,8.533,
LU0820561818,2026-06-17,8.8527,-0.00396044,0.01392723,0.01497346,8.799157,8.801697,,0.08963204,,8.8523,8.5677,
LU0820561818,2026-06-18,8.8523,-0.00004518,0.01936873,0.02330447,8.8049,8.805773,,0.08810735,,8.9035,8.6615,
LU0820561818,2026-06-22,8.9035,0.00578381,0.00554527,0.01350044,8.829529,8.80984,,0.08950211,,8.7669,8.7369,
LU0820561818,2026-06-24,8.7669,-0.01534228,-0.00969196,-0.00204897,8.841357,8.808847,,0.10072696,,8.7281,8.6775,
LU0820561818,2026-06-25,8.7281,-0.00442574,-0.01403025,-0.01268071,8.835114,8.806067,,0.10072906,,8.6996,8.6928,
LU0820561818,2026-06-26,8.6996,-0.00326532,-0.01724975,-0.0155594,8.813,8.801213,,0.10084039,,8.7262,8.7022,
LU0820561818,2026-06-29,8.7262,0.00305761,-0.01991352,-0.01659999,8.7899,8.798067,,0.10122439,,8.8048,8.6873,
LU0820561818,2026-06-30,8.8048,0.00900736,-0.01108553,-0.00774215,8.783057,8.797113,,0.10117825,,8.7915,8.7181,
LU0820561818,2026-07-01,8.7915,-0.00151054,0.00280601,-0.00824628,8.774371,8.798437,,0.1007229,,8.8096,8.7488,
LU0820561818,2026-07-02,8.8096,0.00205881,0.00933766,-0.01363728,8.760957,8.801353,,0.09743499,,8.7838,8.7559,
LU0820561818,2026-07-06,8.7838,-0.00292862,0.00660081,-0.00347159,8.763371,8.80579,,0.09787499,,8.7266,8.6997,
LU0820561818,2026-07-07,8.7266,-0.00651199,-0.00888152,-0.00996097,8.763157,8.807693,,0.0982471,,8.7152,,
LU0820561818,2026-07-08,8.7152,-0.00130635,-0.00867884,-0.0059312,8.765386,8.807373,,0.0960403,,8.7798,,
LU1564329115,2025-07-08,8.04,,,,,,,,,8.06,,
LU1564329115,2025-07-09,8.06,0.00248756,,,,,,,,8.06,,
LU1564329115,2025-07-10,8.06,0.0,,,,,,,,8.03,,
LU1564329115,2025-07-11,8.03,-0.00372208,,,,,,,,8.04,,
LU1564329115,2025-07-14,8.04,0.00124533,,,,,,,,8.04,,
LU1564329115,2025-07-15,8.04,0.0,0.0,,,,,,,8.0,,
LU1564329115,2025-07-16,8.0,-0.00497512,-0.00744417,,8.038571,,,,,8.02,,
LU1564329115,2025-07-17,8.02,0.0025,-0.00496278,,8.035714,,,,,8.05,,
LU1564329115,2025-07-18,8.05,0.00374065,0.00249066,,8.034286,,,,,8.07,,
LU1564329115,2025-07-21,8.07,0.00248447,0.00373134,,8.035714,,,,,8.07,,
LU1564329115,2025-07-22,8.07,0.0,0.00373134,,8.041429,,,,,8.11,,
LU1564329115,2025-07-23,8.11,0.00495663,0.01375,,8.051429,,,,,8.14,,
LU1564329115,2025-07-24,8.14,0.00369914,0.01496259,,8.065714,,,,,8.12,,
LU1564329115,2025-07-25,8.12,-0.002457,0.00869565,,8.082857,,,,,8.13,,
LU1564329115,2025-07-28,8.13,0.00123153,0.00743494,,8.098571,,,,,8.12,,
LU1564329115,2025-07-29,8.12,-0.00123001,0.00619579,,8.108571,,,,,8.1,,
LU1564329115,2025-07-30,8.1,-0.00246305,-0.00123305,,8.112857,,,,,8.05,,
LU1564329115,2025-07-31,8.05,-0.00617284,-0.01105651,,8.11,,,,,7.96,,
LU1564329115,2025-08-01,7.96,-0.01118012,-0.01970443,,8.088571,,,,,8.01,,
LU1564329115,2025-08-04,8.01,0.00628141,-0.01476015,,8.07,,,,,8.03,,
LU1564329115,2025-08-05,8.03,0.00249688,-0.01108374,,8.057143,,,,,8.03,,
LU1564329115,2025-08-06,8.03,0.0,-0.00864198,-0.00124378,8.042857,,,,,8.06,,
LU1564329115,2025-08-07,8.06,0.00373599,0.00124224,0.0,8.034286,,,,,8.06,,
LU1564329115,2025-08-08,8.06,0.0,0.01256281,0.0,8.028571,,,,,8.07,,
LU1564329115,2025-08-11,8.07,0.00124069,0.00749064,0.00498132,8.031429,,,,,8.07,,
LU1564329115,2025-08-12,8.07,0.0,0.00498132,0.00373134,8.047143,,,,,8.13,,
LU1564329115,2025-08-13,8.13,0.00743494,0.0124533,0.01119403,8.064286,,,,,8.12,,
LU1564329115,2025-08-14,8.12,-0.00123001,0.00744417,0.015,8.077143,,,,,8.12,,
LU1564329115,2025-08-18,8.12,0.0,0.00744417,0.01246883,8.09,,,,,8.14,,
LU1564329115,2025-08-19,8.14,0.00246305,0.0086741,0.01118012,8.101429,8.068333,,,,8.11,,
LU1564329115,2025-08-20,8.11,-0.0036855,0.00495663,0.00495663,8.108571,8.070667,,0.00376051,,8.11,,
LU1564329115,2025-08-21,8.11,0.0,-0.00246002,0.00495663,8.114286,8.072333,,0.00373863,,8.14,,
LU1564329115,2025-08-22,8.14,0.00369914,0.00246305,0.00369914,8.124286,8.075,,0.00379021,,8.18,,
LU1564329115,2025-08-25,8.18,0.004914,0.00738916,0.004914,8.131429,8.08,,0.00379898,,8.15,,
LU1564329115,2025-08-26,8.15,-0.00366748,0.0012285,0.00369458,8.135714,8.083667,,0.00387383,,8.16,,
LU1564329115,2025-08-27,8.16,0.00122699,0.00616523,0.00369004,8.141429,8.087667,,0.00387523,,8.17,,
LU1564329115,2025-08-28,8.17,0.00122549,0.00739827,0.00615764,8.145714,8.093333,,0.00374064,,8.12,,
LU1564329115,2025-08-29,8.12,-0.00611995,-0.002457,0.00246914,8.147143,8.096667,,0.00391879,,8.12,,
LU1564329115,2025-09-01,8.12,0.0,-0.00733496,0.00869565,8.148571,8.099,,0.00387039,,8.07,,
LU1564329115,2025-09-02,8.07,-0.00615764,-0.00981595,0.0138191,8.138571,8.099,,0.00401568,,8.08,,
LU1564329115,2025-09-03,8.08,0.00123916,-0.00980392,0.00873908,8.124286,8.099333,,0.00402175,,8.1,,
LU1564329115,2025-09-04,8.1,0.00247525,-0.00856793,0.00871731,8.117143,8.099,,0.00394475,,8.15,,
LU1564329115,2025-09-05,8.15,0.00617284,0.00369458,0.01494396,8.115714,8.099333,,0.00404645,,8.14,,
LU1564329115,2025-09-08,8.14,-0.00122699,0.00246305,0.00992556,8.111429,8.1,,0.00402704,,8.15,,
LU1564329115,2025-09-09,8.15,0.0012285,0.00991326,0.01116625,8.115714,8.100667,,0.00402701,,8.18,,
LU1564329115,2025-09-10,8.18,0.00368098,0.01237624,0.01363073,8.124286,8.102667,,0.00406961,,8.2,,
LU1564329115,2025-09-11,8.2,0.00244499,0.01234568,0.01610905,8.142857,8.106,,0.00405574,,8.21,,
LU1564329115,2025-09-12,8.21,0.00121951,0.00736196,0.0098401,8.161429,8.111333,,0.00386808,,8.22,,
LU1564329115,2025-09-15,8.22,0.00121803,0.00982801,0.01231527,8.178571,8.12,,0.00318208,,8.2,,
LU1564329115,2025-09-16,8.2,-0.00243309,0.00613497,0.00985222,8.185714,8.126333,,0.00309016,,8.21,,
LU1564329115,2025-09-17,8.21,0.00121951,0.00366748,0.00859951,8.195714,8.132333,,0.00307506,,8.21,,
LU1564329115,2025-09-18,8.21,0.0,0.00121951,0.01233046,8.204286,8.138333,,0.00307506,,8.22,,
LU1564329115,2025-09-19,8.22,0.00121803,0.00121803,0.0135635,8.21,8.143667,,0.00302622,,8.21,,
LU1564329115,2025-09-22,8.21,-0.00121655,-0.00121655,0.00859951,8.211429,8.148667,,0.0030429,,8.24,,
LU1564329115,2025-09-23,8.24,0.00365408,0.00487805,0.00733496,8.215714,8.154333,,0.0030898,,8.21,,
LU1564329115,2025-09-24,8.21,-0.00364078,0.0,0.00736196,8.214286,8.159,,0.00318494,,8.16,,
LU1564329115,2025-09-25,8.16,-0.00609013,-0.00609013,0.0,8.208571,8.16,,0.00313943,,8.19,,
LU1564329115,2025-09-26,8.19,0.00367647,-0.00364964,0.00244798,8.205714,8.162333,,0.0031918,,8.21,,
LU1564329115,2025-09-29,8.21,0.002442,0.0,0.01108374,8.205714,8.165333,,0.00321439,,8.17,,
LU1564329115,2025-09-30,8.17,-0.00487211,-0.00849515,0.00615764,8.198571,8.166333,,0.00332322,,8.18,,
LU1564329115,2025-10-01,8.18,0.00122399,-0.00365408,0.01363073,8.194286,8.168667,,0.0032515,,8.2,,
LU1564329115,2025-10-02,8.2,0.00244499,0.00490196,0.01485149,8.188571,8.171667,,0.00327373,,8.22,,
LU1564329115,2025-10-03,8.22,0.00243902,0.003663,0.01481481,8.19,8.174333,,0.00323868,,8.21,,
LU1564329115,2025-10-06,8.21,-0.00121655,0.0,0.00736196,8.197143,8.175333,,0.00313483,,8.2,,
LU1564329115,2025-10-07,8.2,-0.00121803,0.00367197,0.00737101,8.198571,8.177,,0.00306608,,8.19,,
LU1564329115,2025-10-08,8.19,-0.00121951,0.00122249,0.00490798,8.195714,8.178,,0.00307044,,8.18,,
LU1564329115,2025-10-09,8.18,-0.001221,-0.00243902,0.0,8.197143,8.178333,,0.00307267,,8.17,,
LU1564329115,2025-10-10,8.17,-0.00122249,-0.00608273,-0.00365854,8.195714,8.18,,0.00286377,,8.11,,
LU1564329115,2025-10-13,8.11,-0.00734394,-0.01218027,-0.01218027,8.182857,8.179667,,0.00316879,,8.1,,
LU1564329115,2025-10-14,8.1,-0.00123305,-0.01219512,-0.01459854,8.165714,8.180667,,0.00296865,,8.18,,
LU1564329115,2025-10-15,8.18,0.00987654,-0.001221,-0.00243902,8.161429,8.184,,0.00344334,,8.17,,
LU1564329115,2025-10-16,8.17,-0.00122249,-0.00122249,-0.00487211,8.157143,8.186333,,0.00343359,,8.15,,
LU1564329115,2025-10-17,8.15,-0.00244798,-0.00244798,-0.00730816,8.151429,8.186333,,0.00328707,,8.2,,
LU1564329115,2025-10-20,8.2,0.00613497,0.01109741,-0.00243309,8.154286,8.188333,,0.00345636,,8.21,,
LU1564329115,2025-10-21,8.21,0.00121951,0.01358025,0.0,8.16,8.190333,,0.00345627,,8.22,,
LU1564329115,2025-10-22,8.22,0.00121803,0.00488998,-0.00242718,8.175714,8.191667,,0.00340265,,8.21,,
LU1564329115,2025-10-23,8.21,-0.00121655,0.00489596,0.0,8.191429,8.192,,0.00338442,,8.25,,
LU1564329115,2025-10-24,8.25,0.00487211,0.01226994,0.01102941,8.201429,8.193333,,0.00348853,,8.27,,
LU1564329115,2025-10-27,8.27,0.00242424,0.00853659,0.00976801,8.215714,8.195,,0.0035073,,8.28,,
LU1564329115,2025-10-28,8.28,0.00120919,0.00852619,0.00852619,8.234286,8.197667,,0.00347667,,8.28,,
LU1564329115,2025-10-29,8.28,0.0,0.00729927,0.01346389,8.245714,8.2,,0.00347316,,8.25,,
LU1564329115,2025-10-30,8.25,-0.00362319,0.00487211,0.00855746,8.251429,8.201333,,0.00354339,,8.17,,
LU1564329115,2025-10-31,8.17,-0.00969697,-0.00969697,-0.00365854,8.244286,8.199667,,0.00395356,,8.15,,
LU1564329115,2025-11-03,8.15,-0.00244798,-0.01451028,-0.00851582,8.235714,8.197667,,0.00397031,,8.14,,
LU1564329115,2025-11-04,8.14,-0.00122699,-0.01690821,-0.00852619,8.22,8.194333,,0.00390704,,8.14,,
LU1564329115,2025-11-05,8.14,0.0,-0.01690821,-0.00731707,8.201429,8.192,,0.00386074,,8.14,,
LU1564329115,2025-11-06,8.14,0.0,-0.01333333,-0.00610501,8.181429,8.191333,,0.00370684,,8.1,,
LU1564329115,2025-11-07,8.1,-0.004914,-0.00856793,-0.00977995,8.155714,8.188333,,0.00373766,,8.16,,
LU1564329115,2025-11-10,8.16,0.00740741,0.00122699,-0.00122399,8.142857,8.186667,,0.00396138,,8.2,,
LU1564329115,2025-11-11,8.2,0.00490196,0.00737101,0.01109741,8.147143,8.187667,,0.0039653,,8.23,,
LU1564329115,2025-11-12,8.23,0.00365854,0.01105651,0.01604938,8.158571,8.189333,,0.0040115,,8.21,,
LU1564329115,2025-11-13,8.21,-0.00243013,0.00859951,0.00366748,8.168571,8.189667,,0.00401646,,8.14,,
LU1564329115,2025-11-14,8.14,-0.00852619,0.00493827,-0.00367197,8.168571,8.187,,0.00427304,,8.15,,
LU1564329115,2025-11-17,8.15,0.0012285,-0.00122549,0.0,8.17,8.185,,0.00427842,,8.06,,
LU1564329115,2025-11-18,8.06,-0.01104294,-0.01707317,-0.01707317,8.164286,8.180333,,0.00469669,,8.09,,
LU1564329115,2025-11-19,8.09,0.00372208,-0.01701094,-0.01461632,8.154286,8.177,,0.00475704,,8.13,,
LU1564329115,2025-11-20,8.13,0.00494438,-0.00974421,-0.01094891,8.144286,8.175333,,0.00484933,,8.03,,
LU1564329115,2025-11-21,8.03,-0.01230012,-0.01351351,-0.02192448,8.115714,8.170667,,0.00531326,,8.09,,
LU1564329115,2025-11-24,8.09,0.00747198,-0.00736196,-0.01939394,8.098571,8.17,,0.00534836,,8.13,,
LU1564329115,2025-11-25,8.13,0.00494438,0.00868486,-0.01692866,8.097143,8.171,,0.00541801,,8.19,,
LU1564329115,2025-11-26,8.19,0.00738007,0.01236094,-0.01086957,8.102857,8.171333,,0.00528534,,8.21,,
LU1564329115,2025-11-27,8.21,0.002442,0.0098401,-0.00845411,8.124286,8.172667,,0.00529674,,8.18,,
LU1564329115,2025-11-28,8.18,-0.00365408,0.01867995,-0.00848485,8.137143,8.173667,,0.00532104,,8.18,,
LU1564329115,2025-12-01,8.18,0.0,0.01112485,0.00122399,8.144286,8.173,,0.00520316,,8.17,,
LU1564329115,2025-12-02,8.17,-0.00122249,0.00492005,0.00245399,8.164286,8.171667,,0.00520149,,8.18,,
LU1564329115,2025-12-03,8.18,0.00122399,-0.001221,0.004914,8.177143,8.170333,,0.00520154,,8.2,,
LU1564329115,2025-12-04,8.2,0.00244499,-0.00121803,0.00737101,8.187143,8.17,,0.00521799,,8.22,,
LU1564329115,2025-12-05,8.22,0.00243902,0.00488998,0.00982801,8.191429,8.169,,0.0051598,,8.2,,
LU1564329115,2025-12-08,8.2,-0.00243309,0.00244499,0.01234568,8.19,8.166667,,0.005154,,8.19,,
LU1564329115,2025-12-09,8.19,-0.00121951,0.00244798,0.00367647,8.191429,8.163667,,0.0051492,,8.18,,
LU1564329115,2025-12-10,8.18,-0.001221,0.0,-0.00243902,8.191429,8.160333,,0.0051511,,8.21,,
LU1564329115,2025-12-11,8.21,0.00366748,0.00121951,-0.00243013,8.197143,8.159,,0.00516487,,8.23,,
LU1564329115,2025-12-12,8.23,0.00243605,0.00121655,0.00243605,8.204286,8.161,,0.00486785,,8.21,,
LU1564329115,2025-12-15,8.21,-0.00243013,0.00121951,0.00859951,8.205714,8.163,,0.00486752,,8.19,,
LU1564329115,2025-12-16,8.19,-0.00243605,0.0,0.00490798,8.201429,8.164667,,0.00488461,,8.18,,
LU1564329115,2025-12-17,8.18,-0.001221,0.0,0.01488834,8.198571,8.166,,0.00489132,,8.18,,
LU1564329115,2025-12-18,8.18,0.0,-0.00365408,0.01112485,8.197143,8.167333,,0.00489132,,8.19,,
LU1564329115,2025-12-19,8.19,0.00122249,-0.00486027,0.00738007,8.198571,8.170333,,0.0048017,,8.21,,
LU1564329115,2025-12-22,8.21,0.002442,0.0,0.02241594,8.198571,8.172,,0.00463945,,8.23,,
LU1564329115,2025-12-23,8.23,0.00243605,0.004884,0.01730532,8.198571,8.173,,0.0045771,,8.26,,
LU1564329115,2025-12-29,8.26,0.0036452,0.00977995,0.01599016,8.205714,8.174,,0.00457676,,8.27,,
LU1564329115,2025-12-30,8.27,0.00121065,0.01100244,0.00976801,8.217143,8.176,,0.00455544,,8.21,,
LU1564329115,2025-12-31,8.21,-0.00725514,0.002442,0.0,8.221429,8.178333,,0.00447885,,8.21,,
LU1564329115,2026-01-02,8.21,,,,,,,,,8.23,,
LU1564329115,2026-01-05,8.23,0.00243605,,,,,,,,8.27,,
LU1564329115,2026-01-06,8.27,0.00486027,,,,,,,,8.28,,
LU1564329115,2026-01-07,8.28,0.00120919,,,,,,,,8.27,,
LU1564329115,2026-01-08,8.27,-0.00120773,,,,,,,,8.29,,
LU1564329115,2026-01-09,8.29,0.00241838,0.00974421,,,,,,,8.31,,
LU1564329115,2026-01-12,8.31,0.00241255,0.00972053,,8.265714,,,,,8.31,,
LU1564329115,2026-01-13,8.31,0.0,0.00483676,,8.28,,,,,8.3,,
LU1564329115,2026-01-14,8.3,-0.00120337,0.00241546,,8.29,,,,,8.33,,
LU1564329115,2026-01-15,8.33,0.00361446,0.00725514,,8.298571,,,,,8.32,,
LU1564329115,2026-01-16,8.32,-0.00120048,0.00361882,,8.304286,,,,,8.32,,
LU1564329115,2026-01-19,8.32,0.0,0.00120337,,8.311429,,,,,8.27,,
LU1564329115,2026-01-20,8.27,-0.00600962,-0.00481348,,8.308571,,,,,8.28,,
LU1564329115,2026-01-21,8.28,0.00120919,-0.00240964,,8.304286,,,,,8.32,,
LU1564329115,2026-01-22,8.32,0.00483092,-0.00120048,,8.305714,,,,,8.32,,
LU1564329115,2026-01-23,8.32,0.0,0.0,,8.308571,,,,,8.37,,
LU1564329115,2026-01-26,8.37,0.00600962,0.00600962,,8.314286,,,,,8.37,,
LU1564329115,2026-01-27,8.37,0.0,0.0120919,,8.321429,,,,,8.37,,
LU1564329115,2026-01-28,8.37,0.0,0.01086957,,8.328571,,,,,8.35,,
LU1564329115,2026-01-29,8.35,-0.00238949,0.00360577,,8.34,,,,,8.3,,
LU1564329115,2026-01-30,8.3,-0.00598802,-0.00240385,,8.342857,,,,,8.31,,
LU1564329115,2026-02-02,8.31,0.00120482,-0.00716846,0.01218027,8.341429,,,,,8.32,,
LU1564329115,2026-02-03,8.32,0.00120337,-0.00597372,0.0109356,8.341429,,,,,8.32,,
LU1564329115,2026-02-04,8.32,0.0,-0.00597372,0.00604595,8.334286,,,,,8.27,,
LU1564329115,2026-02-05,8.27,-0.00600962,-0.00958084,-0.00120773,8.32,,,,,8.31,,
LU1564329115,2026-02-06,8.31,0.00483676,0.00120482,0.00483676,8.311429,,,,,8.35,,
LU1564329115,2026-02-09,8.35,0.00481348,0.00481348,0.00723764,8.311429,,,,,8.39,,
LU1564329115,2026-02-10,8.39,0.00479042,0.00841346,0.00962696,8.324286,,,,,8.38,,
LU1564329115,2026-02-11,8.38,-0.0011919,0.00721154,0.00842359,8.334286,,,,,8.39,,
LU1564329115,2026-02-12,8.39,0.00119332,0.01451028,0.01084337,8.344286,8.314333,,,,8.32,,
LU1564329115,2026-02-13,8.32,-0.00834327,0.00120337,-0.00120048,8.344286,8.318,,0.00352895,,8.34,,
LU1564329115,2026-02-16,8.34,0.00240385,-0.0011976,0.00240385,8.354286,8.321667,,0.00352835,,8.32,,
LU1564329115,2026-02-17,8.32,-0.00239808,-0.00834327,0.0,8.355714,8.323333,,0.00346586,,8.37,,
LU1564329115,2026-02-18,8.37,0.00600962,-0.00119332,0.0120919,8.358571,8.326333,,0.003616,,8.35,,
LU1564329115,2026-02-19,8.35,-0.00238949,-0.00476758,0.00845411,8.352857,8.329,,0.00363931,,8.36,,
LU1564329115,2026-02-20,8.36,0.0011976,0.00480769,0.00480769,8.35,8.331333,,0.00362249,,8.39,,
LU1564329115,2026-02-23,8.39,0.00358852,0.0059952,0.00841346,8.35,8.334,,0.00365152,,8.36,,
LU1564329115,2026-02-24,8.36,-0.00357569,0.00480769,-0.00119474,8.355714,8.335667,,0.00371797,,8.41,,
LU1564329115,2026-02-25,8.41,0.00598086,0.00477897,0.00477897,8.365714,8.339333,,0.0038485,,8.41,,
LU1564329115,2026-02-26,8.41,0.0,0.00718563,0.00477897,8.378571,8.342,,0.00380375,,8.34,,
LU1564329115,2026-02-27,8.34,-0.00832342,-0.00239234,-0.0011976,8.374286,8.342667,,0.00410222,,8.3,,
LU1564329115,2026-03-02,8.3,-0.00479616,-0.01072706,0.0,8.367143,8.342,,0.00419496,,8.13,,
LU1564329115,2026-03-03,8.13,-0.02048193,-0.02751196,-0.02166065,8.334286,8.337333,,0.00548415,,8.21,,
LU1564329115,2026-03-04,8.21,0.0098401,-0.02378121,-0.01322115,8.308571,8.335,,0.00578711,,8.21,,
LU1564329115,2026-03-05,8.21,0.0,-0.02378121,-0.01322115,8.287143,8.331333,,0.00570973,,8.09,,
LU1564329115,2026-03-06,8.09,-0.01461632,-0.02997602,-0.02176542,8.241429,8.323667,,0.00625049,,8.06,,
LU1564329115,2026-03-09,8.06,-0.00370828,-0.02891566,-0.03008424,8.191429,8.313333,,0.00613399,,8.17,,
LU1564329115,2026-03-10,8.17,0.01364764,0.00492005,-0.02155689,8.167143,8.306667,,0.00668986,,8.14,,
LU1564329115,2026-03-11,8.14,-0.00367197,-0.00852619,-0.02979738,8.144286,8.299,,0.00670797,,8.07,,
LU1564329115,2026-03-12,8.07,-0.00859951,-0.01705238,-0.03699284,8.135714,8.289667,,0.00684498,,8.04,,
LU1564329115,2026-03-13,8.04,-0.00371747,-0.00618047,-0.04171633,8.111429,8.281,,0.00680308,,8.07,,
LU1564329115,2026-03-16,8.07,0.00373134,0.00124069,-0.03004808,8.091429,8.273,,0.00684582,,8.1,,
LU1564329115,2026-03-17,8.1,0.00371747,-0.00856793,-0.02877698,8.092857,8.265667,,0.00688697,,8.06,,
LU1564329115,2026-03-18,8.06,-0.00493827,-0.00982801,-0.03125,8.092857,8.257,,0.00692315,,7.98,,
LU1564329115,2026-03-19,7.98,-0.00992556,-0.01115242,-0.04659498,8.065714,8.247333,,0.00705146,,7.94,,
LU1564329115,2026-03-20,7.94,-0.00501253,-0.01243781,-0.0491018,8.037143,8.235,,0.00699347,,8.0,,
LU1564329115,2026-03-23,8.0,0.00755668,-0.0086741,-0.0430622,8.027143,8.223333,,0.00709255,,7.95,,
LU1564329115,2026-03-24,7.95,-0.00625,-0.01851852,-0.05244338,8.014286,8.208667,,0.00704803,,7.99,,
LU1564329115,2026-03-25,7.99,0.00503145,-0.00868486,-0.04425837,8.002857,8.195667,,0.00715278,,7.96,,
LU1564329115,2026-03-26,7.96,-0.00375469,-0.00250627,-0.05350773,7.982857,8.181333,,0.00714439,,7.87,,
LU1564329115,2026-03-27,7.87,-0.01130653,-0.00881612,-0.06420927,7.955714,8.166333,,0.00725482,,7.85,,
LU1564329115,2026-03-30,7.85,-0.0025413,-0.01875,-0.058753,7.937143,8.15,,0.00721291,,7.86,,
LU1564329115,2026-03-31,7.86,0.00127389,-0.01132075,-0.05301205,7.925714,8.134667,,0.00723607,,7.96,,
LU1564329115,2026-04-01,7.96,0.01272265,-0.00375469,-0.02091021,7.92,8.121,,0.0075722,,7.92,,
LU1564329115,2026-04-02,7.92,-0.00502513,-0.00502513,-0.03532278,7.915714,8.106667,,0.0075956,,7.97,,
LU1564329115,2026-04-07,7.97,0.00631313,0.01270648,-0.02923264,7.912857,8.093667,,0.00771591,,8.15,,
LU1564329115,2026-04-08,8.15,0.02258469,0.03821656,0.00741656,7.94,8.085667,,0.0088139,,8.15,,
LU1564329115,2026-04-09,8.15,0.0,0.03689567,0.01116625,7.98,8.078667,,0.00880146,,8.18,,
LU1564329115,2026-04-10,8.18,0.00368098,0.02763819,0.00122399,8.027143,8.071,,0.00875186,,8.16,,
LU1564329115,2026-04-13,8.16,-0.00244499,0.03030303,0.002457,8.07,8.062667,,0.00875461,,8.23,,
LU1564329115,2026-04-14,8.23,0.00857843,0.03262233,0.01982652,8.108571,8.059,,0.00880677,,8.24,,
LU1564329115,2026-04-15,8.24,0.00121507,0.01104294,0.02487562,8.154286,8.057,,0.00877288,,8.26,,
LU1564329115,2026-04-16,8.26,0.00242718,0.01349693,0.02354399,8.195714,8.061333,,0.00793118,,8.32,,
LU1564329115,2026-04-17,8.32,0.00726392,0.01711491,0.02716049,8.22,8.065,,0.0078437,,8.33,,
LU1564329115,2026-04-20,8.33,0.00120192,0.02083333,0.03349876,8.245714,8.069,,0.00784424,,8.32,,
LU1564329115,2026-04-21,8.32,-0.00120048,0.0109356,0.04260652,8.265714,8.076667,,0.00733477,,8.3,,
LU1564329115,2026-04-22,8.3,-0.00240385,0.00728155,0.04534005,8.285714,8.084667,,0.00731079,,8.29,,
LU1564329115,2026-04-23,8.29,-0.00120482,0.00363196,0.03625,8.294286,8.088667,,0.00693091,,8.27,,
LU1564329115,2026-04-24,8.27,-0.00241255,-0.00600962,0.04025157,8.298571,8.093,,0.00690923,,8.29,,
LU1564329115,2026-04-27,8.29,0.00241838,-0.00480192,0.03754693,8.302857,8.100333,,0.00670276,,8.26,,
LU1564329115,2026-04-28,8.26,-0.00361882,-0.00721154,0.03768844,8.294286,8.107667,,0.00670051,,8.24,,
LU1564329115,2026-04-29,8.24,-0.00242131,-0.00722892,0.04701398,8.281429,8.113333,,0.00670556,,8.21,,
LU1564329115,2026-04-30,8.21,-0.00364078,-0.00965018,0.04585987,8.265714,8.117,,0.00672589,,8.26,,
LU1564329115,2026-05-04,8.26,0.00609013,-0.00120919,0.05089059,8.26,8.123667,,0.00672151,,8.25,,
LU1564329115,2026-05-05,8.25,-0.00121065,-0.00482509,0.03643216,8.254286,8.132667,,0.00643205,,8.32,,
LU1564329115,2026-05-06,8.32,0.00848485,0.00726392,0.05050505,8.261429,8.145333,,0.00645864,,8.33,,
LU1564329115,2026-05-07,8.33,0.00120192,0.01092233,0.04516939,8.267143,8.156333,,0.00636265,,8.32,,
LU1564329115,2026-05-08,8.32,-0.00120048,0.01339829,0.0208589,8.275714,8.168667,,0.00622417,,8.33,,
LU1564329115,2026-05-11,8.33,0.00120192,0.00847458,0.02208589,8.288571,8.18,,0.00619036,,8.28,,
LU1564329115,2026-05-12,8.28,-0.0060024,0.00363636,0.01222494,8.298571,8.190667,,0.00626555,,8.29,,
LU1564329115,2026-05-13,8.29,0.00120773,-0.00360577,0.01593137,8.302857,8.204667,,0.00581012,,8.27,,
LU1564329115,2026-05-15,8.27,-0.00241255,-0.00720288,0.00486027,8.305714,8.218667,,0.00580699,,8.29,,
LU1564329115,2026-05-18,8.29,0.00241838,-0.00360577,0.00606796,8.301429,8.233,,0.00580746,,8.25,,
LU1564329115,2026-05-19,8.25,-0.00482509,-0.00960384,-0.00121065,8.29,8.242667,,0.00555548,,8.26,,
LU1564329115,2026-05-20,8.26,0.00121212,-0.00241546,-0.00721154,8.281429,8.254,,0.00543367,,8.29,,
LU1564329115,2026-05-21,8.29,0.00363196,0.0,-0.00480192,8.275714,8.264667,,0.00537412,,8.34,,
LU1564329115,2026-05-22,8.34,0.00603136,0.00846433,0.00240385,8.284286,8.271,,0.00377516,,8.38,,
LU1564329115,2026-05-26,8.38,0.00479616,0.01085645,0.00963855,8.297143,8.278667,,0.00383993,,8.38,,
LU1564329115,2026-05-27,8.38,0.0,0.01575758,0.01085645,8.312857,8.285333,,0.00380893,,8.37,,
LU1564329115,2026-05-28,8.37,-0.00119332,0.01331719,0.0120919,8.324286,8.292333,,0.00377976,,8.35,,
LU1564329115,2026-05-29,8.35,-0.00238949,0.00723764,0.00723764,8.338571,8.296333,,0.00353766,,8.32,,
LU1564329115,2026-06-01,8.32,-0.00359281,-0.00239808,0.00726392,8.347143,8.299,,0.00360931,,8.34,,
LU1564329115,2026-06-02,8.34,0.00240385,-0.00477327,0.01213592,8.354286,8.301667,,0.00360886,,8.34,,
LU1564329115,2026-06-03,8.34,0.0,-0.00477327,0.01583435,8.354286,8.302333,,0.00337123,,8.34,,
LU1564329115,2026-06-04,8.34,0.0,-0.00358423,0.00968523,8.348571,8.302667,,0.00336486,,8.31,,
LU1564329115,2026-06-05,8.31,-0.00359712,-0.00479042,0.00727273,8.338571,8.302333,,0.00342147,,8.26,,
LU1564329115,2026-06-08,8.26,-0.00601685,-0.00721154,-0.00721154,8.322857,8.301,,0.00356341,,8.29,,
LU1564329115,2026-06-09,8.29,0.00363196,-0.0059952,-0.00360577,8.314286,8.301,,0.05904273,,8.26,,
LU1564329115,2026-06-10,8.26,-0.00361882,-0.00959233,-0.00840336,8.305714,8.300667,,0.05957965,,8.23,,
LU1564329115,2026-06-11,8.23,-0.00363196,-0.01318945,-0.00603865,8.29,8.298667,,0.05958661,,8.29,,
LU1564329115,2026-06-12,8.29,0.0072904,-0.00240674,0.0,8.282857,8.299667,,0.06298907,,8.39,8.32,
LU1564329115,2026-06-15,8.39,0.01206273,0.0157385,0.01451028,8.29,8.304667,,0.07085379,,8.4,8.3,
LU1564329115,2026-06-16,8.4,0.0011919,0.013269,0.01571947,8.302857,8.311,,0.0689826,,8.4,8.3,
LU1564329115,2026-06-17,8.4,0.0,0.01694915,0.013269,8.322857,8.315667,,0.06879042,,8.35,8.33,
LU1564329115,2026-06-18,8.35,-0.00595238,0.0145808,0.01212121,8.331429,8.319,,0.06709876,,8.34,8.28,
LU1564329115,2026-06-19,8.34,-0.0011976,0.00603136,0.00968523,8.342857,8.319667,,0.06712747,,8.35,8.36,
LU1564329115,2026-06-22,8.35,0.00119904,-0.00476758,0.00119904,8.36,8.320333,,0.06709784,,8.29,8.41,
LU1564329115,2026-06-24,8.29,-0.00718563,-0.01309524,-0.0059952,8.36,8.319333,,0.07037061,,8.29,8.48,
LU1564329115,2026-06-25,8.29,0.0,-0.00718563,-0.01073986,8.345714,8.318,,0.06806975,,8.29,8.46,
LU1564329115,2026-06-26,8.29,0.0,-0.0059952,-0.01073986,8.33,8.318333,,0.067978,,8.32,8.47,
LU1564329115,2026-06-29,8.32,0.00361882,-0.00359281,-0.00359281,8.318571,8.319333,,0.0683684,,8.28,8.47,
LU1564329115,2026-06-30,8.28,-0.00480769,-0.00838323,-0.00838323,8.308571,8.319667,,0.06958177,,8.28,8.48,
LU1564329115,2026-07-01,8.28,0.0,-0.00120627,-0.00480769,8.3,8.319333,,0.06802701,,8.34,8.49,
LU1564329115,2026-07-02,8.34,0.00724638,0.00603136,0.0,8.298571,8.322333,,0.071142,,8.34,8.53,
LU1564329115,2026-07-03,8.34,0.0,0.00603136,0.0,8.305714,8.325,,0.07043248,,8.35,8.53,
LU1564329115,2026-07-06,8.35,0.00119904,0.00360577,0.00481348,8.314286,8.327,,0.06824876,,8.35,8.51,
LU1564329115,2026-07-07,8.35,0.0,0.00845411,0.00481348,8.322857,8.327333,,0.06669379,,8.3,,
LU1564329115,2026-07-08,8.3,-0.00598802,0.00241546,0.00484262,8.32,8.324667,,0.06890015,,8.32,,
LU0056508442,2025-07-08,102.35,,,,,,,,,103.17,,
LU0056508442,2025-07-09,103.17,0.00801172,,,,,,,,102.27,,
LU0056508442,2025-07-10,102.27,-0.00872347,,,,,,,,101.98,,
LU0056508442,2025-07-11,101.98,-0.00283563,,,,,,,,101.51,,
LU0056508442,2025-07-14,101.51,-0.00460875,,,,,,,,102.93,,
LU0056508442,2025-07-15,102.93,0.01398877,0.00566683,,,,,,,102.32,,
LU0056508442,2025-07-16,102.32,-0.00592636,-0.00823883,,102.361429,,,,,103.7,,
LU0056508442,2025-07-17,103.7,0.0134871,0.0139826,,102.554286,,,,,103.91,,
LU0056508442,2025-07-18,103.91,0.00202507,0.01892528,,102.66,,,,,104.34,,
LU0056508442,2025-07-21,104.34,0.0041382,0.02787903,,102.955714,,,,,102.47,,
LU0056508442,2025-07-22,102.47,-0.01792218,-0.00446906,,103.025714,,,,,102.69,,
LU0056508442,2025-07-23,102.69,0.00214697,0.00361611,,103.194286,,,,,103.98,,
LU0056508442,2025-07-24,103.98,0.01256208,0.0027001,,103.344286,,,,,104.28,,
LU0056508442,2025-07-25,104.28,0.00288517,0.00356077,,103.624286,,,,,104.77,,
LU0056508442,2025-07-28,104.77,0.00469889,0.00412114,,103.777143,,,,,105.43,,
LU0056508442,2025-07-29,105.43,0.00629951,0.0288865,,103.994286,,,,,104.84,,
LU0056508442,2025-07-30,104.84,-0.00559613,0.0209368,,104.065714,,,,,106.42,,
LU0056508442,2025-07-31,106.42,0.01507058,0.02346605,,104.63,,,,,102.71,,
LU0056508442,2025-08-01,102.71,-0.03486187,-0.01505562,,104.632857,,,,,104.77,,
LU0056508442,2025-08-04,104.77,0.02005647,0.0,,104.745714,,,,,105.31,,
LU0056508442,2025-08-05,105.31,0.00515415,-0.0011382,,104.892857,,,,,104.54,,
LU0056508442,2025-08-06,104.54,-0.00731175,-0.0028615,0.02139717,104.86,,,,,106.69,,
LU0056508442,2025-08-07,106.69,0.02056629,0.00253712,0.03411845,105.04,,,,,106.0,,
LU0056508442,2025-08-08,106.0,-0.00646734,0.03203193,0.03647208,105.205714,,,,,106.35,,
LU0056508442,2025-08-11,106.35,0.00330189,0.01508065,0.04285154,105.195714,,,,,105.79,,
LU0056508442,2025-08-12,105.79,-0.00526563,0.00455797,0.04216333,105.635714,,,,,107.21,,
LU0056508442,2025-08-13,107.21,0.01342282,0.02554046,0.04158166,105.984286,,,,,106.29,,
LU0056508442,2025-08-14,106.29,-0.00858129,-0.00374918,0.03879984,106.124286,,,,,105.65,,
LU0056508442,2025-08-18,105.65,-0.00602126,-0.00330189,0.01880424,106.282857,,,,,105.3,,
LU0056508442,2025-08-19,105.3,-0.00331283,-0.00987306,0.01337696,106.084286,104.332333,,,,101.95,,
LU0056508442,2025-08-20,101.95,-0.03181387,-0.03629833,-0.02290588,105.505714,104.319,,0.01281901,,102.45,,
LU0056508442,2025-08-21,102.45,0.00490436,-0.04439884,-0.00019518,104.948571,104.295,,0.01276591,,102.8,,
LU0056508442,2025-08-22,102.8,0.0034163,-0.0328347,0.00107119,104.521429,104.312667,,0.01267989,,104.65,,
LU0056508442,2025-08-25,104.65,0.01799611,-0.00946522,0.00644355,104.155714,104.401667,,0.01305653,,104.63,,
LU0056508442,2025-08-26,104.63,-0.00019111,-0.00636277,0.00335635,103.918571,104.505667,,0.01301789,,104.59,,
LU0056508442,2025-08-27,104.59,-0.0003823,0.02589505,-0.00171805,103.767143,104.561,,0.01279715,,106.02,,
LU0056508442,2025-08-28,106.02,0.01367244,0.03484627,0.00559613,103.87,104.684333,,0.01294588,,105.36,,
LU0056508442,2025-08-29,105.36,-0.00622524,0.02490272,0.00495994,104.357143,104.739667,,0.01280861,,104.85,,
LU0056508442,2025-09-01,104.85,-0.00484055,0.00191113,-0.01475287,104.7,104.771,,0.01284261,,103.59,,
LU0056508442,2025-09-02,103.59,-0.01201717,-0.00993979,0.00856781,104.812857,104.746,,0.01301147,,104.12,,
LU0056508442,2025-09-03,104.12,0.00511632,-0.00449374,-0.00620407,104.737143,104.801,,0.01261399,,104.67,,
LU0056508442,2025-09-04,104.67,0.00528237,-0.01273345,-0.0060773,104.742857,104.867,,0.01263924,,107.12,,
LU0056508442,2025-09-05,107.12,0.0234069,0.01670463,0.02467955,105.104286,104.971667,,0.01311883,,108.24,,
LU0056508442,2025-09-08,108.24,0.01045556,0.0323319,0.01452807,105.421429,105.103667,,0.01322354,,108.01,,
LU0056508442,2025-09-09,108.01,-0.00212491,0.04266821,0.01896226,105.8,105.211667,,0.01322234,,111.22,,
LU0056508442,2025-09-10,111.22,0.02971947,0.06819055,0.0457922,106.71,105.404667,,0.01416392,,111.35,,
LU0056508442,2025-09-11,111.35,0.00116885,0.06381962,0.05255695,107.818571,105.621667,,0.01409672,,110.98,,
LU0056508442,2025-09-12,110.98,-0.00332286,0.03603435,0.03516463,108.798571,105.773667,,0.01391855,,111.79,,
LU0056508442,2025-09-15,111.79,0.00729861,0.03279749,0.05174523,109.815714,106.076333,,0.0121987,,112.19,,
LU0056508442,2025-09-16,112.19,0.00357814,0.03870012,0.06190251,110.54,106.323667,,0.01177763,,111.45,,
LU0056508442,2025-09-17,111.45,-0.00659595,0.00206797,0.05840456,110.998571,106.528333,,0.01187295,,112.63,,
LU0056508442,2025-09-18,112.63,0.01058771,0.01149529,0.10475723,111.658571,106.798,,0.01184168,,113.24,,
LU0056508442,2025-09-19,113.24,0.00541596,0.02036403,0.10531967,111.947143,107.016333,,0.01137684,,113.55,,
LU0056508442,2025-09-22,113.55,0.00273755,0.01574381,0.10457198,112.261429,107.268,,0.01126651,,113.89,,
LU0056508442,2025-09-23,113.89,0.00299428,0.01515287,0.08829431,112.677143,107.519333,,0.01126578,,113.21,,
LU0056508442,2025-09-24,113.21,-0.00597067,0.01579183,0.08200325,112.88,107.766667,,0.01128237,,111.08,,
LU0056508442,2025-09-25,111.08,-0.01881459,-0.01376188,0.06205182,112.721429,107.895667,,0.01170169,,112.23,,
LU0056508442,2025-09-26,112.23,0.0103529,-0.00891911,0.05857385,112.832857,108.093667,,0.0116649,,113.38,,
LU0056508442,2025-09-29,113.38,0.01024681,-0.00149714,0.07611997,112.94,108.351333,,0.01166301,,112.38,,
LU0056508442,2025-09-30,112.38,-0.0088199,-0.01325841,0.07181688,112.817143,108.587333,,0.01179447,,112.41,,
LU0056508442,2025-10-01,112.41,0.00026695,-0.00706651,0.08514335,112.654286,108.936,,0.00997185,,114.28,,
LU0056508442,2025-10-02,114.28,0.01663553,0.02880807,0.09757972,112.71,109.330333,,0.01025275,,114.85,,
LU0056508442,2025-10-03,114.85,0.00498775,0.02334492,0.09725805,112.944286,109.732,,0.01025517,,115.72,,
LU0056508442,2025-10-06,115.72,0.0075751,0.02063856,0.08028379,113.607143,110.101,,0.00993847,,115.63,,
LU0056508442,2025-10-07,115.63,-0.00077774,0.02891974,0.06827421,114.092857,110.467667,,0.00994611,,115.64,,
LU0056508442,2025-10-08,115.64,0.00008648,0.0287341,0.07064161,114.415714,110.836,,0.00994054,,116.66,,
LU0056508442,2025-10-09,116.66,0.00882048,0.02082604,0.04891207,115.027143,111.190667,,0.00981076,,116.9,,
LU0056508442,2025-10-10,116.9,0.00205726,0.01784937,0.04984284,115.668571,111.575333,,0.0096558,,115.22,,
LU0056508442,2025-10-13,115.22,-0.01437126,-0.00432077,0.03820508,115.802857,111.921,,0.01007331,,112.67,,
LU0056508442,2025-10-14,112.67,-0.02213157,-0.02559889,0.0078719,115.491429,112.223667,,0.01072512,,115.19,,
LU0056508442,2025-10-15,115.19,0.0223662,-0.00389139,0.02674035,115.415714,112.592667,,0.01127868,,115.57,,
LU0056508442,2025-10-16,115.57,0.0032989,-0.00934339,0.03696725,115.407143,112.956,,0.01127348,,113.98,,
LU0056508442,2025-10-17,113.98,-0.0137579,-0.02497861,0.01198615,115.17,113.184667,,0.01104334,,115.47,,
LU0056508442,2025-10-20,115.47,0.01307247,0.00216976,0.01969269,115.0,113.425667,,0.01111882,,114.89,,
LU0056508442,2025-10-21,114.89,-0.00502295,0.01970356,0.01180097,114.712857,113.655,,0.01116862,,115.0,,
LU0056508442,2025-10-22,115.0,0.00095744,-0.00164945,0.00974625,114.681429,113.781,,0.00992361,,114.77,,
LU0056508442,2025-10-23,114.77,-0.002,-0.00692221,0.0137797,114.981429,113.895,,0.00993985,,117.13,,
LU0056508442,2025-10-24,117.13,0.02056286,0.02763643,0.05446525,115.258571,114.1,,0.01049799,,118.92,,
LU0056508442,2025-10-27,118.92,0.01528217,0.02987789,0.05960973,115.737143,114.337667,,0.01073122,,119.99,,
LU0056508442,2025-10-28,119.99,0.00899765,0.04439029,0.05829952,116.595714,114.597667,,0.01079963,,122.2,,
LU0056508442,2025-10-29,122.2,0.0184182,0.0626087,0.0873821,117.557143,114.956,,0.01104339,,120.37,,
LU0056508442,2025-10-30,120.37,-0.01497545,0.04879324,0.07081221,118.34,115.214,,0.01141543,,120.87,,
LU0056508442,2025-10-31,120.87,0.00415386,0.03193033,0.05766538,119.178571,115.468333,,0.01140613,,120.63,,
LU0056508442,2025-11-03,120.63,-0.0019856,0.01437941,0.05032651,120.015714,115.704333,,0.01143076,,118.88,,
LU0056508442,2025-11-04,118.88,-0.01450717,-0.00925077,0.02730729,120.265714,115.870667,,0.01180972,,117.05,,
LU0056508442,2025-11-05,117.05,-0.01539367,-0.04214403,0.01228055,119.998571,115.998667,,0.01212533,,115.54,,
LU0056508442,2025-11-06,115.54,-0.01290047,-0.04012628,-0.00086475,119.362857,116.147333,,0.01184335,,112.53,,
LU0056508442,2025-11-07,112.53,-0.02605158,-0.06899975,-0.03540202,117.981429,116.157333,,0.01269643,,116.08,,
LU0056508442,2025-11-10,116.08,0.03154714,-0.03771864,-0.00701454,117.368571,116.247333,,0.01378871,,115.48,,
LU0056508442,2025-11-11,115.48,-0.00516885,-0.02860027,0.00225655,116.598571,116.350667,,0.01371849,,115.0,,
LU0056508442,2025-11-12,115.0,-0.00415656,-0.01751388,0.02067986,115.794286,116.437,,0.01374933,,112.87,,
LU0056508442,2025-11-13,112.87,-0.01852174,-0.02310888,-0.02014064,114.935714,116.39,,0.01385218,,110.73,,
LU0056508442,2025-11-14,110.73,-0.01895987,-0.01599573,-0.04187938,114.032857,116.252667,,0.01420884,,111.88,,
LU0056508442,2025-11-17,111.88,0.01038562,-0.03618194,-0.01842428,113.51,116.124667,,0.01427495,,108.04,,
LU0056508442,2025-11-18,108.04,-0.03432249,-0.06442674,-0.06434572,112.868571,115.871667,,0.0154753,,110.49,,
LU0056508442,2025-11-19,110.49,0.02267679,-0.03921739,-0.0382975,112.07,115.7,,0.01610226,,112.76,,
LU0056508442,2025-11-20,112.76,0.02054485,-0.00097457,-0.01947826,111.681429,115.57,,0.01648305,,105.69,,
LU0056508442,2025-11-21,105.69,-0.06269954,-0.04551612,-0.07911475,110.351429,115.196333,,0.01984006,,108.23,,
LU0056508442,2025-11-24,108.23,0.02403255,-0.03262424,-0.07598395,109.688571,114.963333,,0.02030851,,108.33,,
LU0056508442,2025-11-25,108.33,0.00092396,0.00268419,-0.08905146,109.345714,114.818667,,0.01996069,,111.11,,
LU0056508442,2025-11-26,111.11,0.02566233,0.00561137,-0.07400617,109.235714,114.682667,,0.02009819,,111.99,,
LU0056508442,2025-11-27,111.99,0.00792008,-0.00682866,-0.08355155,109.8,114.563333,,0.02014817,,112.3,,
LU0056508442,2025-11-28,112.3,0.0027681,0.06254139,-0.06704328,110.058571,114.507333,,0.02001299,,111.81,,
LU0056508442,2025-12-01,111.81,-0.00436331,0.0330777,-0.07495656,109.922857,114.385333,,0.0198691,,113.73,,
LU0056508442,2025-12-02,113.73,0.01717199,0.04984769,-0.0571997,111.071429,114.346667,,0.02011253,,112.07,,
LU0056508442,2025-12-03,112.07,-0.01459597,0.00864009,-0.05728466,111.62,114.249,,0.02027752,,112.65,,
LU0056508442,2025-12-04,112.65,0.00517534,0.00589338,-0.03759077,112.237143,114.178333,,0.02030251,,114.56,,
LU0056508442,2025-12-05,114.56,0.01695517,0.02012467,-0.00848191,112.73,114.092667,,0.02018827,,114.86,,
LU0056508442,2025-12-08,114.86,0.00261872,0.02727842,0.02070559,113.14,113.957333,,0.01998454,,114.83,,
LU0056508442,2025-12-09,114.83,-0.00026119,0.00967203,-0.01076844,113.501429,113.785333,,0.01989977,,114.71,,
LU0056508442,2025-12-10,114.71,-0.00104502,0.02355671,-0.00666782,113.915714,113.535667,,0.01956193,,112.75,,
LU0056508442,2025-12-11,112.75,-0.01708657,0.00088771,-0.01956522,113.775714,113.281667,,0.01961253,,112.92,,
LU0056508442,2025-12-12,112.92,0.00150776,-0.01431564,0.00044299,113.897143,113.016667,,0.01959067,,110.05,,
LU0056508442,2025-12-15,110.05,-0.02541622,-0.04187707,-0.00614106,113.525714,112.664,,0.02003374,,109.74,,
LU0056508442,2025-12-16,109.74,-0.0028169,-0.0443264,-0.01912764,112.837143,112.359333,,0.0199166,,109.23,,
LU0056508442,2025-12-17,109.23,-0.00464735,-0.04777264,0.01101444,112.032857,112.098667,,0.01977695,,108.86,,
LU0056508442,2025-12-18,108.86,-0.00338735,-0.03450111,-0.01475247,111.18,111.876,,0.01967731,,110.78,,
LU0056508442,2025-12-19,110.78,0.01763733,-0.01895147,-0.01755942,110.618571,111.817667,,0.01944292,,112.02,,
LU0056508442,2025-12-22,112.02,0.01119336,0.01790095,0.05989214,110.514286,111.682333,,0.01865798,,111.68,,
LU0056508442,2025-12-23,111.68,-0.00303517,0.01767815,0.03187656,110.337143,111.555667,,0.01864605,,112.4,,
LU0056508442,2025-12-29,112.4,0.00644699,0.02902133,0.03757039,110.672857,111.469,,0.01868216,,112.84,,
LU0056508442,2025-12-30,112.84,0.00391459,0.03656072,0.01557016,111.115714,111.468,,0.01839603,,112.24,,
LU0056508442,2025-12-31,112.24,-0.00531726,0.01317927,0.00223234,111.545714,111.518333,,0.01808365,,113.85,,
LU0056508442,2026-01-02,113.85,,,,,,,,,113.76,,
LU0056508442,2026-01-05,113.76,-0.00079051,,,,,,,,114.1,,
LU0056508442,2026-01-06,114.1,0.00298875,,,,,,,,114.26,,
LU0056508442,2026-01-07,114.26,0.00140228,,,,,,,,112.86,,
LU0056508442,2026-01-08,112.86,-0.01225276,,,,,,,,113.9,,
LU0056508442,2026-01-09,113.9,0.00921496,0.00043917,,,,,,,114.77,,
LU0056508442,2026-01-12,114.77,0.00763828,0.00887834,,113.928571,,,,,115.72,,
LU0056508442,2026-01-13,115.72,0.00827742,0.01419807,,114.195714,,,,,113.65,,
LU0056508442,2026-01-14,113.65,-0.01788801,-0.0053387,,114.18,,,,,115.54,,
LU0056508442,2026-01-15,115.54,0.01663,0.02374623,,114.385714,,,,,114.94,,
LU0056508442,2026-01-16,114.94,-0.00519301,0.00913082,,114.482857,,,,,114.91,,
LU0056508442,2026-01-19,114.91,-0.00026101,0.00121983,,114.775714,,,,,112.74,,
LU0056508442,2026-01-20,112.74,-0.01888434,-0.02575181,,114.61,,,,,112.75,,
LU0056508442,2026-01-21,112.75,0.0000887,-0.00791905,,114.321429,,,,,113.59,,
LU0056508442,2026-01-22,113.59,0.00745011,-0.01687727,,114.017143,,,,,113.23,,
LU0056508442,2026-01-23,113.23,-0.00316929,-0.01487733,,113.957143,,,,,114.44,,
LU0056508442,2026-01-26,114.44,0.01068621,-0.00409016,,113.8,,,,,116.16,,
LU0056508442,2026-01-27,116.16,0.01502971,0.03033528,,113.974286,,,,,117.88,,
LU0056508442,2026-01-28,117.88,0.01480716,0.04549889,,114.398571,,,,,116.2,,
LU0056508442,2026-01-29,116.2,-0.01425178,0.02297737,,114.892857,,,,,115.84,,
LU0056508442,2026-01-30,115.84,-0.00309811,0.02305043,,115.334286,,,,,113.75,,
LU0056508442,2026-02-02,113.75,-0.01804213,-0.00602936,-0.00087835,115.357143,,,,,113.11,,
LU0056508442,2026-02-03,113.11,-0.00562637,-0.02625689,-0.00571378,115.34,,,,,110.74,,
LU0056508442,2026-02-04,110.74,-0.02095305,-0.06057007,-0.02944785,114.811429,,,,,107.56,,
LU0056508442,2026-02-05,107.56,-0.02871591,-0.07435456,-0.05863819,113.582857,,,,,109.59,,
LU0056508442,2026-02-06,109.59,0.01887319,-0.05395373,-0.02897395,112.398571,,,,,112.71,,
LU0056508442,2026-02-09,112.71,0.02846975,-0.00914286,-0.01044776,111.9,,,,,114.56,,
LU0056508442,2026-02-10,114.56,0.01641381,0.01281938,-0.00182975,111.717143,,,,,114.62,,
LU0056508442,2026-02-11,114.62,0.00052374,0.03503702,-0.0095057,111.841429,,,,,113.7,,
LU0056508442,2026-02-12,113.7,-0.00802652,0.05708442,0.00043995,111.925714,113.847667,,,,111.41,,
LU0056508442,2026-02-13,111.41,-0.02014072,0.01660735,-0.0357452,112.021429,113.766333,,0.0137922,,111.83,,
LU0056508442,2026-02-16,111.83,0.00376986,-0.00780765,-0.0270576,112.631429,113.702,,0.01381467,,109.63,,
LU0056508442,2026-02-17,109.63,-0.01967272,-0.04303422,-0.045949,112.637143,113.553,,0.0142183,,112.73,,
LU0056508442,2026-02-18,112.73,0.02827693,-0.01648927,-0.0000887,112.64,113.502,,0.01517065,,112.3,,
LU0056508442,2026-02-19,112.3,-0.00381442,-0.0123131,-0.00399113,112.317143,113.483333,,0.01502459,,113.01,,
LU0056508442,2026-02-20,113.01,0.00632235,0.01436137,-0.00510608,112.087143,113.453667,,0.014974,,112.73,,
LU0056508442,2026-02-23,112.73,-0.00247766,0.00804793,-0.00441579,111.948571,113.385667,,0.01490859,,112.66,,
LU0056508442,2026-02-24,112.66,-0.00062095,0.02763842,-0.015554,112.127143,113.283667,,0.01481953,,116.17,,
LU0056508442,2026-02-25,116.17,0.03115569,0.03051539,0.00008609,112.747143,113.367667,,0.0155305,,114.85,,
LU0056508442,2026-02-26,114.85,-0.01136266,0.02270703,-0.02570411,113.492857,113.344667,,0.01539481,,112.46,,
LU0056508442,2026-02-27,112.46,-0.02080975,-0.00486683,-0.03218589,113.454286,113.262,,0.01581709,,112.11,,
LU0056508442,2026-03-02,112.11,-0.00311222,-0.00549987,-0.03219959,113.427143,113.168667,,0.01582332,,107.33,,
LU0056508442,2026-03-03,107.33,-0.0426367,-0.04731049,-0.05643956,112.615714,112.988333,,0.017244,,109.21,,
LU0056508442,2026-03-04,109.21,0.01751607,-0.0599122,-0.03447971,112.112857,112.870333,,0.01757768,,111.26,,
LU0056508442,2026-03-05,111.26,0.01877117,-0.03125816,0.00469568,111.912857,112.792667,,0.01787212,,108.3,,
LU0056508442,2026-03-06,108.3,-0.02660435,-0.03699093,0.00687988,110.788571,112.628333,,0.01847246,,106.96,,
LU0056508442,2026-03-09,106.96,-0.01237304,-0.04593703,-0.02399854,109.661429,112.379,,0.01843695,,111.68,,
LU0056508442,2026-03-10,111.68,0.04412865,0.04052921,-0.0091385,109.55,112.229667,,0.02000994,,111.8,,
LU0056508442,2026-03-11,111.8,0.0010745,0.02371578,-0.02409218,109.505714,112.027,,0.0197965,,108.76,,
LU0056508442,2026-03-12,108.76,-0.02719141,-0.02246989,-0.05112546,109.71,111.779,,0.0202049,,107.98,,
LU0056508442,2026-03-13,107.98,-0.00717175,-0.00295476,-0.05030783,109.534286,111.517,,0.02022551,,109.64,,
LU0056508442,2026-03-16,109.64,0.01537322,0.0250561,-0.01588726,109.302857,111.38,,0.02023893,,110.08,,
LU0056508442,2026-03-17,110.08,0.00401313,-0.01432665,-0.01564875,109.557143,111.279,,0.02023979,,110.72,,
LU0056508442,2026-03-18,110.72,0.00581395,-0.00966011,0.00994253,110.094286,111.278333,,0.01991469,,108.99,,
LU0056508442,2026-03-19,108.99,-0.015625,0.00211475,-0.03317662,109.71,111.326,,0.0194136,,107.68,,
LU0056508442,2026-03-20,107.68,-0.01201945,-0.00277829,-0.0411398,109.121429,111.262333,,0.01923705,,109.81,,
LU0056508442,2026-03-23,109.81,0.01978083,0.00155053,-0.02831608,109.271429,111.165667,,0.01886195,,108.06,,
LU0056508442,2026-03-24,108.06,-0.01593662,-0.01835029,-0.04142642,109.282857,110.949,,0.0187778,,109.96,,
LU0056508442,2026-03-25,109.96,0.01758282,-0.00686416,-0.02396592,109.328571,110.793667,,0.01909425,,106.06,,
LU0056508442,2026-03-26,106.06,-0.03546744,-0.0268832,-0.08702763,108.754286,110.539,,0.02003351,,103.07,,
LU0056508442,2026-03-27,103.07,-0.02819159,-0.04281204,-0.10256857,107.661429,110.261,,0.02032497,,101.26,,
LU0056508442,2026-03-30,101.26,-0.01756088,-0.07786176,-0.09959097,106.557143,109.908667,,0.02046986,,102.07,,
LU0056508442,2026-03-31,102.07,0.00799921,-0.05543217,-0.0895549,105.755714,109.656667,,0.020325,,107.07,,
LU0056508442,2026-04-01,107.07,0.04898599,-0.02628228,-0.00242244,105.364286,109.468,,0.02165555,,105.01,,
LU0056508442,2026-04-02,105.01,-0.01923975,-0.00990006,-0.03845802,104.928571,109.225,,0.02188672,,107.31,,
LU0056508442,2026-04-07,107.31,0.02190268,0.04113709,-0.03550243,104.55,109.035,,0.02225962,,115.33,,
LU0056508442,2026-04-08,115.33,0.07473674,0.13894924,0.06491228,105.874286,109.121667,,0.02612373,,115.38,,
LU0056508442,2026-04-09,115.38,0.00043354,0.13040071,0.07872102,107.632857,109.212333,,0.02612211,,117.16,,
LU0056508442,2026-04-10,117.16,0.01542728,0.09423741,0.04906877,109.904286,109.245333,,0.02566816,,117.28,,
LU0056508442,2026-04-13,117.28,0.00102424,0.11684601,0.0490161,112.077143,109.326333,,0.02557172,,120.28,,
LU0056508442,2026-04-14,120.28,0.02557981,0.12086478,0.10592129,113.964286,109.587,,0.02560744,,122.4,,
LU0056508442,2026-04-15,122.4,0.01762554,0.06130235,0.13354325,116.448571,109.93,,0.02572444,,123.13,,
LU0056508442,2026-04-16,123.13,0.00596405,0.06716935,0.12303904,118.708571,110.456667,,0.0242725,,125.6,,
LU0056508442,2026-04-17,125.6,0.0200601,0.07203824,0.14098837,120.175714,111.003,,0.0243209,,125.6,,
LU0056508442,2026-04-20,125.6,0.0,0.07094134,0.13439306,121.635714,111.481,,0.02419877,,126.89,,
LU0056508442,2026-04-21,126.89,0.0102707,0.0549551,0.16423525,123.025714,112.100667,,0.02352296,,126.91,,
LU0056508442,2026-04-22,126.91,0.00015762,0.03684641,0.1785847,124.401429,112.765667,,0.023311,,128.48,,
LU0056508442,2026-04-23,128.48,0.01237097,0.04345001,0.17002095,125.572857,113.325667,,0.02225179,,129.67,,
LU0056508442,2026-04-24,129.67,0.00926214,0.03240446,0.19998149,126.611429,113.921333,,0.02225309,,131.53,,
LU0056508442,2026-04-27,131.53,0.0143441,0.04721338,0.19616224,127.811429,114.680333,,0.02147325,,129.15,,
LU0056508442,2026-04-28,129.15,-0.01809473,0.0178107,0.21770696,128.318571,115.386,,0.02179361,,128.96,,
LU0056508442,2026-04-29,128.96,-0.00147116,0.01615318,0.25118851,128.798571,116.03,,0.0217675,,129.48,,
LU0056508442,2026-04-30,129.48,0.00403226,0.00778331,0.27868852,129.168571,116.676667,,0.02176745,,134.15,,
LU0056508442,2026-05-04,134.15,0.03606735,0.03454924,0.31429411,130.202857,117.457667,,0.02244166,,135.03,,
LU0056508442,2026-05-05,135.03,0.00655982,0.0266099,0.26113757,131.138571,118.325667,,0.02205714,,140.12,,
LU0056508442,2026-05-06,140.12,0.03769533,0.08493999,0.33434911,132.631429,119.407,,0.02240031,,141.46,,
LU0056508442,2026-05-07,141.46,0.00956323,0.09692928,0.31823688,134.05,120.462,,0.02231227,,143.05,,
LU0056508442,2026-05-08,143.05,0.01123993,0.10480383,0.24035377,136.035714,121.628333,,0.02183938,,145.69,,
LU0056508442,2026-05-11,145.69,0.01845509,0.08602311,0.26269717,138.425714,122.819333,,0.02185053,,144.18,,
LU0056508442,2026-05-12,144.18,-0.01036447,0.06776272,0.23062479,140.525714,124.09,,0.02054829,,145.02,,
LU0056508442,2026-05-13,145.02,0.00582605,0.03497003,0.23652797,142.078571,125.488333,,0.01928175,,144.28,,
LU0056508442,2026-05-15,144.28,-0.00510274,0.01993496,0.19953442,143.4,126.922333,,0.01877615,,144.71,,
LU0056508442,2026-05-18,144.71,0.00298032,0.01160433,0.18227124,144.055714,128.343667,,0.01883371,,141.13,,
LU0056508442,2026-05-19,141.13,-0.02473913,-0.03129933,0.14618696,144.008571,129.479,,0.01864015,,142.87,,
LU0056508442,2026-05-20,142.87,0.01232906,-0.00908586,0.1375,143.982857,130.741,,0.01786765,,146.83,,
LU0056508442,2026-05-21,146.83,0.02771751,0.01248104,0.16902866,144.145714,132.058333,,0.01802149,,148.46,,
LU0056508442,2026-05-22,148.46,0.01110127,0.02897144,0.16998975,144.757143,133.162667,,0.01354406,,151.87,,
LU0056508442,2026-05-26,151.87,0.02296915,0.04947827,0.19667481,145.735714,134.379,,0.01369748,,152.87,,
LU0056508442,2026-05-27,152.87,0.00658458,0.08318572,0.18983499,146.962857,135.569333,,0.01365743,,152.09,,
LU0056508442,2026-05-28,152.09,-0.00510237,0.06453419,0.17290044,148.017143,136.729667,,0.01382001,,156.05,,
LU0056508442,2026-05-29,156.05,0.02603721,0.06279371,0.18642135,150.148571,137.922,,0.01383876,,155.77,,
LU0056508442,2026-06-01,155.77,-0.0017943,0.04923885,0.20611692,151.991429,139.034333,,0.01386549,,160.02,,
LU0056508442,2026-06-02,160.02,0.02728382,0.05366432,0.24084988,153.875714,140.264,,0.01427484,,159.46,,
LU0056508442,2026-06-03,159.46,-0.00349956,0.04310852,0.23154155,155.447143,141.392667,,0.01428593,,154.29,,
LU0056508442,2026-06-04,154.29,-0.03242192,0.01446512,0.15013045,155.792857,142.349,,0.01598261,,149.82,,
LU0056508442,2026-06-05,149.82,-0.02897142,-0.0399231,0.10953122,155.357143,143.113333,,0.01722005,,146.94,,
LU0056508442,2026-06-08,146.94,-0.01922307,-0.05668614,0.04867257,154.621429,143.781,,0.01777062,,151.82,,
LU0056508442,2026-06-09,151.82,0.03321083,-0.05124359,0.06130724,154.017143,144.559,,0.30277491,,146.0,,
LU0056508442,2026-06-10,146.0,-0.03833487,-0.08440988,0.00212781,152.621429,145.103333,,0.32790591,,146.21,,
LU0056508442,2026-06-11,146.21,0.00143836,-0.05236892,0.01407962,150.648571,145.592667,,0.32114735,,149.83,,
LU0056508442,2026-06-12,149.83,0.02475891,0.00006675,0.03316784,149.272857,146.282,,0.32604,,156.74,138.41,
LU0056508442,2026-06-15,156.74,0.04611893,0.06669389,0.08635986,149.622857,147.208,,0.34736977,,159.03,129.65,
LU0056508442,2026-06-16,159.03,0.01461018,0.04749045,0.10223177,150.938571,148.193,,0.33671711,,156.62,129.42,
LU0056508442,2026-06-17,156.62,-0.01515437,0.07273973,0.08230254,152.321429,148.942,,0.34248542,,159.55,134.06,
LU0056508442,2026-06-18,159.55,0.0187077,0.09123863,0.13051796,153.425714,149.759333,,0.33071887,,161.32,138.31,
LU0056508442,2026-06-19,161.32,0.0110937,0.07668691,0.12913838,155.614286,150.466,,0.33095222,,163.23,137.48,
LU0056508442,2026-06-22,163.23,0.01183982,0.04140615,0.09948808,158.045714,151.191667,,0.3310628,,152.95,144.11,
LU0056508442,2026-06-24,152.95,-0.06297862,-0.02343251,0.03024384,158.491429,151.521667,,0.38362627,,152.19,147.0,
LU0056508442,2026-06-25,152.19,-0.00496894,-0.04612974,0.00210707,157.841429,151.738333,,0.3823936,,151.44,143.25,
LU0056508442,2026-06-26,151.44,-0.00492805,-0.06124473,-0.00935435,156.757143,151.980333,,0.38277672,,151.74,144.63,
LU0056508442,2026-06-29,151.74,0.00198098,-0.07039147,-0.02761935,156.06,152.204333,,0.38219984,,159.01,145.32,
LU0056508442,2026-06-30,159.01,0.0479109,-0.02585309,0.01896828,155.982857,152.695333,,0.40545511,,156.6,145.13,
LU0056508442,2026-07-01,156.6,-0.01515628,0.02386401,0.00532837,155.308571,153.091667,,0.4003854,,153.6,148.08,
LU0056508442,2026-07-02,153.6,-0.01915709,0.00926473,-0.04011999,153.932857,153.507333,,0.40515081,,150.7,150.15,
LU0056508442,2026-07-03,150.7,-0.01888021,-0.00488642,-0.05493541,153.611429,153.768333,,0.40265287,,153.47,149.86,
LU0056508442,2026-07-06,153.47,0.01838089,0.01140108,0.02436257,153.794286,153.989667,,0.40482833,,146.36,150.66,
LU0056508442,2026-07-07,146.36,-0.04632827,-0.07955474,-0.02309438,153.068571,153.919667,,0.42283091,,146.38,,
LU0056508442,2026-07-08,146.38,0.00013665,-0.06526181,-0.00381108,152.302857,153.736667,,0.42222649,,151.27,,
LU0109392836,2025-07-08,55.99,,,,,,,,,56.38,,
LU0109392836,2025-07-09,56.38,0.00696553,,,,,,,,55.91,,
LU0109392836,2025-07-10,55.91,-0.00833629,,,,,,,,55.55,,
LU0109392836,2025-07-11,55.55,-0.00643892,,,,,,,,55.63,,
LU0109392836,2025-07-14,55.63,0.00144014,,,,,,,,56.12,,
LU0109392836,2025-07-15,56.12,0.0088082,0.00232184,,,,,,,56.17,,
LU0109392836,2025-07-16,56.17,0.00089095,-0.00372473,,55.964286,,,,,56.79,,
LU0109392836,2025-07-17,56.79,0.01103792,0.01573958,,56.078571,,,,,56.74,,
LU0109392836,2025-07-18,56.74,-0.00088044,0.02142214,,56.13,,,,,56.89,,
LU0109392836,2025-07-21,56.89,0.00264364,0.02264965,,56.27,,,,,56.28,,
LU0109392836,2025-07-22,56.28,-0.01072245,0.00285103,,56.374286,,,,,56.73,,
LU0109392836,2025-07-23,56.73,0.00799574,0.00996973,,56.531429,,,,,57.19,,
LU0109392836,2025-07-24,57.19,0.00810858,0.00704349,,56.684286,,,,,57.41,,
LU0109392836,2025-07-25,57.41,0.00384683,0.01180825,,56.861429,,,,,57.82,,
LU0109392836,2025-07-28,57.82,0.00714161,0.01634734,,57.008571,,,,,57.74,,
LU0109392836,2025-07-29,57.74,-0.0013836,0.02594172,,57.151429,,,,,58.05,,
LU0109392836,2025-07-30,58.05,0.0053689,0.02326811,,57.317143,,,,,57.5,,
LU0109392836,2025-07-31,57.5,-0.00947459,0.00542053,,57.491429,,,,,56.08,,
LU0109392836,2025-08-01,56.08,-0.02469565,-0.0231667,,57.398571,,,,,57.32,,
LU0109392836,2025-08-04,57.32,0.02211127,-0.00864753,,57.417143,,,,,56.72,,
LU0109392836,2025-08-05,56.72,-0.01046755,-0.0176654,,57.318571,,,,,57.68,,
LU0109392836,2025-08-06,57.68,0.01692525,-0.00637382,0.03018396,57.298571,,,,,57.59,,
LU0109392836,2025-08-07,57.59,-0.00156033,0.00156522,0.02146151,57.277143,,,,,57.45,,
LU0109392836,2025-08-08,57.45,-0.00243098,0.02442939,0.02754427,57.191429,,,,,57.1,,
LU0109392836,2025-08-11,57.1,-0.00609225,-0.0038381,0.02790279,57.134286,,,,,57.94,,
LU0109392836,2025-08-12,57.94,0.01471103,0.02150917,0.04152436,57.4,,,,,57.79,,
LU0109392836,2025-08-13,57.79,-0.00258889,0.00190707,0.02975766,57.467143,,,,,57.57,,
LU0109392836,2025-08-14,57.57,-0.00380689,-0.00034728,0.02492434,57.588571,,,,,57.36,,
LU0109392836,2025-08-15,57.36,-0.00364773,-0.00156658,0.01003698,57.542857,,,,,57.63,,
LU0109392836,2025-08-18,57.63,0.00470711,0.00928196,0.01568558,57.548571,56.970667,,,,56.5,,
LU0109392836,2025-08-19,56.5,-0.01960784,-0.0248533,-0.00685533,57.412857,56.987667,,0.00999096,,56.17,,
LU0109392836,2025-08-20,56.17,-0.00584071,-0.02803253,-0.00195451,57.28,56.980667,,0.00997284,,55.97,,
LU0109392836,2025-08-21,55.97,-0.00356062,-0.02779225,-0.01339679,56.998571,56.982667,,0.00987736,,56.84,,
LU0109392836,2025-08-22,56.84,0.01554404,-0.00906555,-0.00611995,56.862857,57.025667,,0.01017709,,56.77,,
LU0109392836,2025-08-25,56.77,-0.00123153,-0.01492278,-0.01114788,56.748571,57.063667,,0.01018294,,57.24,,
LU0109392836,2025-08-26,57.24,0.00827902,0.01309735,-0.01003113,56.731429,57.101,,0.01016938,,57.71,,
LU0109392836,2025-08-27,57.71,0.00821104,0.02741677,-0.00051957,56.742857,57.152333,,0.01025821,,58.68,,
LU0109392836,2025-08-28,58.68,0.01680818,0.0484188,0.01085271,57.054286,57.215333,,0.01049679,,57.69,,
LU0109392836,2025-08-29,57.69,-0.01687117,0.01495426,0.00330435,57.271429,57.247,,0.01098104,,57.19,,
LU0109392836,2025-09-02,57.19,-0.00866701,0.00739827,0.01979315,57.445714,57.257,,0.01109842,,57.49,,
LU0109392836,2025-09-03,57.49,0.00524567,0.00436758,0.00296581,57.538571,57.297333,,0.01094186,,57.91,,
LU0109392836,2025-09-04,57.91,0.00730562,0.0034656,0.02098025,57.701429,57.336667,,0.01092736,,58.6,,
LU0109392836,2025-09-05,58.6,0.01191504,-0.00136333,0.01595007,57.895714,57.383667,,0.01103369,,59.16,,
LU0109392836,2025-09-08,59.16,0.00955631,0.02548102,0.02726168,58.102857,57.442,,0.01113214,,59.31,,
LU0109392836,2025-09-09,59.31,0.0025355,0.03706942,0.03237598,58.192857,57.491667,,0.01107889,,59.86,,
LU0109392836,2025-09-10,59.86,0.00927331,0.04122456,0.04833625,58.502857,57.562333,,0.01117013,,60.07,,
LU0109392836,2025-09-11,60.07,0.00350819,0.03729926,0.03676217,58.914286,57.629667,,0.01115232,,59.8,,
LU0109392836,2025-09-12,59.8,-0.00449476,0.02047782,0.0347811,59.244286,57.706333,,0.01102853,,60.6,,
LU0109392836,2025-09-15,60.6,0.01337793,0.02434077,0.05263158,59.628571,57.857,,0.01010837,,60.42,,
LU0109392836,2025-09-16,60.42,-0.0029703,0.01871523,0.05334728,59.888571,57.960333,,0.00948097,,60.13,,
LU0109392836,2025-09-17,60.13,-0.00479974,0.00451052,0.04338018,60.027143,58.074,,0.00928912,,61.21,,
LU0109392836,2025-09-18,61.21,0.01796108,0.01897786,0.08336283,60.298571,58.191667,,0.00934631,,61.66,,
LU0109392836,2025-09-19,61.66,0.00735174,0.03110368,0.09773901,60.555714,58.327333,,0.00936922,,62.16,,
LU0109392836,2025-09-22,62.16,0.00810898,0.02574257,0.11059496,60.854286,58.484333,,0.00938198,,61.47,,
LU0109392836,2025-09-23,61.47,-0.01110039,0.01737835,0.08145672,61.092857,58.63,,0.00957897,,61.02,,
LU0109392836,2025-09-24,61.02,-0.00732064,0.01480126,0.07486348,61.152857,58.732667,,0.00945898,,60.65,,
LU0109392836,2025-09-25,60.65,-0.00606359,-0.00914883,0.05957372,61.185714,58.828,,0.00953266,,60.69,,
LU0109392836,2025-09-26,60.69,0.00065952,-0.01573143,0.0516375,61.265714,58.932,,0.0094809,,60.95,,
LU0109392836,2025-09-29,60.95,0.00428407,-0.01946589,0.03868439,61.228571,59.051667,,0.00943563,,61.09,,
LU0109392836,2025-09-30,61.09,0.00229696,-0.00618188,0.05893569,61.147143,59.167,,0.00942308,,61.52,,
LU0109392836,2025-10-01,61.52,0.0070388,0.00819403,0.07571254,61.055714,59.334333,,0.00856193,,61.89,,
LU0109392836,2025-10-02,61.89,0.0060143,0.02044518,0.07653505,61.115714,59.525,,0.00842286,,61.7,,
LU0109392836,2025-10-03,61.7,-0.00306996,0.01664195,0.06544638,61.212857,59.716,,0.00841004,,62.38,,
LU0109392836,2025-10-06,62.38,0.01102107,0.02346185,0.06450512,61.46,59.900667,,0.00822757,,61.62,,
LU0109392836,2025-10-07,61.62,-0.01218339,0.00867572,0.04158215,61.592857,60.062333,,0.00864572,,62.81,,
LU0109392836,2025-10-08,62.81,0.01931191,0.02096879,0.05901197,61.858571,60.248,,0.00909506,,62.88,,
LU0109392836,2025-10-09,62.88,0.00111447,0.01599612,0.05045105,62.114286,60.420333,,0.00905231,,60.31,,
LU0109392836,2025-10-10,60.31,-0.0408715,-0.02252836,0.00399534,61.941429,60.474667,,0.01164833,,62.19,,
LU0109392836,2025-10-13,62.19,0.03117228,-0.00304585,0.03996656,61.984286,60.624667,,0.01236428,,61.22,,
LU0109392836,2025-10-14,61.22,-0.01559736,-0.0064914,0.01023102,61.915714,60.759,,0.01263412,,61.71,,
LU0109392836,2025-10-15,61.71,0.00800392,-0.01751313,0.02135055,61.82,60.899667,,0.01266484,,61.74,,
LU0109392836,2025-10-16,61.74,0.00048614,-0.01812977,0.02677532,61.837143,61.027333,,0.01263672,,61.59,,
LU0109392836,2025-10-17,61.59,-0.00242954,0.02122368,0.00620814,61.662857,61.127,,0.01253168,,62.33,,
LU0109392836,2025-10-20,62.33,0.01201494,0.00225117,0.01086604,61.584286,61.232667,,0.01259044,,62.24,,
LU0109392836,2025-10-21,62.24,-0.00144393,0.01666122,0.001287,61.86,61.330333,,0.01260317,,61.45,,
LU0109392836,2025-10-22,61.45,-0.0126928,-0.00421326,-0.00032536,61.754286,61.383333,,0.01277811,,62.35,,
LU0109392836,2025-10-23,62.35,0.01464605,0.00988014,0.02179613,61.915714,61.459333,,0.01300662,,63.09,,
LU0109392836,2025-10-24,63.09,0.01186848,0.0243546,0.04023083,62.112857,61.569,,0.01309383,,64.17,,
LU0109392836,2025-10-27,64.17,0.0171184,0.0295203,0.05734058,62.46,61.688,,0.01321999,,64.63,,
LU0109392836,2025-10-28,64.63,0.00716846,0.03839974,0.06037736,62.894286,61.828333,,0.01321827,,65.06,,
LU0109392836,2025-10-29,65.06,0.00665326,0.05874695,0.06498609,63.284286,61.992667,,0.01317198,,63.94,,
LU0109392836,2025-10-30,63.94,-0.01721488,0.0255012,0.0393368,63.527143,62.083667,,0.01332756,,64.05,,
LU0109392836,2025-10-31,64.05,0.00172036,0.01521636,0.03490063,63.898571,62.163333,,0.01328403,,64.09,,
LU0109392836,2025-11-03,64.09,0.00062451,-0.00124669,0.03873582,64.147143,62.227667,,0.01322504,,62.34,,
LU0109392836,2025-11-04,62.34,-0.02730535,-0.03543246,-0.00064123,64.04,62.256667,,0.0140197,,62.39,,
LU0109392836,2025-11-05,62.39,0.00080205,-0.04103904,0.01249594,63.785714,62.302333,,0.01394297,,61.43,,
LU0109392836,2025-11-06,61.43,-0.01538708,-0.03925555,-0.02197102,63.328571,62.328333,,0.01419498,,61.2,,
LU0109392836,2025-11-07,61.2,-0.0037441,-0.04449649,-0.02671756,62.777143,62.345333,,0.0142156,,62.62,,
LU0109392836,2025-11-10,62.62,0.02320261,-0.0229365,0.03830211,62.588571,62.401,,0.01478307,,62.03,,
LU0109392836,2025-11-11,62.03,-0.00942191,-0.00497273,-0.00257276,62.3,62.432333,,0.01489832,,62.02,,
LU0109392836,2025-11-12,62.02,-0.00016121,-0.00593044,0.01306762,62.004286,62.449,,0.01485091,,60.35,,
LU0109392836,2025-11-13,60.35,-0.0269268,-0.01758099,-0.02203857,61.72,62.397667,,0.01559303,,60.58,,
LU0109392836,2025-11-14,60.58,0.0038111,-0.01013072,-0.01878847,61.461429,62.360333,,0.01560734,,59.82,,
LU0109392836,2025-11-17,59.82,-0.01254539,-0.04471415,-0.02873843,61.231429,62.275,,0.01560137,,58.96,,
LU0109392836,2025-11-18,58.96,-0.01437646,-0.04949218,-0.05406706,60.911429,62.186333,,0.01565736,,59.46,,
LU0109392836,2025-11-19,59.46,0.00848033,-0.04127701,-0.04466581,60.46,62.074667,,0.01529757,,57.63,,
LU0109392836,2025-11-20,57.63,-0.03077699,-0.04507042,-0.06216436,59.831429,61.899667,,0.01614891,,57.57,,
LU0109392836,2025-11-21,57.57,-0.00104112,-0.04968637,-0.07666399,59.195714,61.808333,,0.01451673,,59.3,,
LU0109392836,2025-11-24,59.3,0.03005037,-0.00869274,-0.06007291,59.045714,61.712,,0.01443387,,59.65,,
LU0109392836,2025-11-25,59.65,0.00590219,0.01170285,-0.0704379,58.912857,61.659667,,0.0142477,,60.36,,
LU0109392836,2025-11-26,60.36,0.01190277,0.01513623,-0.06606839,58.99,61.614667,,0.01434454,,60.94,,
LU0109392836,2025-11-28,60.94,0.00960901,0.05743536,-0.06332616,59.272857,61.588,,0.01446128,,60.63,,
LU0109392836,2025-12-01,60.63,-0.00508697,0.05315268,-0.05176728,59.44,61.556,,0.01448199,,61.31,,
LU0109392836,2025-12-02,61.31,0.01121557,0.03389545,-0.04277908,59.965714,61.522,,0.01445981,,61.35,,
LU0109392836,2025-12-03,61.35,0.00065242,0.02849958,-0.04275238,60.505714,61.492333,,0.01445988,,61.4,,
LU0109392836,2025-12-04,61.4,0.000815,0.01722995,-0.0150786,60.805714,61.490667,,0.01427848,,61.75,,
LU0109392836,2025-12-05,61.75,0.00570033,0.01329176,-0.01025805,61.105714,61.470667,,0.01406286,,62.23,,
LU0109392836,2025-12-08,62.23,0.00777328,0.02638958,0.01302295,61.372857,61.442,,0.01396435,,62.5,,
LU0109392836,2025-12-09,62.5,0.00433874,0.01940956,0.02124183,61.595714,61.386333,,0.01361524,,62.74,,
LU0109392836,2025-12-10,62.74,0.00384,0.02265689,0.00191632,61.897143,61.323333,,0.01356344,,62.41,,
LU0109392836,2025-12-11,62.41,-0.0052598,0.01644951,0.00612607,62.054286,61.235,,0.01351088,,60.56,,
LU0109392836,2025-12-12,60.56,-0.02964269,-0.01927126,-0.02354079,61.941429,61.122333,,0.01416728,,59.68,,
LU0109392836,2025-12-15,59.68,-0.01453104,-0.04097702,-0.01110191,61.695714,60.976667,,0.01433554,,59.79,,
LU0109392836,2025-12-16,59.79,0.00184316,-0.04336,-0.01304061,61.415714,60.833333,,0.01434535,,58.45,,
LU0109392836,2025-12-17,58.45,-0.02241177,-0.06837743,-0.02290204,60.875714,60.703667,,0.0140845,,59.37,,
LU0109392836,2025-12-18,59.37,0.01573995,-0.04871014,0.00695387,60.428571,60.603,,0.01443604,,60.39,,
LU0109392836,2025-12-19,60.39,0.01718039,-0.00280713,0.01564077,60.092857,60.568333,,0.01457835,,60.87,,
LU0109392836,2025-12-22,60.87,0.00794834,0.01993968,0.05622072,59.872857,60.557333,,0.01464157,,61.23,,
LU0109392836,2025-12-23,61.23,0.00591424,0.0240843,0.06357478,59.968571,60.511,,0.01404209,,61.31,,
LU0109392836,2025-12-24,61.31,0.00130655,0.04893071,0.03389545,60.201429,60.487,,0.01395042,,61.63,,
LU0109392836,2025-12-26,61.63,0.00521938,0.03806636,0.03319363,60.464286,60.474,,0.01398549,,61.37,,
LU0109392836,2025-12-29,61.37,-0.00421872,0.01622785,0.01673294,60.881429,60.508,,0.01310019,,61.25,,
LU0109392836,2025-12-30,61.25,-0.00195535,0.00624281,0.00508697,61.15,60.530333,,0.01309463,,60.78,,
LU0109392836,2025-12-31,60.78,-0.00767347,-0.00734934,0.00247402,61.205714,60.562333,,0.01296196,,61.18,,
LU0109392836,2026-01-02,61.18,,,,,,,,,61.62,,
LU0109392836,2026-01-05,61.62,0.00719189,,,,,,,,62.29,,
LU0109392836,2026-01-06,62.29,0.01087309,,,,,,,,62.19,,
LU0109392836,2026-01-07,62.19,-0.00160539,,,,,,,,61.13,,
LU0109392836,2026-01-08,61.13,-0.01704454,,,,,,,,61.79,,
LU0109392836,2026-01-09,61.79,0.01079666,0.00997058,,,,,,,62.21,,
LU0109392836,2026-01-12,62.21,0.00679722,0.00957481,,61.772857,,,,,62.04,,
LU0109392836,2026-01-13,62.04,-0.00273268,-0.00401349,,61.895714,,,,,60.97,,
LU0109392836,2026-01-14,60.97,-0.01724694,-0.0196173,,61.802857,,,,,61.57,,
LU0109392836,2026-01-15,61.57,0.00984091,0.00719778,,61.7,,,,,61.77,,
LU0109392836,2026-01-16,61.77,0.00324834,-0.00032368,,61.64,,,,,60.08,,
LU0109392836,2026-01-20,60.08,-0.02735956,-0.03423887,,61.49,,,,,60.68,,
LU0109392836,2026-01-21,60.68,0.00998668,-0.02192134,,61.331429,,,,,61.34,,
LU0109392836,2026-01-22,61.34,0.01087673,0.00606856,,61.207143,,,,,61.56,,
LU0109392836,2026-01-23,61.56,0.00358657,-0.00016242,,61.138571,,,,,62.05,,
LU0109392836,2026-01-26,62.05,0.00795971,0.00453294,,61.292857,,,,,62.96,,
LU0109392836,2026-01-27,62.96,0.01466559,0.04793609,,61.491429,,,,,63.09,,
LU0109392836,2026-01-28,63.09,0.0020648,0.03971655,,61.68,,,,,62.16,,
LU0109392836,2026-01-29,62.16,-0.01474085,0.01336811,,61.977143,,,,,60.81,,
LU0109392836,2026-01-30,60.81,-0.02171815,-0.01218324,,61.995714,,,,,60.95,,
LU0109392836,2026-02-02,60.95,0.00230225,-0.01772764,,61.94,,,,,59.33,,
LU0109392836,2026-02-03,59.33,-0.02657916,-0.05765565,-0.03023864,61.621429,,,,,57.6,,
LU0109392836,2026-02-04,57.6,-0.02915894,-0.08701854,-0.06523856,60.985714,,,,,56.84,,
LU0109392836,2026-02-05,56.84,-0.01319444,-0.08558559,-0.08749398,60.111429,,,,,59.01,,
LU0109392836,2026-02-06,59.01,0.03817734,-0.02960039,-0.05113362,59.528571,,,,,60.14,,
LU0109392836,2026-02-09,60.14,0.0191493,-0.01328958,-0.01619499,59.24,,,,,60.06,,
LU0109392836,2026-02-10,60.06,-0.00133023,0.01230406,-0.02799806,59.132857,,,,,60.31,,
LU0109392836,2026-02-11,60.31,0.0041625,0.04704861,-0.03054171,59.041429,,,,,58.84,,
LU0109392836,2026-02-12,58.84,-0.02437407,0.03518649,-0.05157963,58.971429,,,,,59.13,,
LU0109392836,2026-02-13,59.13,0.00492862,0.00203355,-0.03017878,59.19,60.856667,,,,59.04,,
LU0109392836,2026-02-17,59.04,-0.00152207,-0.01829066,-0.04109144,59.504286,60.785333,,0.01544367,,59.68,,
LU0109392836,2026-02-18,59.68,0.01084011,-0.00632701,-0.0338352,59.6,60.720667,,0.01552239,,59.65,,
LU0109392836,2026-02-19,59.65,-0.00050268,-0.01094346,-0.00715712,59.53,60.632667,,0.01536722,,59.96,,
LU0109392836,2026-02-20,59.96,0.00519698,0.01903467,-0.01186552,59.515714,60.558333,,0.01541152,,58.84,,
LU0109392836,2026-02-23,58.84,-0.01867912,-0.00490445,-0.04075644,59.305714,60.482,,0.01547058,,59.61,,
LU0109392836,2026-02-24,59.61,0.01308634,0.00965447,-0.03167641,59.415714,60.409333,,0.01553486,,60.82,,
LU0109392836,2026-02-25,60.82,0.02029861,0.01910188,-0.01982272,59.657143,60.363,,0.01594653,,59.78,,
LU0109392836,2026-02-26,59.78,-0.01709964,0.00217938,-0.05050826,59.762857,60.287667,,0.01621607,,59.18,,
LU0109392836,2026-02-27,59.18,-0.0100368,-0.01300867,-0.06197496,59.691429,60.228,,0.01602737,,59.52,,
LU0109392836,2026-03-02,59.52,0.00574518,0.01155676,-0.04247104,59.672857,60.159667,,0.01595288,,58.23,,
LU0109392836,2026-03-03,58.23,-0.02167339,-0.02315048,-0.04242723,59.425714,60.041667,,0.01635383,,59.16,,
LU0109392836,2026-03-04,59.16,0.01597115,-0.02729365,-0.02936833,59.471429,60.011,,0.01594375,,59.36,,
LU0109392836,2026-03-05,59.36,0.00338066,-0.00702576,0.00050565,59.435714,59.967,,0.01584426,,58.13,,
LU0109392836,2026-03-06,58.13,-0.02072102,-0.01774248,0.00920139,59.051429,59.86,,0.01609412,,59.37,,
LU0109392836,2026-03-09,59.37,0.0213315,-0.00252016,0.04451091,58.992857,59.787,,0.0165944,,59.43,,
LU0109392836,2026-03-10,59.43,0.00101061,0.02060793,0.00711744,59.028571,59.699667,,0.01651507,,59.65,,
LU0109392836,2026-03-11,59.65,0.00370183,0.00828262,-0.00814766,59.047143,59.589333,,0.0162773,,58.27,,
LU0109392836,2026-03-12,58.27,-0.02313495,-0.01836253,-0.02980353,59.052857,59.428667,,0.01670763,,57.84,,
LU0109392836,2026-03-13,57.84,-0.00737944,-0.00498882,-0.04095507,58.864286,59.284667,,0.0165797,,58.72,,
LU0109392836,2026-03-16,58.72,0.01521438,-0.01094829,-0.00203943,58.772857,59.215,,0.01645997,,59.0,,
LU0109392836,2026-03-17,59.0,0.00476839,-0.0072354,-0.00219855,58.897143,59.15,,0.01648255,,58.42,,
LU0109392836,2026-03-18,58.42,-0.00983051,-0.02062028,-0.01050136,58.761429,59.119667,,0.01587745,,58.47,,
LU0109392836,2026-03-19,58.47,0.00085587,0.0034323,-0.0202748,58.624286,59.148667,,0.01495172,,56.98,,
LU0109392836,2026-03-20,56.98,-0.02548315,-0.0148686,-0.04476111,58.242857,59.153333,,0.01548323,,58.07,,
LU0109392836,2026-03-23,58.07,0.01912952,-0.01106948,-0.03152101,58.214286,59.122,,0.01425474,,57.56,,
LU0109392836,2026-03-24,57.56,-0.0087825,-0.02440678,-0.02175391,58.174286,59.036,,0.01385179,,57.89,,
LU0109392836,2026-03-25,57.89,0.00573315,-0.00907224,-0.02885422,58.055714,58.963667,,0.01391027,,55.79,,
LU0109392836,2026-03-26,55.79,-0.0362757,-0.04583547,-0.08270306,57.597143,58.813,,0.015229,,54.58,,
LU0109392836,2026-03-27,54.58,-0.02168847,-0.04212004,-0.08698561,57.048571,58.671,,0.01510742,,53.62,,
LU0109392836,2026-03-30,53.62,-0.01758886,-0.07663165,-0.09395066,56.355714,58.487333,,0.01528364,,56.11,,
LU0109392836,2026-03-31,56.11,0.0464379,-0.0251911,-0.05729167,56.231429,58.389667,,0.01768819,,56.98,,
LU0109392836,2026-04-01,56.98,0.01550526,-0.01571947,-0.0214666,56.075714,58.299667,,0.01781638,,57.04,,
LU0109392836,2026-04-02,57.04,0.001053,0.02240545,-0.03583502,56.001429,58.212667,,0.01782113,,57.32,,
LU0109392836,2026-04-06,57.32,0.00490884,0.05020154,-0.03436658,55.92,58.124667,,0.01781769,,57.76,,
LU0109392836,2026-04-07,57.76,0.0076762,0.07721,-0.00636504,56.201429,58.088667,,0.01758945,,60.02,,
LU0109392836,2026-04-08,60.02,0.03912742,0.06968455,0.01094829,56.978571,58.102333,,0.01883514,,60.05,,
LU0109392836,2026-04-09,60.05,0.00049983,0.05387855,0.01043244,57.897143,58.076667,,0.01846985,,60.41,,
LU0109392836,2026-04-10,60.41,0.005995,0.05908135,0.01274099,58.511429,58.097667,,0.01823147,,61.58,,
LU0109392836,2026-04-13,61.58,0.01936765,0.07431961,0.05680453,59.168571,58.177667,,0.01842721,,62.77,,
LU0109392836,2026-04-14,62.77,0.01932446,0.08673823,0.08523513,59.987143,58.286,,0.01869093,,63.76,,
LU0109392836,2026-04-15,63.76,0.01577187,0.06231256,0.08583106,60.907143,58.470333,,0.01831842,,64.21,,
LU0109392836,2026-04-16,64.21,0.00705772,0.0692756,0.08830508,61.828571,58.638667,,0.01818057,,65.31,,
LU0109392836,2026-04-17,65.31,0.01713129,0.0811124,0.11793906,62.584286,58.837,,0.0183594,,65.41,,
LU0109392836,2026-04-20,65.41,0.00153116,0.06219552,0.11869335,63.35,59.079667,,0.017813,,65.36,,
LU0109392836,2026-04-21,65.36,-0.00076441,0.04126175,0.14706915,64.057143,59.279333,,0.01753996,,67.08,,
LU0109392836,2026-04-22,67.08,0.02631579,0.05207026,0.15515757,64.842857,59.534333,,0.01800878,,66.01,,
LU0109392836,2026-04-23,66.01,-0.0159511,0.02803302,0.14680334,65.305714,59.746333,,0.01836905,,67.71,,
LU0109392836,2026-04-24,67.71,0.02575367,0.03674782,0.16963206,65.87,60.061,,0.01809588,,67.6,,
LU0109392836,2026-04-27,67.6,-0.00162458,0.03348112,0.21168668,66.354286,60.386333,,0.01799193,,66.0,,
LU0109392836,2026-04-28,66.0,-0.02366864,0.00979192,0.20923415,66.452857,60.629,,0.0186256,,66.27,,
LU0109392836,2026-04-29,66.27,0.00409091,-0.01207513,0.23591943,66.575714,60.871333,,0.01862516,,66.88,,
LU0109392836,2026-04-30,66.88,0.00920477,0.01317982,0.19194439,66.792857,61.153333,,0.01846491,,67.56,,
LU0109392836,2026-05-01,67.56,0.01016746,-0.00221533,0.18567919,66.861429,61.456333,,0.01847614,,67.75,,
LU0109392836,2026-05-04,67.75,0.00281231,0.00221893,0.18776297,67.11,61.815333,,0.01759734,,68.63,,
LU0109392836,2026-05-05,68.63,0.01298893,0.03984848,0.19731333,67.241429,62.167333,,0.01747806,,70.48,,
LU0109392836,2026-05-06,70.48,0.02695614,0.06352799,0.22022161,67.652857,62.598,,0.01766479,,70.35,,
LU0109392836,2026-05-07,70.35,-0.00184449,0.05188397,0.1721093,68.274286,63.013333,,0.01773411,,71.87,,
LU0109392836,2026-05-08,71.87,0.02160625,0.06379515,0.19683597,69.074286,63.549333,,0.01602226,,72.43,,
LU0109392836,2026-05-11,72.43,0.00779185,0.06907749,0.19897368,69.867143,64.144333,,0.01500597,,71.32,,
LU0109392836,2026-05-12,71.32,-0.01532514,0.03919569,0.15816824,70.404286,64.734333,,0.01487423,,72.62,,
LU0109392836,2026-05-13,72.62,0.01822771,0.03036322,0.1569221,71.1,65.284667,,0.01333133,,73.62,,
LU0109392836,2026-05-14,73.62,0.01377031,0.04648188,0.15464241,71.812857,65.839333,,0.01330552,,71.7,,
LU0109392836,2026-05-15,71.7,-0.02607987,-0.00236538,0.1166485,71.987143,66.328,,0.01464677,,71.02,,
LU0109392836,2026-05-18,71.02,-0.00948396,-0.01946707,0.08742918,72.082857,66.784667,,0.0149646,,70.43,,
LU0109392836,2026-05-19,70.43,-0.00830752,-0.01247897,0.07674667,71.877143,67.207,,0.01522334,,72.24,,
LU0109392836,2026-05-20,72.24,0.02569928,-0.00523272,0.10526316,71.85,67.614333,,0.01444209,,73.02,,
LU0109392836,2026-05-21,73.02,0.01079734,-0.00814996,0.08855098,72.092857,68.046667,,0.0144225,,73.53,,
LU0109392836,2026-05-22,73.53,0.00698439,0.02552301,0.11392213,72.222857,68.484,,0.01442211,,75.58,,
LU0109392836,2026-05-26,75.58,0.02787978,0.06420727,0.11623099,72.502857,68.950667,,0.01474903,,75.46,,
LU0109392836,2026-05-27,75.46,-0.00158772,0.07141843,0.11627219,73.04,69.373667,,0.01464199,,76.81,,
LU0109392836,2026-05-28,76.81,0.01789027,0.06326135,0.16378788,73.867143,69.808667,,0.0146927,,77.92,,
LU0109392836,2026-05-29,77.92,0.01445124,0.0671049,0.17579599,74.937143,70.265667,,0.0147646,,80.18,,
LU0109392836,2026-06-01,80.18,0.02900411,0.09043928,0.19886364,76.071429,70.761333,,0.01519496,,81.37,,
LU0109392836,2026-06-02,81.37,0.01484161,0.07660757,0.20441089,77.264286,71.293333,,0.0152238,,80.66,,
LU0109392836,2026-06-03,80.66,-0.00872557,0.06891068,0.19055351,78.282857,71.803333,,0.01543211,,79.73,,
LU0109392836,2026-06-04,79.73,-0.01152988,0.03801588,0.16173685,78.875714,72.225,,0.01536089,,73.97,,
LU0109392836,2026-06-05,73.97,-0.07224382,-0.05069302,0.04951759,78.662857,72.490333,,0.02049494,,75.79,,
LU0109392836,2026-06-08,75.79,0.02460457,-0.05475181,0.07732765,78.517143,72.759667,,0.02045531,,74.95,,
LU0109392836,2026-06-09,74.95,-0.01108326,-0.07889886,0.04285516,78.092857,73.004667,,0.32825396,,72.69,,
LU0109392836,2026-06-10,72.69,-0.03015344,-0.09880982,0.00358967,77.022857,73.227667,,0.34388656,,75.93,,
LU0109392836,2026-06-11,75.93,0.04457284,-0.04766086,0.06463825,76.245714,73.549667,,0.36442785,,76.46,70.61,
LU0109392836,2026-06-12,76.46,0.00698011,0.0336623,0.052878,75.645714,73.869,,0.36411407,,79.93,69.12,
LU0109392836,2026-06-15,79.93,0.04538321,0.05462462,0.11478382,75.674286,74.281333,,0.38341576,,77.64,66.94,
LU0109392836,2026-06-16,77.64,-0.02865007,0.03589059,0.08284519,76.198571,74.611,,0.39602688,,77.6,70.58,
LU0109392836,2026-06-17,77.6,-0.0005152,0.06754712,0.09264996,76.457143,74.91,,0.39028681,,80.54,71.52,
LU0109392836,2026-06-18,80.54,0.0378866,0.06071382,0.14354678,77.255714,75.245333,,0.40265813,,80.16,73.06,
LU0109392836,2026-06-22,80.16,-0.00471815,0.00287752,0.09016728,78.322857,75.572333,,0.40035166,,76.1,75.86,
LU0109392836,2026-06-23,76.1,-0.0506487,-0.01983514,0.03495172,78.347143,75.713333,,0.43134223,,76.12,75.05,
LU0109392836,2026-06-24,76.12,0.00026281,-0.01907216,0.03522372,78.298571,75.836333,,0.42812129,,77.02,74.89,
LU0109392836,2026-06-25,77.02,0.01182344,-0.04370499,0.01905266,77.882857,76.026333,,0.42643072,,75.93,76.17,
LU0109392836,2026-06-26,75.93,-0.01415217,-0.05723864,0.00622847,77.638571,76.136667,,0.42766204,,78.18,75.78,
LU0109392836,2026-06-29,78.18,0.02963256,-0.0247006,0.00333676,77.721429,76.288667,,0.42695295,,80.31,75.77,
LU0109392836,2026-06-30,80.31,0.02724482,0.05532194,0.03067248,77.688571,76.575667,,0.43073455,,77.85,76.94,
LU0109392836,2026-07-01,77.85,-0.0306313,0.02272727,-0.02905962,77.358571,76.803333,,0.44164743,,75.37,77.71,
LU0109392836,2026-07-02,75.37,-0.03185613,-0.02142301,-0.07373725,77.254286,76.968,,0.44854177,,77.04,77.17,
LU0109392836,2026-07-06,77.04,0.02215736,-0.01458173,0.04150331,77.385714,77.128,,0.45181856,,74.81,77.51,
LU0109392836,2026-07-07,74.81,-0.028946,-0.06848462,0.01135596,77.07,77.187667,,0.46075274,,75.38,,
LU0109392836,2026-07-08,75.38,0.0076193,-0.03172768,-0.00540968,76.991429,77.249333,,0.45393779,,77.24,,
LU0231206078,2025-07-08,93.22,,,,,,,,,93.25,,
LU0231206078,2025-07-09,93.25,0.00032182,,,,,,,,92.55,,
LU0231206078,2025-07-10,92.55,-0.0075067,,,,,,,,92.43,,
LU0231206078,2025-07-11,92.43,-0.0012966,,,,,,,,92.92,,
LU0231206078,2025-07-14,92.92,0.00530131,,,,,,,,93.43,,
LU0231206078,2025-07-15,93.43,0.00548859,0.00225274,,,,,,,93.59,,
LU0231206078,2025-07-16,93.59,0.00171251,0.00364611,,93.055714,,,,,93.49,,
LU0231206078,2025-07-17,93.49,-0.00106849,0.01015667,,93.094286,,,,,92.74,,
LU0231206078,2025-07-18,92.74,-0.00802225,0.00335389,,93.021429,,,,,93.3,,
LU0231206078,2025-07-21,93.3,0.00603839,0.00408954,,93.128571,,,,,93.05,,
LU0231206078,2025-07-22,93.05,-0.00267953,-0.00406722,,93.217143,,,,,92.85,,
LU0231206078,2025-07-23,92.85,-0.00214938,-0.00790683,,93.207143,,,,,92.64,,
LU0231206078,2025-07-24,92.64,-0.00226171,-0.00909188,,93.094286,,,,,92.43,,
LU0231206078,2025-07-25,92.43,-0.00226684,-0.00334268,,92.928571,,,,,91.84,,
LU0231206078,2025-07-28,91.84,-0.00638321,-0.01564845,,92.692857,,,,,92.37,,
LU0231206078,2025-07-29,92.37,0.00577091,-0.0073079,,92.64,,,,,91.39,,
LU0231206078,2025-07-30,91.39,-0.01060951,-0.01572429,,92.367143,,,,,91.54,,
LU0231206078,2025-07-31,91.54,0.00164132,-0.01187392,,92.151429,,,,,90.9,,
LU0231206078,2025-08-01,90.9,-0.00699148,-0.01655307,,91.872857,,,,,90.82,,
LU0231206078,2025-08-04,90.82,-0.00088009,-0.01110627,,91.612857,,,,,90.27,,
LU0231206078,2025-08-05,90.27,-0.00605593,-0.02273465,,91.304286,,,,,89.56,,
LU0231206078,2025-08-06,89.56,-0.00786529,-0.02002407,-0.03926196,90.978571,,,,,89.05,,
LU0231206078,2025-08-07,89.05,-0.00569451,-0.02720122,-0.04504021,90.504286,,,,,88.24,,
LU0231206078,2025-08-08,88.24,-0.00909601,-0.02926293,-0.04656942,90.054286,,,,,89.27,,
LU0231206078,2025-08-11,89.27,0.01167271,-0.01706673,-0.03418803,89.73,,,,,88.7,,
LU0231206078,2025-08-12,88.7,-0.00638512,-0.01739227,-0.04541541,89.415714,,,,,89.09,,
LU0231206078,2025-08-13,89.09,0.00439684,-0.00524788,-0.04645189,89.168571,,,,,89.12,,
LU0231206078,2025-08-14,89.12,0.00033674,0.00078608,-0.04776151,89.004286,,,,,89.5,,
LU0231206078,2025-08-15,89.5,0.00426391,0.01427924,-0.04267836,88.995714,,,,,90.88,,
LU0231206078,2025-08-18,90.88,0.01541899,0.01803517,-0.02005607,89.257143,91.481,,,,91.67,,
LU0231206078,2025-08-19,91.67,0.00869278,0.03348365,-0.01747053,89.747143,91.429333,,0.00636456,,92.31,,
LU0231206078,2025-08-20,92.31,0.00698156,0.03614323,-0.00795271,90.181429,91.398,,0.00650529,,92.27,,
LU0231206078,2025-08-21,92.27,-0.00043332,0.0353456,-0.00624663,90.691429,91.388667,,0.00636713,,91.17,,
LU0231206078,2025-08-22,91.17,-0.01192153,0.01865922,-0.01586788,90.988571,91.346667,,0.00671112,,91.01,,
LU0231206078,2025-08-25,91.01,-0.00175496,0.00143046,-0.01536298,91.258571,91.283,,0.00662911,,89.81,,
LU0231206078,2025-08-26,89.81,-0.01318536,-0.02029017,-0.02210366,91.302857,91.162333,,0.00689306,,89.8,,
LU0231206078,2025-08-27,89.8,-0.00011135,-0.02719099,-0.02782289,91.148571,91.036,,0.00687431,,89.1,,
LU0231206078,2025-08-28,89.1,-0.0077951,-0.0343557,-0.02505745,90.781429,90.889667,,0.00697039,,88.18,,
LU0231206078,2025-08-29,88.18,-0.01032548,-0.03279588,-0.03670527,90.191429,90.737667,,0.00705314,,89.61,,
LU0231206078,2025-09-02,89.61,0.01621683,-0.01538292,-0.01419142,89.811429,90.614667,,0.00763578,,90.11,,
LU0231206078,2025-09-03,90.11,0.00557973,0.00334039,-0.00781766,89.66,90.516667,,0.00772993,,90.14,,
LU0231206078,2025-09-04,90.14,0.00033293,0.00378619,-0.00144012,89.535714,90.426333,,0.0077309,,89.48,,
LU0231206078,2025-09-05,89.48,-0.00732194,0.00426487,-0.00089326,89.488571,90.321,,0.0078123,,89.69,,
LU0231206078,2025-09-08,89.69,0.00234689,0.01712406,0.00718697,89.472857,90.229667,,0.0078337,,89.76,,
LU0231206078,2025-09-09,89.76,0.00078047,0.00167392,0.01722575,89.567143,90.160333,,0.00777407,,89.99,,
LU0231206078,2025-09-10,89.99,0.00256239,-0.00133171,0.00806542,89.825714,90.081,,0.00770563,,89.66,,
LU0231206078,2025-09-11,89.66,-0.00366707,-0.00532505,0.010823,89.832857,90.023333,,0.00751053,,89.49,,
LU0231206078,2025-09-12,89.49,-0.00189605,0.00011176,0.00448984,89.744286,89.955,,0.00750205,,89.29,,
LU0231206078,2025-09-15,89.29,-0.00223489,-0.00445981,0.00190754,89.622857,89.901333,,0.00741776,,89.7,,
LU0231206078,2025-09-16,89.7,0.00459178,-0.00066845,0.00223464,89.654286,89.864,,0.0074749,,90.68,,
LU0231206078,2025-09-17,90.68,0.01092531,0.00766752,-0.0022007,89.795714,89.877667,,0.00766463,,91.06,,
LU0231206078,2025-09-18,91.06,0.00419056,0.01561454,-0.0066543,89.981429,89.927667,,0.0075474,,91.09,,
LU0231206078,2025-09-19,91.09,0.00032945,0.01787909,-0.01321634,90.138571,89.995667,,0.00745734,,90.43,,
LU0231206078,2025-09-22,90.43,-0.00724558,0.01276739,-0.01994148,90.248571,90.068667,,0.00738265,,89.44,,
LU0231206078,2025-09-23,89.44,-0.01094769,-0.00289855,-0.01897554,90.241429,90.074333,,0.00739339,,89.34,,
LU0231206078,2025-09-24,89.34,-0.00111807,-0.01477724,-0.01834963,90.248571,90.095667,,0.00729946,,89.26,,
LU0231206078,2025-09-25,89.26,-0.00089546,-0.01976719,-0.00612404,90.185714,90.101333,,0.00726136,,88.03,,
LU0231206078,2025-09-26,88.03,-0.01377997,-0.03359315,-0.01971047,89.807143,90.065,,0.00767569,,88.01,,
LU0231206078,2025-09-29,88.01,-0.0002272,-0.02676103,-0.01223345,89.371429,90.015333,,0.00762729,,87.77,,
LU0231206078,2025-09-30,87.77,-0.00272696,-0.01867174,-0.00464958,88.897143,89.911667,,0.00703499,,88.27,,
LU0231206078,2025-10-01,88.27,0.00569671,-0.01197672,-0.01495369,88.588571,89.798333,,0.00691501,,88.71,,
LU0231206078,2025-10-02,88.71,0.00498471,-0.00616177,-0.01553657,88.484286,89.678333,,0.00684485,,88.28,,
LU0231206078,2025-10-03,88.28,-0.00484726,0.00283994,-0.02063457,88.332857,89.545333,,0.00687199,,89.13,,
LU0231206078,2025-10-06,89.13,0.00962845,0.01272583,-0.00391149,88.314286,89.477333,,0.00686604,,89.56,,
LU0231206078,2025-10-07,89.56,0.00482441,0.02039421,-0.00144944,88.532857,89.429,,0.00693455,,89.2,,
LU0231206078,2025-10-08,89.2,-0.00401965,0.01053586,-0.00623886,88.702857,89.408667,,0.00656128,,90.39,,
LU0231206078,2025-10-09,90.39,0.01334081,0.01893811,0.00444494,89.077143,89.428333,,0.00699757,,89.87,,
LU0231206078,2025-10-10,89.87,-0.00575285,0.01801087,0.00234218,89.305714,89.454,,0.00692863,,90.19,,
LU0231206078,2025-10-13,90.19,0.0035607,0.01189274,0.0078221,89.517143,89.521,,0.00666129,,90.03,,
LU0231206078,2025-10-14,90.03,-0.00177403,0.00524788,0.0082876,89.767143,89.535,,0.00602327,,91.17,,
LU0231206078,2025-10-15,91.17,0.01266245,0.0220852,0.01638796,90.058571,89.570333,,0.00635993,,91.34,,
LU0231206078,2025-10-16,91.34,0.00186465,0.01051001,0.00727834,90.312857,89.610333,,0.00636525,,92.03,,
LU0231206078,2025-10-17,92.03,0.00755419,0.02403472,0.01065232,90.717143,89.695333,,0.00631889,,92.21,,
LU0231206078,2025-10-20,92.21,0.00195588,0.02239716,0.01229553,90.977143,89.779333,,0.00631641,,92.49,,
LU0231206078,2025-10-21,92.49,0.00303655,0.02732423,0.02278005,91.351429,89.870333,,0.00632744,,93.5,,
LU0231206078,2025-10-22,93.5,0.0109201,0.02555665,0.04539356,91.824286,89.987333,,0.00656864,,92.55,,
LU0231206078,2025-10-23,92.55,-0.01016043,0.01324721,0.03593015,92.184286,90.083667,,0.00683044,,92.56,,
LU0231206078,2025-10-24,92.56,0.00010805,0.00575899,0.03697065,92.382857,90.186,,0.00681076,,92.47,,
LU0231206078,2025-10-27,92.47,-0.00097234,0.00281965,0.05043735,92.544286,90.292,,0.00679361,,92.6,,
LU0231206078,2025-10-28,92.6,0.00140586,0.00118932,0.05215316,92.625714,90.388667,,0.00676444,,93.19,,
LU0231206078,2025-10-29,93.19,0.00637149,-0.00331551,0.06175231,92.765714,90.472333,,0.00659077,,93.05,,
LU0231206078,2025-10-30,93.05,-0.00150231,0.00540249,0.05415203,92.845714,90.538667,,0.00657616,,92.2,,
LU0231206078,2025-10-31,92.2,-0.00913487,-0.00388937,0.03934168,92.66,90.575667,,0.00681122,,92.94,,
LU0231206078,2025-11-03,92.94,0.00802603,0.00508273,0.05278659,92.715714,90.659333,,0.00678942,,93.29,,
LU0231206078,2025-11-04,93.29,0.00376587,0.0074514,0.0466734,92.82,90.787667,,0.00643546,,93.26,,
LU0231206078,2025-11-05,93.26,-0.00032158,0.00075115,0.04131309,92.932857,90.918333,,0.00642654,,91.38,,
LU0231206078,2025-11-06,91.38,-0.0201587,-0.01794734,0.02443946,92.758571,90.989,,0.00750155,,91.62,,
LU0231206078,2025-11-07,91.62,0.0026264,-0.00629067,0.0136077,92.534286,91.108667,,0.00699911,,91.59,,
LU0231206078,2025-11-10,91.59,-0.00032744,-0.0145255,0.01913876,92.325714,91.228,,0.00699989,,92.42,,
LU0231206078,2025-11-11,92.42,0.00906212,-0.00932576,0.02472558,92.357143,91.383,,0.00709006,,92.9,,
LU0231206078,2025-11-12,92.9,0.00519368,-0.00386018,0.03187826,92.351429,91.537333,,0.00708129,,91.79,,
LU0231206078,2025-11-13,91.79,-0.01194833,0.00448676,0.00680048,92.137143,91.64,,0.00746394,,92.14,,
LU0231206078,2025-11-14,92.14,0.00381305,0.00567562,0.00875848,91.977143,91.768667,,0.00739291,,92.62,,
LU0231206078,2025-11-17,92.62,0.00520946,0.01124577,0.00641095,92.154286,91.885,,0.00727162,,92.31,,
LU0231206078,2025-11-18,92.31,-0.00334701,-0.00119022,0.00108448,92.252857,91.976667,,0.00728781,,93.39,,
LU0231206078,2025-11-19,93.39,0.01169971,0.00527449,0.00973078,92.51,92.116333,,0.00746839,,93.17,,
LU0231206078,2025-11-20,93.17,-0.00235571,0.01503432,-0.00352941,92.617143,92.209,,0.00716848,,92.5,,
LU0231206078,2025-11-21,92.5,-0.00719116,0.0039071,-0.00054025,92.56,92.296667,,0.00721836,,91.62,,
LU0231206078,2025-11-24,91.62,-0.00951351,-0.0107968,-0.01015557,92.535714,92.344333,,0.00744113,,91.48,,
LU0231206078,2025-11-25,91.48,-0.00152805,-0.00899144,-0.01070617,92.441429,92.392667,,0.00743869,,91.76,,
LU0231206078,2025-11-26,91.76,0.00306078,-0.01745369,-0.00907127,92.318571,92.412333,,0.00711043,,91.73,,
LU0231206078,2025-11-28,91.73,-0.00032694,-0.01545562,-0.01566692,92.235714,92.425333,,0.00710462,,91.11,,
LU0231206078,2025-12-01,91.11,-0.00675897,-0.01502703,-0.02084901,91.91,92.394667,,0.00707307,,90.52,,
LU0231206078,2025-12-02,90.52,-0.00647569,-0.01200611,-0.01822126,91.531429,92.338333,,0.00714461,,89.05,,
LU0231206078,2025-12-03,89.05,-0.01623951,-0.02656318,-0.04185496,91.038571,92.223667,,0.00763916,,89.81,,
LU0231206078,2025-12-04,89.81,0.00853453,-0.02125109,-0.03730303,90.78,92.100667,,0.00752378,,89.76,,
LU0231206078,2025-12-05,89.76,-0.00055673,-0.02147607,-0.03752949,90.534286,92.007667,,0.00734265,,88.23,,
LU0231206078,2025-12-08,88.23,-0.01704545,-0.03161014,-0.03447144,90.03,91.863333,,0.0078827,,89.03,,
LU0231206078,2025-12-09,89.03,0.00906721,-0.01646045,-0.02826894,89.644286,91.748667,,0.00811055,,88.65,,
LU0231206078,2025-12-10,88.65,-0.00426822,-0.00449186,-0.03209957,89.292857,91.617,,0.00811304,,88.94,,
LU0231206078,2025-12-11,88.94,0.00327129,-0.00968712,-0.03765419,89.067143,91.475333,,0.00803249,,89.2,,
LU0231206078,2025-12-12,89.2,0.00292332,-0.00623886,-0.03982777,89.088571,91.347,,0.00807205,,89.0,,
LU0231206078,2025-12-15,89.0,-0.00224215,0.00872719,-0.03039547,88.972857,91.240333,,0.007945,,87.68,,
LU0231206078,2025-12-16,87.68,-0.01483146,-0.01516343,-0.0484046,88.675714,91.065,,0.00812298,,88.09,,
LU0231206078,2025-12-17,88.09,0.00467609,-0.00631698,-0.04890952,88.655714,90.891667,,0.00814578,,88.67,,
LU0231206078,2025-12-18,88.67,0.00658418,-0.00303575,-0.03943235,88.604286,90.738667,,0.00828289,,90.57,,
LU0231206078,2025-12-19,90.57,0.02142777,0.01535874,-0.03019595,88.878571,90.711667,,0.0085445,,89.67,,
LU0231206078,2025-12-22,89.67,-0.00993707,0.00752809,-0.03756574,88.982857,90.646667,,0.00869924,,89.45,,
LU0231206078,2025-12-23,89.45,-0.00245344,0.02018704,-0.03297297,89.018571,90.575333,,0.00870474,,89.2,,
LU0231206078,2025-12-24,89.2,-0.00279486,0.01260075,-0.02641345,89.047143,90.468,,0.00851743,,89.0,,
LU0231206078,2025-12-26,89.0,-0.00224215,0.00372166,-0.02710975,89.235714,90.338,,0.00843718,,88.5,,
LU0231206078,2025-12-29,88.5,-0.00561798,-0.02285525,-0.03552746,89.294286,90.228333,,0.00824758,,88.81,,
LU0231206078,2025-12-30,88.81,0.00350282,-0.00959072,-0.03183255,89.314286,90.117333,,0.0082415,,89.37,,
LU0231206078,2025-12-31,89.37,0.0063056,-0.00089435,-0.01909779,89.142857,90.009,,0.00827218,,89.97,,
LU0231206078,2026-01-02,89.97,,,,,,,,,88.71,,
LU0231206078,2026-01-05,88.71,-0.01400467,,,,,,,,88.91,,
LU0231206078,2026-01-06,88.91,0.00225454,,,,,,,,89.25,,
LU0231206078,2026-01-07,89.25,0.00382409,,,,,,,,88.72,,
LU0231206078,2026-01-08,88.72,-0.00593838,,,,,,,,87.81,,
LU0231206078,2026-01-09,87.81,-0.01025699,-0.024008,,,,,,,87.6,,
LU0231206078,2026-01-12,87.6,-0.00239153,-0.01251268,,88.71,,,,,87.47,,
LU0231206078,2026-01-13,87.47,-0.00148402,-0.01619615,,88.352857,,,,,87.89,,
LU0231206078,2026-01-14,87.89,0.00480165,-0.0152381,,88.235714,,,,,87.88,,
LU0231206078,2026-01-15,87.88,-0.00011378,-0.00946799,,88.088571,,,,,87.04,,
LU0231206078,2026-01-16,87.04,-0.00955849,-0.00876893,,87.772857,,,,,84.14,,
LU0231206078,2026-01-20,84.14,-0.03331801,-0.03949772,,87.118571,,,,,83.95,,
LU0231206078,2026-01-21,83.95,-0.00225814,-0.04024237,,86.567143,,,,,83.48,,
LU0231206078,2026-01-22,83.48,-0.00559857,-0.05017636,,85.978571,,,,,81.03,,
LU0231206078,2026-01-23,81.03,-0.02934835,-0.0779472,,85.058571,,,,,80.98,,
LU0231206078,2026-01-26,80.98,-0.00061706,-0.06962316,,84.071429,,,,,80.28,,
LU0231206078,2026-01-27,80.28,-0.00864411,-0.04587592,,82.985714,,,,,80.93,,
LU0231206078,2026-01-28,80.93,0.00809666,-0.03597379,,82.112857,,,,,80.82,,
LU0231206078,2026-01-29,80.82,-0.0013592,-0.03186392,,81.638571,,,,,81.79,,
LU0231206078,2026-01-30,81.79,0.01200198,0.00937924,,81.33,,,,,83.21,,
LU0231206078,2026-02-02,83.21,0.01736154,0.02753766,,81.291429,,,,,84.03,,
LU0231206078,2026-02-03,84.03,0.00985458,0.04671151,-0.06602201,81.72,,,,,84.86,,
LU0231206078,2026-02-04,84.86,0.00987742,0.04856048,-0.04339984,82.274286,,,,,85.08,,
LU0231206078,2026-02-05,85.08,0.00259251,0.05270973,-0.04307727,82.96,,,,,84.9,,
LU0231206078,2026-02-06,84.9,-0.00211566,0.03802421,-0.0487395,83.527143,,,,,84.74,,
LU0231206078,2026-02-09,84.74,-0.00188457,0.01838721,-0.04486023,84.087143,,,,,85.88,,
LU0231206078,2026-02-10,85.88,0.01345291,0.02201595,-0.02197927,84.671429,,,,,85.61,,
LU0231206078,2026-02-11,85.61,-0.00314392,0.00883809,-0.02271689,85.014286,,,,,84.67,,
LU0231206078,2026-02-12,84.67,-0.01098003,-0.00481899,-0.03201098,85.105714,,,,,83.62,,
LU0231206078,2026-02-13,83.62,-0.01240109,-0.01507656,-0.04858346,84.928571,85.175,,,,84.81,,
LU0231206078,2026-02-17,84.81,0.01423105,0.00082606,-0.034934,84.89,85.003,,0.01131827,,85.65,,
LU0231206078,2026-02-18,85.65,0.00990449,-0.00267816,-0.01596967,84.997143,84.901,,0.01127974,,84.3,,
LU0231206078,2026-02-19,84.3,-0.01576182,-0.01530195,0.00190159,84.934286,84.747333,,0.01156097,,84.78,,
LU0231206078,2026-02-20,84.78,0.00569395,0.00129916,0.00988684,84.777143,84.598333,,0.01159561,,84.41,,
LU0231206078,2026-02-23,84.41,-0.00436424,0.0094475,0.01114039,84.605714,84.454667,,0.0115796,,84.16,,
LU0231206078,2026-02-24,84.16,-0.00296173,-0.00766419,0.03862767,84.532857,84.333,,0.01147116,,84.05,,
LU0231206078,2026-02-25,84.05,-0.00130703,-0.01868068,0.0379106,84.594286,84.214667,,0.01146952,,84.5,,
LU0231206078,2026-02-26,84.5,0.00535396,0.00237248,0.05256602,84.55,84.115667,,0.01153161,,83.75,,
LU0231206078,2026-02-27,83.75,-0.00887574,-0.01214909,0.03484493,84.278571,83.977667,,0.01156025,,82.66,,
LU0231206078,2026-03-02,82.66,-0.01301493,-0.02073214,0.02276664,84.044286,83.803667,,0.0117378,,82.31,,
LU0231206078,2026-03-03,82.31,-0.00423421,-0.02198194,0.00635775,83.691429,83.646,,0.01166172,,80.87,,
LU0231206078,2026-03-04,80.87,-0.01749484,-0.03783462,-0.02812162,83.185714,83.537,,0.01052651,,81.6,,
LU0231206078,2026-03-05,81.6,0.00902683,-0.03431953,-0.02891824,82.82,83.458667,,0.01068474,,80.45,,
LU0231206078,2026-03-06,80.45,-0.01409314,-0.03940299,-0.05196795,82.305714,83.357667,,0.01091586,,79.32,,
LU0231206078,2026-03-09,79.32,-0.01404599,-0.04040648,-0.06770099,81.565714,83.300667,,0.00989731,,80.01,,
LU0231206078,2026-03-10,80.01,0.00869894,-0.02794314,-0.05759717,81.031429,83.268333,,0.01003897,,78.74,,
LU0231206078,2026-03-11,78.74,-0.01587302,-0.02633857,-0.07080481,80.471429,83.217,,0.01031801,,77.83,,
LU0231206078,2026-03-12,77.83,-0.01155702,-0.04620098,-0.09373544,79.831429,83.113667,,0.01036934,,77.48,,
LU0231206078,2026-03-13,77.48,-0.00449698,-0.03691734,-0.09496554,79.347143,83.002333,,0.01038576,,77.41,,
LU0231206078,2026-03-16,77.41,-0.00090346,-0.02407968,-0.08574466,78.748571,82.856333,,0.0100867,,77.7,,
LU0231206078,2026-03-17,77.7,0.00374629,-0.02887139,-0.07079646,78.355714,82.672667,,0.00950465,,77.28,,
LU0231206078,2026-03-18,77.28,-0.00540541,-0.01854204,-0.0887867,78.064286,82.447667,,0.00924888,,75.06,,
LU0231206078,2026-03-19,75.06,-0.02872671,-0.03559039,-0.12364273,77.357143,82.121,,0.01005375,,74.59,,
LU0231206078,2026-03-20,74.59,-0.00626166,-0.03729995,-0.11518387,76.764286,81.771333,,0.00998469,,73.71,,
LU0231206078,2026-03-23,73.71,-0.01179783,-0.04779744,-0.13057325,76.175714,81.398333,,0.01006418,,73.77,,
LU0231206078,2026-03-24,73.77,0.000814,-0.05057915,-0.12605142,75.645714,81.032667,,0.01010048,,75.43,,
LU0231206078,2026-03-25,75.43,0.02250237,-0.02393892,-0.10373099,75.362857,80.684333,,0.01074826,,74.96,,
LU0231206078,2026-03-26,74.96,-0.00623094,-0.00133227,-0.10814991,74.971429,80.329333,,0.01075189,,73.13,,
LU0231206078,2026-03-27,73.13,-0.02441302,-0.01957367,-0.13455621,74.378571,79.944667,,0.01128474,,72.53,,
LU0231206078,2026-03-30,72.53,-0.00820457,-0.01600868,-0.13397015,74.017143,79.575,,0.01121555,,73.42,,
LU0231206078,2026-03-31,73.42,0.01227078,-0.00474448,-0.11178321,73.85,79.195333,,0.01111047,,73.09,,
LU0231206078,2026-04-01,73.09,-0.00449469,-0.03102214,-0.11201555,73.761429,78.776667,,0.01077365,,74.46,,
LU0231206078,2026-04-02,74.46,0.01874401,-0.00667022,-0.07926301,73.86,78.448667,,0.01140931,,75.29,,
LU0231206078,2026-04-06,75.29,0.01114692,0.02953644,-0.07732843,73.84,78.132333,,0.01160506,,74.93,,
LU0231206078,2026-04-07,74.93,-0.00478151,0.03308976,-0.06861405,73.835714,77.816333,,0.01160588,,77.85,,
LU0231206078,2026-04-08,77.85,0.03896971,0.06033778,-0.01853253,74.51,77.606,,0.01392702,,76.96,,
LU0231206078,2026-04-09,76.96,-0.01143224,0.05294842,-0.03812023,75.142857,77.369667,,0.01401647,,77.39,,
LU0231206078,2026-04-10,77.39,0.00558732,0.03934999,-0.01714503,75.71,77.132667,,0.01402108,,77.0,,
LU0231206078,2026-04-13,77.0,-0.00503941,0.02271218,-0.01066427,76.268571,76.907667,,0.01398278,,76.85,,
LU0231206078,2026-04-14,76.85,-0.00194805,0.02562392,-0.00813113,76.61,76.714,,0.01385114,,78.05,,
LU0231206078,2026-04-15,78.05,0.01561483,0.00256904,0.00826767,77.004286,76.572,,0.01421374,,78.21,,
LU0231206078,2026-04-16,78.21,0.00204997,0.0162422,0.00656371,77.472857,76.483333,,0.01391829,,79.77,,
LU0231206078,2026-04-17,79.77,0.0199463,0.03075333,0.0322205,77.747143,76.422333,,0.01431339,,78.79,,
LU0231206078,2026-04-20,78.79,-0.01228532,0.02324675,0.04969358,78.008571,76.367,,0.01426039,,78.84,,
LU0231206078,2026-04-21,78.84,0.0006346,0.0258946,0.05697815,78.215714,76.351,,0.01404055,,78.51,,
LU0231206078,2026-04-22,78.51,-0.00418569,0.00589366,0.06512007,78.431429,76.301,,0.01396155,,77.58,,
LU0231206078,2026-04-23,77.58,-0.01184562,-0.00805524,0.05164701,78.535714,76.262333,,0.01383217,,76.9,,
LU0231206078,2026-04-24,76.9,-0.00876515,-0.03597844,0.01948827,78.371429,76.231333,,0.01376602,,77.23,,
LU0231206078,2026-04-27,77.23,0.00429129,-0.01979947,0.03028282,78.231429,76.223,,0.01376724,,76.6,,
LU0231206078,2026-04-28,76.6,-0.00815745,-0.02841197,0.04744975,77.778571,76.196,,0.01384423,,76.78,,
LU0231206078,2026-04-29,76.78,0.00234987,-0.02203541,0.05859644,77.491429,76.165333,,0.01383304,,75.6,,
LU0231206078,2026-04-30,75.6,-0.01536859,-0.02552204,0.02969218,77.028571,76.109333,,0.01406917,,75.64,,
LU0231206078,2026-05-01,75.64,0.0005291,-0.01638492,0.03488849,76.618571,76.128667,,0.01306632,,75.87,,
LU0231206078,2026-05-04,75.87,0.00304072,-0.01760974,0.01893634,76.374286,76.171333,,0.01301623,,76.07,,
LU0231206078,2026-05-05,76.07,0.00263609,-0.00691906,0.01035994,76.255714,76.25,,0.01281233,,77.68,,
LU0231206078,2026-05-06,77.68,0.02116472,0.0117218,0.03670092,76.32,76.380333,,0.01330671,,77.75,,
LU0231206078,2026-05-07,77.75,0.00090113,0.02843915,-0.00128452,76.484286,76.457667,,0.01273996,,77.46,,
LU0231206078,2026-05-08,77.46,-0.0037299,0.02406134,0.00649688,76.581429,76.541,,0.01269989,,75.56,,
LU0231206078,2026-05-11,75.56,-0.02452879,-0.00408594,-0.02364647,76.575714,76.622,,0.01270768,,74.32,,
LU0231206078,2026-05-12,74.32,-0.0164108,-0.02300513,-0.03480519,76.387143,76.681667,,0.01299169,,74.45,,
LU0231206078,2026-05-13,74.45,0.00174919,-0.04158084,-0.03122967,76.184286,76.716,,0.0128208,,76.05,,
LU0231206078,2026-05-14,76.05,0.02149093,-0.02186495,-0.0256246,76.181429,76.814667,,0.0133191,,75.87,,
LU0231206078,2026-05-15,75.87,-0.00236686,-0.02052672,-0.02991945,75.922857,76.861667,,0.01293702,,75.09,,
LU0231206078,2026-05-18,75.09,-0.01028074,-0.00622022,-0.05866867,75.542857,76.855,,0.01293251,,74.94,,
LU0231206078,2026-05-19,74.94,-0.0019976,0.0083423,-0.04886407,75.182857,76.855333,,0.01290787,,75.22,,
LU0231206078,2026-05-20,75.22,0.00373632,0.01034251,-0.04591578,75.134286,76.767667,,0.01073697,,75.54,,
LU0231206078,2026-05-21,75.54,0.00425419,-0.00670611,-0.03782958,75.308571,76.720333,,0.01060155,,75.74,,
LU0231206078,2026-05-22,75.74,0.0026476,-0.00171346,-0.02371745,75.492857,76.665333,,0.01055774,,76.28,,
LU0231206078,2026-05-26,76.28,0.00712965,0.01584765,-0.00806242,75.525714,76.641333,,0.01061539,,76.71,,
LU0231206078,2026-05-27,76.71,0.00563713,0.0236189,-0.00673313,75.645714,76.636667,,0.01066233,,76.8,,
LU0231206078,2026-05-28,76.8,0.00117325,0.02100505,0.00261097,75.89,76.595,,0.0102649,,76.25,,
LU0231206078,2026-05-29,76.25,-0.00716146,0.00939899,-0.00690284,76.077143,76.529667,,0.01032208,,75.52,,
LU0231206078,2026-06-01,75.52,-0.00957377,-0.00290467,-0.0010582,76.12,76.388,,0.00968561,,75.5,,
LU0231206078,2026-06-02,75.5,-0.00026483,-0.01022549,-0.00185087,76.114286,76.278333,,0.00948922,,74.9,,
LU0231206078,2026-06-03,74.9,-0.00794702,-0.02359536,-0.01278503,75.994286,76.147,,0.00955344,,75.55,,
LU0231206078,2026-06-04,75.55,0.00867824,-0.01627604,-0.00683581,75.89,76.048333,,0.00971781,,75.84,,
LU0231206078,2026-06-05,75.84,0.00383852,-0.00537705,-0.02368692,75.765714,75.990333,,0.0095533,,74.62,,
LU0231206078,2026-06-08,74.62,-0.0160865,-0.01191737,-0.04025723,75.454286,75.914333,,0.00984501,,75.14,,
LU0231206078,2026-06-09,75.14,0.00696864,-0.00476821,-0.02995094,75.295714,75.844667,,0.16121287,,74.5,,
LU0231206078,2026-06-10,74.5,-0.00851743,-0.00534045,-0.01402859,75.15,75.774667,,0.16259199,,74.39,,
LU0231206078,2026-06-11,74.39,-0.00147651,-0.01535407,0.00094187,74.991429,75.695,,0.15657987,,76.16,79.87,
LU0231206078,2026-06-12,76.16,0.02379352,0.00421941,0.02296844,75.171429,75.713667,,0.17220681,,77.72,81.05,
LU0231206078,2026-06-15,77.72,0.02048319,0.04154382,0.02438381,75.481429,75.783,,0.18210328,,77.86,81.0,
LU0231206078,2026-06-16,77.86,0.00180134,0.0361991,0.02622908,75.77,75.849333,,0.18204805,,77.96,80.7,
LU0231206078,2026-06-17,77.96,0.00128436,0.04644295,0.0382208,76.247143,75.912333,,0.17120736,,79.04,80.68,
LU0231206078,2026-06-18,79.04,0.01385326,0.0625084,0.05471044,76.804286,75.957667,,0.17589144,,79.22,82.37,
LU0231206078,2026-06-22,79.22,0.00227733,0.01930005,0.04594666,77.478571,76.006667,,0.17544313,,78.71,82.17,
LU0231206078,2026-06-23,78.71,-0.00643777,0.01091703,0.0392131,78.095714,76.048333,,0.15926458,,79.71,82.03,
LU0231206078,2026-06-24,79.71,0.01270487,0.02244741,0.05241616,78.602857,76.186667,,0.15286276,,79.83,82.03,
LU0231206078,2026-06-25,79.83,0.00150546,0.00999494,0.04653907,78.904286,76.370333,,0.15287467,,80.05,81.99,
LU0231206078,2026-06-26,80.05,0.00275586,0.01277834,0.04354061,79.217143,76.557,,0.1414238,,79.16,81.69,
LU0231206078,2026-06-29,79.16,-0.01111805,-0.00075738,0.03816393,79.388571,76.660667,,0.14602636,,79.16,81.67,
LU0231206078,2026-06-30,79.16,0.0,0.00571719,0.03816393,79.405714,76.770333,,0.14163702,,79.49,81.34,
LU0231206078,2026-07-01,79.49,0.00416877,-0.00276001,0.05256886,79.444286,76.917,,0.14129148,,79.67,81.73,
LU0231206078,2026-07-02,79.67,0.00226444,-0.00200426,0.05523179,79.581429,77.074667,,0.14120209,,80.37,80.95,
LU0231206078,2026-07-06,80.37,0.00878624,0.0152855,0.05973101,79.675714,77.246333,,0.1424732,,80.33,80.54,
LU0231206078,2026-07-07,80.33,-0.0004977,0.01478019,0.05920359,79.747143,77.406,,0.14268148,,78.5,,
LU0231206078,2026-07-08,78.5,-0.02278103,-0.0124544,0.05199678,79.525714,77.498,,0.15939883,,79.5,,
LU0098860793,2025-07-08,9.65,,,,,,,,,9.67,,
LU0098860793,2025-07-09,9.67,0.00207254,,,,,,,,9.71,,
LU0098860793,2025-07-10,9.71,0.0041365,,,,,,,,9.68,,
LU0098860793,2025-07-11,9.68,-0.0030896,,,,,,,,9.66,,
LU0098860793,2025-07-14,9.66,-0.00206612,,,,,,,,9.61,,
LU0098860793,2025-07-15,9.61,-0.00517598,-0.00414508,,,,,,,9.63,,
LU0098860793,2025-07-16,9.63,0.00208117,-0.0041365,,9.658571,,,,,9.66,,
LU0098860793,2025-07-17,9.66,0.00311526,-0.00514933,,9.66,,,,,9.66,,
LU0098860793,2025-07-18,9.66,0.0,-0.00206612,,9.658571,,,,,9.67,,
LU0098860793,2025-07-21,9.67,0.0010352,0.0010352,,9.652857,,,,,9.72,,
LU0098860793,2025-07-22,9.72,0.00517063,0.01144641,,9.658571,,,,,9.72,,
LU0098860793,2025-07-23,9.72,0.0,0.00934579,,9.667143,,,,,9.69,,
LU0098860793,2025-07-24,9.69,-0.00308642,0.00310559,,9.678571,,,,,9.7,,
LU0098860793,2025-07-25,9.7,0.00103199,0.00414079,,9.688571,,,,,9.68,,
LU0098860793,2025-07-28,9.68,-0.00206186,0.00103413,,9.691429,,,,,9.69,,
LU0098860793,2025-07-29,9.69,0.00103306,-0.00308642,,9.695714,,,,,9.65,,
LU0098860793,2025-07-30,9.65,-0.00412797,-0.00720165,,9.692857,,,,,9.59,,
LU0098860793,2025-07-31,9.59,-0.00621762,-0.01031992,,9.674286,,,,,9.51,,
LU0098860793,2025-08-01,9.51,-0.00834202,-0.01958763,,9.644286,,,,,9.55,,
LU0098860793,2025-08-04,9.55,0.0042061,-0.01342975,,9.624286,,,,,9.57,,
LU0098860793,2025-08-05,9.57,0.00209424,-0.0123839,,9.605714,,,,,9.56,,
LU0098860793,2025-08-06,9.56,-0.00104493,-0.00932642,-0.00932642,9.588571,,,,,9.58,,
LU0098860793,2025-08-07,9.58,0.00209205,-0.00104275,-0.00930714,9.572857,,,,,9.6,,
LU0098860793,2025-08-08,9.6,0.00208768,0.00946372,-0.01132853,9.565714,,,,,9.58,,
LU0098860793,2025-08-11,9.58,-0.00208333,0.00314136,-0.01033058,9.564286,,,,,9.63,,
LU0098860793,2025-08-12,9.63,0.00521921,0.00626959,-0.00310559,9.581429,,,,,9.69,,
LU0098860793,2025-08-13,9.69,0.00623053,0.01359833,0.00832466,9.601429,,,,,9.67,,
LU0098860793,2025-08-14,9.67,-0.00206398,0.00939457,0.00415369,9.615714,,,,,9.69,,
LU0098860793,2025-08-15,9.69,0.00206825,0.009375,0.00310559,9.634286,,,,,9.68,,
LU0098860793,2025-08-18,9.68,-0.00103199,0.01043841,0.00207039,9.648571,9.645,,,,9.7,,
LU0098860793,2025-08-19,9.7,0.00206612,0.00726895,0.00310238,9.662857,9.646667,,0.00346542,,9.7,,
LU0098860793,2025-08-20,9.7,0.0,0.00103199,-0.00205761,9.68,9.647667,,0.00344758,,9.7,,
LU0098860793,2025-08-21,9.7,0.0,0.00310238,-0.00205761,9.69,9.647333,,0.0033655,,9.78,,
LU0098860793,2025-08-22,9.78,0.00824742,0.00928793,0.00928793,9.702857,9.650667,,0.00362692,,9.75,,
LU0098860793,2025-08-25,9.75,-0.00306748,0.0072314,0.00515464,9.714286,9.653667,,0.00365351,,9.75,,
LU0098860793,2025-08-26,9.75,0.0,0.00515464,0.0072314,9.722857,9.658333,,0.00350947,,9.76,,
LU0098860793,2025-08-27,9.76,0.00102564,0.00618557,0.00722394,9.734286,9.662667,,0.00349859,,9.77,,
LU0098860793,2025-08-28,9.77,0.00102459,0.00721649,0.01243523,9.744286,9.666333,,0.00346554,,9.77,,
LU0098860793,2025-08-29,9.77,0.0,-0.00102249,0.01876955,9.754286,9.67,,0.00346554,,9.68,,
LU0098860793,2025-09-02,9.68,-0.00921187,-0.00717949,0.01787592,9.751429,9.670333,,0.00386629,,9.66,,
LU0098860793,2025-09-03,9.66,-0.00206612,-0.00923077,0.01151832,9.734286,9.668333,,0.00376316,,9.69,,
LU0098860793,2025-09-04,9.69,0.00310559,-0.00717213,0.01253918,9.725714,9.667333,,0.00380964,,9.7,,
LU0098860793,2025-09-05,9.7,0.00103199,-0.00716479,0.01464435,9.718571,9.667667,,0.00377343,,9.7,,
LU0098860793,2025-09-08,9.7,0.0,-0.00716479,0.0125261,9.71,9.667667,,0.00376895,,9.69,,
LU0098860793,2025-09-09,9.69,-0.00103093,0.00103306,0.009375,9.698571,9.668,,0.0037546,,9.71,,
LU0098860793,2025-09-10,9.71,0.00206398,0.00517598,0.01356994,9.69,9.668667,,0.00376821,,9.74,,
LU0098860793,2025-09-11,9.74,0.0030896,0.00515996,0.01142264,9.698571,9.671667,,0.00372226,,9.71,,
LU0098860793,2025-09-12,9.71,-0.00308008,0.00103093,0.00206398,9.705714,9.675667,,0.00357851,,9.71,,
LU0098860793,2025-09-15,9.71,0.0,0.00103093,0.0041365,9.708571,9.682333,,0.00318976,,9.72,,
LU0098860793,2025-09-16,9.72,0.00102987,0.00309598,0.00309598,9.711429,9.688,,0.00312363,,9.73,,
LU0098860793,2025-09-17,9.73,0.00102881,0.00205973,0.00516529,9.715714,9.693333,,0.0031124,,9.74,,
LU0098860793,2025-09-18,9.74,0.00102775,0.0,0.00412371,9.722857,9.699333,,0.00309903,,9.73,,
LU0098860793,2025-09-19,9.73,-0.00102669,0.00205973,0.00309278,9.725714,9.704333,,0.00310045,,9.73,,
LU0098860793,2025-09-22,9.73,0.0,0.00205973,0.00309278,9.724286,9.708667,,0.00308794,,9.75,,
LU0098860793,2025-09-23,9.75,0.0020555,0.00308642,-0.00306748,9.73,9.714333,,0.0030639,,9.75,,
LU0098860793,2025-09-24,9.75,0.0,0.0020555,0.0,9.735714,9.718333,,0.00294192,,9.71,,
LU0098860793,2025-09-25,9.71,-0.00410256,-0.00308008,-0.00410256,9.734286,9.719,,0.00284442,,9.75,,
LU0098860793,2025-09-26,9.75,0.00411946,0.0020555,-0.00102459,9.737143,9.721667,,0.0029055,,9.75,,
LU0098860793,2025-09-29,9.75,0.0,0.0020555,-0.00204708,9.738571,9.723667,,0.0028867,,9.77,,
LU0098860793,2025-09-30,9.77,0.00205128,0.00205128,0.0,9.744286,9.726667,,0.00289552,,9.74,,
LU0098860793,2025-10-01,9.74,-0.00307062,-0.00102564,0.00619835,9.745714,9.728,,0.00293834,,9.74,,
LU0098860793,2025-10-02,9.74,0.0,0.0030896,0.00828157,9.744286,9.729333,,0.00293834,,9.75,,
LU0098860793,2025-10-03,9.75,0.00102669,0.0,0.00619195,9.744286,9.731,,0.00294247,,9.74,,
LU0098860793,2025-10-06,9.74,-0.00102564,-0.00102564,0.00412371,9.748571,9.729667,,0.00253751,,9.74,,
LU0098860793,2025-10-07,9.74,0.0,-0.00307062,0.00412371,9.747143,9.729333,,0.00247833,,9.74,,
LU0098860793,2025-10-08,9.74,0.0,0.0,0.00515996,9.745714,9.729,,0.00247833,,9.71,,
LU0098860793,2025-10-09,9.71,-0.00308008,-0.00308008,0.0,9.737143,9.727333,,0.00252904,,9.64,,
LU0098860793,2025-10-10,9.64,-0.00720906,-0.01128205,-0.01026694,9.722857,9.723,,0.00281529,,9.68,,
LU0098860793,2025-10-13,9.68,0.00414938,-0.00616016,-0.0030896,9.714286,9.72,,0.00293309,,9.7,,
LU0098860793,2025-10-14,9.7,0.00206612,-0.00410678,-0.00102987,9.707143,9.720667,,0.00245031,,9.71,,
LU0098860793,2025-10-15,9.71,0.00103093,-0.00308008,-0.00102881,9.702857,9.722333,,0.00242315,,9.7,,
LU0098860793,2025-10-16,9.7,-0.00102987,-0.00102987,-0.00308325,9.697143,9.722667,,0.00236956,,9.73,,
LU0098860793,2025-10-17,9.73,0.00309278,0.0093361,-0.00102669,9.695714,9.723667,,0.00242659,,9.77,,
LU0098860793,2025-10-20,9.77,0.004111,0.00929752,0.004111,9.704286,9.726,,0.00253059,,9.78,,
LU0098860793,2025-10-21,9.78,0.00102354,0.00824742,0.00513875,9.724286,9.729,,0.00252297,,9.77,,
LU0098860793,2025-10-22,9.77,-0.00102249,0.0061792,0.00205128,9.737143,9.731,,0.00251232,,9.78,,
LU0098860793,2025-10-23,9.78,0.00102354,0.00824742,0.00307692,9.748571,9.732333,,0.00246017,,9.8,,
LU0098860793,2025-10-24,9.8,0.00204499,0.00719424,0.0092688,9.761429,9.735333,,0.00240805,,9.83,,
LU0098860793,2025-10-27,9.83,0.00306122,0.00614125,0.00820513,9.78,9.739333,,0.00245709,,9.81,,
LU0098860793,2025-10-28,9.81,-0.00203459,0.00306748,0.00615385,9.791429,9.742333,,0.00249275,,9.76,,
LU0098860793,2025-10-29,9.76,-0.00509684,-0.00102354,-0.00102354,9.79,9.743333,,0.00267011,,9.74,,
LU0098860793,2025-10-30,9.74,-0.00204918,-0.00408998,0.0,9.784286,9.743333,,0.00269175,,9.74,,
LU0098860793,2025-10-31,9.74,0.0,-0.00612245,0.0,9.78,9.743667,,0.00268495,,9.64,,
LU0098860793,2025-11-03,9.64,-0.01026694,-0.01932859,-0.01128205,9.76,9.740667,,0.00326058,,9.61,,
LU0098860793,2025-11-04,9.61,-0.00311203,-0.02038736,-0.01334702,9.732857,9.736,,0.00326785,,9.62,,
LU0098860793,2025-11-05,9.62,0.00104058,-0.01434426,-0.01232033,9.702857,9.731667,,0.00327823,,9.61,,
LU0098860793,2025-11-06,9.61,-0.0010395,-0.01334702,-0.01334702,9.674286,9.728333,,0.00320962,,9.64,,
LU0098860793,2025-11-07,9.64,0.00312175,-0.01026694,-0.00720906,9.657143,9.724667,,0.00316814,,9.66,,
LU0098860793,2025-11-10,9.66,0.00207469,0.00207469,0.00207469,9.645714,9.721667,,0.00319803,,9.71,,
LU0098860793,2025-11-11,9.71,0.00517598,0.01040583,0.00309917,9.641429,9.719667,,0.00332154,,9.73,,
LU0098860793,2025-11-12,9.73,0.00205973,0.01143451,0.00309278,9.654286,9.719333,,0.00330134,,9.7,,
LU0098860793,2025-11-13,9.7,-0.00308325,0.00936524,-0.00102987,9.667143,9.718,,0.00334653,,9.69,,
LU0098860793,2025-11-14,9.69,-0.00103093,0.00518672,-0.00103093,9.677143,9.716,,0.00334317,,9.65,,
LU0098860793,2025-11-17,9.65,-0.00412797,-0.0010352,-0.00822199,9.682857,9.713,,0.00341433,,9.63,,
LU0098860793,2025-11-18,9.63,-0.00207254,-0.00823893,-0.01432958,9.681429,9.709333,,0.00342843,,9.61,,
LU0098860793,2025-11-19,9.61,-0.00207684,-0.01233299,-0.01738241,9.674286,9.705,,0.00344115,,9.57,,
LU0098860793,2025-11-20,9.57,-0.00416233,-0.01340206,-0.02047083,9.654286,9.700333,,0.00347413,,9.65,,
LU0098860793,2025-11-21,9.65,0.00835946,-0.00412797,-0.01329243,9.642857,9.700667,,0.00359073,,9.66,,
LU0098860793,2025-11-24,9.66,0.00103627,0.00103627,-0.01428571,9.637143,9.7,,0.00351468,,9.72,,
LU0098860793,2025-11-25,9.72,0.00621118,0.00934579,-0.01119023,9.641429,9.700667,,0.00367354,,9.76,,
LU0098860793,2025-11-26,9.76,0.00411523,0.01560874,-0.00509684,9.657143,9.702333,,0.00374137,,9.8,,
LU0098860793,2025-11-28,9.8,0.00409836,0.02403344,0.00409836,9.681429,9.705667,,0.00379898,,9.7,,
LU0098860793,2025-12-01,9.7,-0.01020408,0.00518135,-0.00410678,9.694286,9.704667,,0.00420681,,9.71,,
LU0098860793,2025-12-02,9.71,0.00103093,0.00517598,-0.00308008,9.714286,9.702667,,0.00413998,,9.78,,
LU0098860793,2025-12-03,9.78,0.00720906,0.00617284,0.01452282,9.732857,9.702667,,0.0043446,,9.77,,
LU0098860793,2025-12-04,9.77,-0.00102249,0.00102459,0.01664932,9.748571,9.702667,,0.0043446,,9.76,,
LU0098860793,2025-12-05,9.76,-0.00102354,-0.00408163,0.01455301,9.754286,9.702,,0.00434421,,9.73,,
LU0098860793,2025-12-08,9.73,-0.00307377,0.00309278,0.01248699,9.75,9.699667,,0.00435873,,9.72,,
LU0098860793,2025-12-09,9.72,-0.00102775,0.00102987,0.00829876,9.738571,9.696,,0.00431743,,9.77,,
LU0098860793,2025-12-10,9.77,0.00514403,-0.00102249,0.01138716,9.748571,9.694667,,0.00441611,,9.79,,
LU0098860793,2025-12-11,9.79,0.00204708,0.00204708,0.00823893,9.76,9.695667,,0.00433351,,9.78,,
LU0098860793,2025-12-12,9.78,-0.00102145,0.00204918,0.00513875,9.76,9.697,,0.00432034,,9.79,,
LU0098860793,2025-12-15,9.79,0.00102249,0.0061665,0.00927835,9.762857,9.698667,,0.00432308,,9.75,,
LU0098860793,2025-12-16,9.75,-0.0040858,0.00308642,0.00619195,9.761429,9.702333,,0.0039516,,9.76,,
LU0098860793,2025-12-17,9.76,0.00102564,-0.00102354,0.01139896,9.765714,9.707333,,0.00389896,,9.77,,
LU0098860793,2025-12-18,9.77,0.00102459,-0.0020429,0.0145379,9.772857,9.712333,,0.00389889,,9.77,,
LU0098860793,2025-12-19,9.77,0.0,-0.00102249,0.01664932,9.772857,9.717667,,0.00388945,,9.8,,
LU0098860793,2025-12-22,9.8,0.00307062,0.00102145,0.02403344,9.774286,9.723,,0.00388834,,9.8,,
LU0098860793,2025-12-23,9.8,0.0,0.00512821,0.01554404,9.777143,9.727667,,0.00387916,,9.82,,
LU0098860793,2025-12-24,9.82,0.00204082,0.00614754,0.01656315,9.781429,9.731333,,0.00379271,,9.83,,
LU0098860793,2025-12-26,9.83,0.00101833,0.00614125,0.01131687,9.792857,9.734667,,0.00378195,,9.83,,
LU0098860793,2025-12-29,9.83,0.0,0.00614125,0.00717213,9.802857,9.739,,0.00372883,,9.83,,
LU0098860793,2025-12-30,9.83,0.0,0.00306122,0.00306122,9.811429,9.743667,,0.00371975,,9.8,,
LU0098860793,2025-12-31,9.8,-0.00305188,0.0,0.01030928,9.815714,9.748667,,0.00368007,,9.77,,
LU0098860793,2026-01-02,9.77,,,,,,,,,9.8,,
LU0098860793,2026-01-05,9.8,0.00307062,,,,,,,,9.84,,
LU0098860793,2026-01-06,9.84,0.00408163,,,,,,,,9.8,,
LU0098860793,2026-01-07,9.8,-0.00406504,,,,,,,,9.85,,
LU0098860793,2026-01-08,9.85,0.00510204,,,,,,,,9.89,,
LU0098860793,2026-01-09,9.89,0.00406091,0.0122825,,,,,,,9.89,,
LU0098860793,2026-01-12,9.89,0.0,0.00918367,,9.834286,,,,,9.9,,
LU0098860793,2026-01-13,9.9,0.00101112,0.00609756,,9.852857,,,,,9.94,,
LU0098860793,2026-01-14,9.94,0.0040404,0.01428571,,9.872857,,,,,9.93,,
LU0098860793,2026-01-15,9.93,-0.00100604,0.00812183,,9.885714,,,,,9.93,,
LU0098860793,2026-01-16,9.93,0.0,0.00404449,,9.904286,,,,,9.88,,
LU0098860793,2026-01-20,9.88,-0.00503525,-0.00101112,,9.908571,,,,,9.95,,
LU0098860793,2026-01-21,9.95,0.00708502,0.00505051,,9.917143,,,,,9.97,,
LU0098860793,2026-01-22,9.97,0.00201005,0.00301811,,9.928571,,,,,9.98,,
LU0098860793,2026-01-23,9.98,0.00100301,0.00503525,,9.94,,,,,10.0,,
LU0098860793,2026-01-26,10.0,0.00200401,0.00704935,,9.948571,,,,,10.0,,
LU0098860793,2026-01-27,10.0,0.0,0.01214575,,9.958571,,,,,9.99,,
LU0098860793,2026-01-28,9.99,-0.001,0.0040201,,9.967143,,,,,10.0,,
LU0098860793,2026-01-29,10.0,0.001001,0.00300903,,9.984286,,,,,10.01,,
LU0098860793,2026-01-30,10.01,0.001,0.00300601,,9.992857,,,,,9.96,,
LU0098860793,2026-02-02,9.96,-0.004995,-0.004,,9.991429,,,,,9.98,,
LU0098860793,2026-02-03,9.98,0.00200803,-0.002,0.02149437,9.991429,,,,,10.0,,
LU0098860793,2026-02-04,10.0,0.00200401,0.001001,0.02040816,9.991429,,,,,9.97,,
LU0098860793,2026-02-05,9.97,-0.003,-0.003,0.01321138,9.987143,,,,,10.03,,
LU0098860793,2026-02-06,10.03,0.00601805,0.001998,0.02346939,9.992857,,,,,10.05,,
LU0098860793,2026-02-09,10.05,0.00199402,0.00903614,0.02030457,10.0,,,,,10.08,,
LU0098860793,2026-02-10,10.08,0.00298507,0.01002004,0.01921132,10.01,,,,,10.09,,
LU0098860793,2026-02-11,10.09,0.00099206,0.009,0.02022245,10.028571,,,,,10.04,,
LU0098860793,2026-02-12,10.04,-0.0049554,0.00702106,0.01414141,10.037143,,,,,10.08,,
LU0098860793,2026-02-13,10.08,0.00398406,0.00498504,0.01408451,10.048571,9.953333,,,,10.05,,
LU0098860793,2026-02-17,10.05,-0.00297619,0.0,0.01208459,10.06,9.962667,,0.00319142,,10.07,,
LU0098860793,2026-02-18,10.07,0.00199005,-0.00099206,0.01409869,10.065714,9.971667,,0.0031733,,10.06,,
LU0098860793,2026-02-19,10.06,-0.00099305,-0.00297324,0.01821862,10.067143,9.979,,0.00313482,,10.08,,
LU0098860793,2026-02-20,10.08,0.00198807,0.00398406,0.01306533,10.067143,9.988333,,0.00301128,,10.05,,
LU0098860793,2026-02-23,10.05,-0.00297619,-0.00297619,0.00802407,10.061429,9.995,,0.00298852,,10.07,,
LU0098860793,2026-02-24,10.07,0.00199005,0.00199005,0.00901804,10.065714,10.001,,0.00293291,,10.09,,
LU0098860793,2026-02-25,10.09,0.0019861,0.0019861,0.009,10.067143,10.007667,,0.00294089,,10.09,,
LU0098860793,2026-02-26,10.09,0.0,0.00298211,0.009,10.072857,10.014,,0.00294261,,10.11,,
LU0098860793,2026-02-27,10.11,0.00198216,0.00297619,0.01201201,10.078571,10.019667,,0.00288593,,10.02,,
LU0098860793,2026-03-02,10.02,-0.00890208,-0.00298507,0.002,10.072857,10.022667,,0.0033417,,9.98,,
LU0098860793,2026-03-03,9.98,-0.00399202,-0.00893744,-0.002997,10.058571,10.024333,,0.00342958,,10.0,,
LU0098860793,2026-03-04,10.0,0.00200401,-0.00891972,0.00401606,10.051429,10.028333,,0.00330369,,9.96,,
LU0098860793,2026-03-05,9.96,-0.004,-0.01288404,-0.00200401,10.035714,10.028667,,0.00315268,,9.93,,
LU0098860793,2026-03-06,9.93,-0.00301205,-0.01780415,-0.007,10.012857,10.027333,,0.00317679,,9.93,,
LU0098860793,2026-03-09,9.93,0.0,-0.00898204,-0.00401204,9.99,10.025667,,0.00316997,,9.92,,
LU0098860793,2026-03-10,9.92,-0.00100705,-0.00601202,-0.0109671,9.962857,10.023,,0.00314738,,9.91,,
LU0098860793,2026-03-11,9.91,-0.00100806,-0.009,-0.01393035,9.947143,10.02,,0.00314978,,9.85,,
LU0098860793,2026-03-12,9.85,-0.00605449,-0.01104418,-0.02281746,9.928571,10.015333,,0.00331382,,9.83,,
LU0098860793,2026-03-13,9.83,-0.00203046,-0.01007049,-0.02576809,9.904286,10.009667,,0.0033138,,9.87,,
LU0098860793,2026-03-16,9.87,0.00406918,-0.0060423,-0.01693227,9.891429,10.005,,0.00340664,,9.9,,
LU0098860793,2026-03-17,9.9,0.00303951,-0.00201613,-0.01785714,9.887143,10.003,,0.0033553,,9.82,,
LU0098860793,2026-03-18,9.82,-0.00808081,-0.00908174,-0.02288557,9.871429,9.997667,,0.00361325,,9.82,,
LU0098860793,2026-03-19,9.82,0.0,-0.00304569,-0.02482622,9.857143,9.991667,,0.00358415,,9.73,,
LU0098860793,2026-03-20,9.73,-0.00916497,-0.01017294,-0.03280318,9.831429,9.983667,,0.00388042,,9.79,,
LU0098860793,2026-03-23,9.79,0.0061665,-0.00810537,-0.02876984,9.822857,9.975667,,0.0038892,,9.79,,
LU0098860793,2026-03-24,9.79,0.0,-0.01111111,-0.02587065,9.817143,9.967,,0.00385781,,9.84,,
LU0098860793,2026-03-25,9.84,0.00510725,0.00203666,-0.02284012,9.812857,9.959,,0.00394622,,9.79,,
LU0098860793,2026-03-26,9.79,-0.0050813,-0.00305499,-0.02973241,9.797143,9.949,,0.00400469,,9.75,,
LU0098860793,2026-03-27,9.75,-0.0040858,0.0020555,-0.03369673,9.787143,9.939333,,0.003979,,9.76,,
LU0098860793,2026-03-30,9.76,0.00102564,-0.00306435,-0.03461919,9.778571,9.928667,,0.00389072,,9.85,,
LU0098860793,2026-03-31,9.85,0.00922131,0.0061287,-0.01696607,9.795714,9.922,,0.00428711,,9.78,,
LU0098860793,2026-04-01,9.78,-0.0071066,-0.00609756,-0.02004008,9.794286,9.912333,,0.00440888,,9.79,,
LU0098860793,2026-04-02,9.79,0.00102249,0.0,-0.021,9.794286,9.903333,,0.00442326,,9.81,,
LU0098860793,2026-04-06,9.81,0.0020429,0.00615385,-0.01506024,9.79,9.894333,,0.00442446,,9.8,,
LU0098860793,2026-04-07,9.8,-0.00101937,0.00409836,-0.01309164,9.791429,9.886,,0.00440769,,9.89,,
LU0098860793,2026-04-08,9.89,0.00918367,0.00406091,-0.0040282,9.811429,9.88,,0.00473787,,9.9,,
LU0098860793,2026-04-09,9.9,0.00101112,0.01226994,-0.00201613,9.831429,9.873667,,0.00472341,,9.87,,
LU0098860793,2026-04-10,9.87,-0.0030303,0.0081716,-0.00403633,9.834286,9.866333,,0.00474139,,9.92,,
LU0098860793,2026-04-13,9.92,0.00506586,0.01121305,0.0071066,9.854286,9.86,,0.00483149,,9.95,,
LU0098860793,2026-04-14,9.95,0.00302419,0.01530612,0.01220753,9.877143,9.857667,,0.00461974,,9.95,,
LU0098860793,2026-04-15,9.95,0.0,0.00606673,0.00810537,9.897143,9.856667,,0.00456644,,9.98,,
LU0098860793,2026-04-16,9.98,0.00301508,0.00808081,0.00808081,9.922857,9.856,,0.00458546,,10.03,,
LU0098860793,2026-04-17,10.03,0.00501002,0.01621074,0.02138493,9.942857,9.858333,,0.00461231,,10.02,,
LU0098860793,2026-04-20,10.02,-0.00099701,0.01008065,0.0203666,9.96,9.861333,,0.00457895,,9.98,,
LU0098860793,2026-04-21,9.98,-0.00399202,0.00301508,0.02569373,9.975714,9.863,,0.00464361,,9.99,,
LU0098860793,2026-04-22,9.99,0.001002,0.0040201,0.02042901,9.985714,9.865333,,0.00464052,,9.99,,
LU0098860793,2026-04-23,9.99,0.0,0.001002,0.02042901,9.991429,9.868,,0.00463497,,9.99,,
LU0098860793,2026-04-24,9.99,0.0,-0.00398804,0.0152439,9.997143,9.872667,,0.00448417,,9.98,,
LU0098860793,2026-04-27,9.98,-0.001001,-0.00399202,0.01940756,9.997143,9.877667,,0.00446874,,9.98,,
LU0098860793,2026-04-28,9.98,0.0,0.0,0.02358974,9.99,9.881333,,0.00442029,,9.96,,
LU0098860793,2026-04-29,9.96,-0.00200401,-0.003003,0.0204918,9.981429,9.883333,,0.00441182,,10.03,,
LU0098860793,2026-04-30,10.03,0.00702811,0.004004,0.01827411,9.988571,9.890333,,0.0042974,,9.96,,
LU0098860793,2026-05-01,9.96,-0.00697906,-0.003003,0.01840491,9.984286,9.895,,0.00451328,,9.91,,
LU0098860793,2026-05-04,9.91,-0.00502008,-0.00701403,0.01225741,9.972857,9.901,,0.00427288,,9.95,,
LU0098860793,2026-05-05,9.95,0.00403633,-0.00300601,0.01427115,9.967143,9.906333,,0.00419715,,9.98,,
LU0098860793,2026-05-06,9.98,0.00301508,0.00200803,0.01836735,9.967143,9.912667,,0.00421884,,9.95,,
LU0098860793,2026-05-07,9.95,-0.00300601,-0.00797607,0.00606673,9.962857,9.916333,,0.00418434,,9.96,,
LU0098860793,2026-05-08,9.96,0.00100503,0.0,0.00606061,9.962857,9.922,,0.00406037,,9.95,,
LU0098860793,2026-05-11,9.95,-0.00100402,0.00403633,0.00810537,9.951429,9.928667,,0.00397914,,9.94,,
LU0098860793,2026-05-12,9.94,-0.00100503,-0.00100503,0.00201613,9.948571,9.934667,,0.00399003,,9.94,,
LU0098860793,2026-05-13,9.94,0.0,-0.00400802,-0.00100503,9.952857,9.937667,,0.00365662,,9.96,,
LU0098860793,2026-05-14,9.96,0.00201207,0.00100503,0.00100503,9.954286,9.943667,,0.00339729,,9.92,,
LU0098860793,2026-05-15,9.92,-0.00401606,-0.00401606,-0.00601202,9.945714,9.948,,0.00349605,,9.95,,
LU0098860793,2026-05-18,9.95,0.00302419,0.0,-0.00797607,9.945714,9.952667,,0.00351538,,9.92,,
LU0098860793,2026-05-19,9.92,-0.00301508,-0.00201207,-0.00998004,9.94,9.956667,,0.00356167,,9.95,,
LU0098860793,2026-05-20,9.95,0.00302419,0.00100604,-0.00300601,9.94,9.958667,,0.00321031,,9.99,,
LU0098860793,2026-05-21,9.99,0.0040201,0.00301205,0.0,9.947143,9.961667,,0.00328012,,10.02,,
LU0098860793,2026-05-22,10.02,0.003003,0.01008065,0.003003,9.958571,9.966667,,0.00325419,,10.0,,
LU0098860793,2026-05-26,10.0,-0.00199601,0.00502513,0.001001,9.964286,9.969333,,0.00317033,,10.02,,
LU0098860793,2026-05-27,10.02,0.002,0.01008065,0.00400802,9.978571,9.971667,,0.00314593,,10.03,,
LU0098860793,2026-05-28,10.03,0.000998,0.0080402,0.00501002,9.99,9.974333,,0.00314851,,10.06,,
LU0098860793,2026-05-29,10.06,0.00299103,0.00700701,0.01004016,10.01,9.977,,0.00314781,,9.97,,
LU0098860793,2026-06-01,9.97,-0.00894632,-0.00499002,-0.00598205,10.012857,9.975,,0.00343159,,9.99,,
LU0098860793,2026-06-02,9.99,0.00200602,-0.001,0.00301205,10.012857,9.974,,0.00345045,,9.94,,
LU0098860793,2026-06-03,9.94,-0.00500501,-0.00798403,0.00302725,10.001429,9.972667,,0.00349313,,9.98,,
LU0098860793,2026-06-04,9.98,0.00402414,-0.00498504,0.00301508,9.998571,9.972333,,0.00356705,,9.92,,
LU0098860793,2026-06-05,9.92,-0.00601202,-0.0139165,-0.00601202,9.984286,9.97,,0.00372528,,9.91,,
LU0098860793,2026-06-08,9.91,-0.00100806,-0.00601805,-0.0040201,9.967143,9.967333,,0.00372762,,9.93,,
LU0098860793,2026-06-09,9.93,0.00201816,-0.00600601,-0.00301205,9.948571,9.965667,,0.06156734,,9.9,,
LU0098860793,2026-06-10,9.9,-0.00302115,-0.00402414,-0.00502513,9.938571,9.963,,0.06191268,,9.95,,
LU0098860793,2026-06-11,9.95,0.00505051,-0.00300601,0.00100604,9.932857,9.962667,,0.06008187,,9.98,9.88,
LU0098860793,2026-06-12,9.98,0.00301508,0.00604839,0.00402414,9.938571,9.961,,0.05719009,,9.98,9.92,
LU0098860793,2026-06-15,9.98,0.0,0.00706357,0.00604839,9.938571,9.961667,,0.05503868,,10.0,9.88,
LU0098860793,2026-06-16,10.0,0.00200401,0.00704935,0.00806452,9.95,9.964667,,0.05409791,,9.91,9.91,
LU0098860793,2026-06-17,9.91,-0.009,0.0010101,-0.0040201,9.95,9.963333,,0.0597291,,9.9,9.92,
LU0098860793,2026-06-18,9.9,-0.00100908,-0.00502513,-0.00201613,9.945714,9.960667,,0.05918314,,9.87,9.91,
LU0098860793,2026-06-22,9.87,-0.0030303,-0.01102204,-0.01497006,9.941429,9.958,,0.05965749,,9.88,9.97,
LU0098860793,2026-06-23,9.88,0.00101317,-0.012,-0.01397206,9.931429,9.955333,,0.0597414,,9.89,9.95,
LU0098860793,2026-06-24,9.89,0.00101215,-0.00201816,-0.01297405,9.918571,9.953333,,0.05980377,,9.89,9.94,
LU0098860793,2026-06-25,9.89,0.0,-0.0010101,-0.011,9.905714,9.951667,,0.05980377,,9.91,9.98,
LU0098860793,2026-06-26,9.91,0.00202224,0.0010101,-0.01097804,9.892857,9.950667,,0.05980711,,9.92,9.99,
LU0098860793,2026-06-29,9.92,0.00100908,0.00506586,-0.0139165,9.894286,9.949333,,0.05872081,,9.9,10.0,
LU0098860793,2026-06-30,9.9,-0.00201613,0.00202429,-0.01590457,9.894286,9.948667,,0.05826767,,9.84,10.01,
LU0098860793,2026-07-01,9.84,-0.00606061,-0.00505561,-0.01303912,9.89,9.945,,0.06026475,,9.91,10.04,
LU0098860793,2026-07-02,9.91,0.00711382,0.00202224,-0.00800801,9.894286,9.944667,,0.06340216,,9.91,10.03,
LU0098860793,2026-07-06,9.91,0.0,-0.00100806,-0.00100806,9.897143,9.943333,,0.06212789,,9.92,9.99,
LU0098860793,2026-07-07,9.92,0.00100908,0.0020202,0.0,9.901429,9.941,,0.06145698,,9.87,,
LU0098860793,2026-07-08,9.87,-0.00504032,0.00304878,-0.00403633,9.895714,9.936,,0.06283565,,9.87,,
LU0348825331,2026-07-09,65.9281,0.00793776,0.03635603,-0.0036467,64.725929,66.221827,,0.2208977,,65.2545,,
LU0348825331,2026-07-10,65.2545,-0.01021719,0.01205699,-0.00532742,64.8578,66.100833,,0.22179729,,64.5004,,
LU0348825331,2026-07-13,64.5004,-0.01155629,-0.00786016,-0.03089109,64.984243,65.97112,,0.22190097,,65.1661,,
LU0348825331,2026-07-14,65.1661,0.01032087,0.01332311,-0.02088905,65.082671,65.889353,,0.22433606,,65.7191,,
LU0820561818,2026-07-09,8.7798,0.00741234,-0.00338267,-0.00366541,8.773043,8.807203,,0.09678003,,8.7731,,
LU0820561818,2026-07-10,8.7731,-0.00076312,-0.00414321,0.00481039,8.768514,8.804967,,0.09679274,,8.7391,,
LU0820561818,2026-07-13,8.7391,-0.00387548,-0.00508891,-0.00372786,8.761029,8.8017,,0.09737092,,8.76,,
LU0820561818,2026-07-14,8.76,0.00239155,0.00382738,-0.00134522,8.753943,8.799407,,0.09635143,,8.7019,,
LU1564329115,2026-07-09,8.32,0.00240964,-0.00239808,0.00361882,8.325714,8.322667,,0.0693073,,8.35,,
LU1564329115,2026-07-10,8.35,0.00360577,0.00119904,0.01089588,8.335714,8.322,,0.06985182,,8.35,,
LU1564329115,2026-07-13,8.35,0.0,0.0,0.00723764,8.337143,8.322,,0.06898183,,8.35,,
LU1564329115,2026-07-14,8.35,0.0,0.0,0.00723764,8.338571,8.323,,0.06863277,,8.36,,
LU0056508442,2026-07-09,151.27,0.0334062,-0.01516927,-0.00362271,151.197143,153.683333,,0.43407666,,149.97,,
LU0056508442,2026-07-10,149.97,-0.0085939,-0.00484406,0.02719178,150.25,153.612667,,0.42746185,,145.54,,
LU0056508442,2026-07-13,145.54,-0.02953924,-0.05167134,-0.02863245,149.098571,153.262333,,0.43566112,,147.46,,
LU0056508442,2026-07-14,147.46,0.01319225,0.00751571,-0.01581793,148.635714,152.985333,,0.4290744,,148.33,,
LU0109392836,2026-07-09,77.24,0.02467498,0.02481093,0.0305537,76.857143,77.304667,,0.45951841,,77.0,,
LU0109392836,2026-07-10,77.0,-0.0031072,0.02162664,0.05929289,76.384286,77.356,,0.45682067,,74.54,,
LU0109392836,2026-07-13,74.54,-0.03194805,-0.03245067,-0.02511117,75.911429,77.280333,,0.46446946,,76.14,,
LU0109392836,2026-07-14,76.14,0.02146499,0.01777837,-0.00418519,76.021429,77.221,,0.46058553,,75.72,,
LU0231206078,2026-07-09,79.5,0.01273885,-0.0021338,0.05802502,79.574286,77.605333,,0.1625857,,79.96,,
LU0231206078,2026-07-10,79.96,0.00578616,0.00364002,0.07328859,79.688571,77.713667,,0.16312537,,79.71,,
LU0231206078,2026-07-13,79.71,-0.00312656,-0.00821202,0.04661239,79.72,77.810667,,0.16163688,,78.75,,
LU0231206078,2026-07-14,78.75,-0.01204366,-0.01966887,0.03400735,79.588571,77.894,,0.16332614,,78.36,,
LU0098860793,2026-07-09,9.87,0.0,-0.00403633,-0.0060423,9.888571,9.931667,,0.06241082,,9.88,,
LU0098860793,2026-07-10,9.88,0.00101317,-0.00302725,-0.0020202,9.885714,9.927,,0.06241414,,9.88,,
LU0098860793,2026-07-13,9.88,0.0,-0.00302725,-0.01002004,9.891429,9.922,,0.06151965,,9.83,,
LU0098860793,2026-07-14,9.83,-0.00506073,-0.00907258,-0.01503006,9.88,9.914333,,0.05773364,,9.86,,
LU0348825331,2026-07-15,65.7191,0.00848601,0.00474247,-0.02822935,65.183771,65.819977,,0.22611925,,65.7,,
LU0348825331,2026-07-16,65.7,-0.00029063,-0.00345983,-0.0220522,65.382443,65.755777,,0.20871794,,63.4017,,
LU0348825331,2026-07-17,63.4017,-0.03498174,-0.02839344,-0.05601521,65.0957,65.552647,,0.22902043,,64.9148,,
LU0348825331,2026-07-20,64.9148,0.02386529,0.00642477,-0.02268245,64.950943,65.426337,,0.24091723,,65.8672,,
LU0348825331,2026-07-21,65.8672,0.01467154,0.01075866,-0.0083437,65.038471,65.353173,,0.24160349,,64.8437,,
LU0348825331,2026-07-22,64.8437,-0.01553884,-0.01332033,-0.02564815,65.087514,65.280947,,0.23813303,,65.7351,,
LU0348825331,2026-07-23,65.7351,0.0137469,0.00053425,-0.01225383,65.1688,65.28478,,0.24041145,,64.7805,,
LU0348825331,2026-07-24,64.7805,-0.01452192,0.02174705,-0.00009261,65.034714,65.238483,,0.24292998,,65.6462,,
LU0348825331,2026-07-27,65.6462,0.01336359,0.01126708,0.04517853,65.027029,65.23989,,0.24534792,,65.0393,,
LU0348825331,2026-07-28,65.0393,-0.00924501,-0.01256923,0.03551584,65.260971,65.235957,,0.23817833,,66.0509,,
LU0820561818,2026-07-15,8.7019,-0.00663242,-0.00152607,-0.01722308,8.742243,8.793687,,0.09806856,,8.6437,,
LU0820561818,2026-07-16,8.6437,-0.00668819,-0.01550149,-0.02747556,8.7304,8.786323,,0.09637118,,8.5613,,
LU0820561818,2026-07-17,8.5613,-0.00953295,-0.02414198,-0.03291651,8.708414,8.773987,,0.09939526,,8.628,,
LU0820561818,2026-07-20,8.628,0.00779087,-0.01271298,-0.02533805,8.686729,8.764777,,0.10268567,,8.6319,,
LU0820561818,2026-07-21,8.6319,0.00045202,-0.01462329,-0.02489748,8.666557,8.756753,,0.10130515,,8.6651,,
LU0820561818,2026-07-22,8.6651,0.0038462,-0.00422896,-0.02677599,8.655986,8.751777,,0.10113214,,8.6306,,
LU0820561818,2026-07-23,8.6306,-0.00398149,-0.00151555,-0.03065087,8.6375,8.747223,,0.100228,,8.5763,,
LU0820561818,2026-07-24,8.5763,-0.00629157,0.00175207,-0.02174087,8.619557,8.739363,,0.09836322,,8.583,,
LU0820561818,2026-07-27,8.583,0.00078122,-0.00521558,-0.01340292,8.610886,8.734427,,0.09733752,,8.4707,,
LU0820561818,2026-07-28,8.4707,-0.013084,-0.01867492,-0.02631155,8.597943,8.727313,,0.09884198,,8.4609,,
LU1564329115,2026-07-15,8.36,0.0011976,0.00722892,-0.00357569,8.34,8.323667,,0.06871561,,8.36,,
LU1564329115,2026-07-16,8.36,0.0,0.00480769,-0.0047619,8.341429,8.324333,,0.06871561,,8.33,,
LU1564329115,2026-07-17,8.33,-0.00358852,-0.00239521,-0.00833333,8.345714,8.324,,0.06871146,,8.32,,
LU1564329115,2026-07-20,8.32,-0.00120048,-0.00359281,-0.00239808,8.345714,8.324333,,0.06628156,,8.32,,
LU1564329115,2026-07-21,8.32,0.0,-0.00359281,-0.00239808,8.341429,8.326333,,0.06547746,,8.34,,
LU1564329115,2026-07-22,8.34,0.00240385,-0.00239234,-0.0011976,8.34,8.328,,0.06477493,,8.28,,
LU1564329115,2026-07-23,8.28,-0.00719424,-0.00956938,-0.00838323,8.33,8.328667,,0.06753353,,8.28,,
LU1564329115,2026-07-24,8.28,0.0,-0.0060024,-0.00120627,8.318571,8.330333,,0.06398819,,8.32,,
LU1564329115,2026-07-27,8.32,0.00483092,0.0,0.00361882,8.312857,8.331333,,0.05453729,,8.3,,
LU1564329115,2026-07-28,8.3,-0.00240385,-0.00240385,0.00120627,8.308571,8.328333,,0.05469184,,8.3,,
LU0056508442,2026-07-15,148.33,0.00589991,0.01332149,-0.05365574,147.901429,152.595667,,0.42976359,,142.67,,
LU0056508442,2026-07-16,142.67,-0.03815816,-0.05685199,-0.10287367,147.374286,152.036,,0.4337162,,137.62,,
LU0056508442,2026-07-17,137.62,-0.03539637,-0.0823498,-0.12131273,146.122857,151.480333,,0.43766316,,141.02,,
LU0056508442,2026-07-20,141.02,0.02470571,-0.03105675,-0.12583685,144.658571,151.187,,0.44174483,,143.55,,
LU0056508442,2026-07-21,143.55,0.01794072,-0.02651567,-0.11015373,143.741429,151.074,,0.43330157,,144.75,,
LU0056508442,2026-07-22,144.75,0.00835946,-0.02413537,-0.11321448,143.628571,150.838333,,0.4192777,,144.05,,
LU0056508442,2026-07-23,144.05,-0.00483592,0.00967267,-0.11750291,143.141429,150.773333,,0.41949763,,139.72,,
LU0056508442,2026-07-24,139.72,-0.03005901,0.01525941,-0.08649886,141.911429,150.557,,0.4212948,,138.41,,
LU0056508442,2026-07-27,138.41,-0.00937589,-0.01850801,-0.08604068,141.302857,150.176333,,0.39512094,,129.65,,
LU0056508442,2026-07-28,129.65,-0.06329022,-0.09683037,-0.14388537,140.164286,149.273333,,0.42753926,,129.42,,
LU0109392836,2026-07-15,75.72,-0.00551615,0.00451048,-0.05267109,75.832857,77.072333,,0.45803865,,73.25,,
LU0109392836,2026-07-16,73.25,-0.03262018,-0.05165717,-0.05654302,75.61,76.801667,,0.46649981,,72.1,,
LU0109392836,2026-07-17,72.1,-0.01569966,-0.06363636,-0.07087629,75.141429,76.516333,,0.46735544,,72.33,,
LU0109392836,2026-07-20,72.33,0.00319001,-0.02964851,-0.10193693,74.44,76.269667,,0.41701677,,74.64,,
LU0109392836,2026-07-21,74.64,0.03193696,-0.01970055,-0.07325553,74.102857,76.292,,0.42151581,,74.06,,
LU0109392836,2026-07-22,74.06,-0.00777063,-0.02192287,-0.0760978,74.034286,76.234333,,0.4208577,,72.99,,
LU0109392836,2026-07-23,72.99,-0.01444775,-0.00354949,-0.04086728,73.584286,76.169,,0.41323205,,71.16,,
LU0109392836,2026-07-24,71.16,-0.02507193,-0.01303745,-0.06516027,72.932857,76.118,,0.39701412,,70.61,,
LU0109392836,2026-07-27,70.61,-0.00772906,-0.0237799,-0.07006453,72.555714,75.940667,,0.39640958,,69.12,,
LU0109392836,2026-07-28,69.12,-0.02110183,-0.07395498,-0.08968787,72.13,75.696,,0.3719139,,66.94,,
LU0231206078,2026-07-15,78.36,-0.00495238,-0.00178344,0.00823469,79.301429,77.988667,,0.16436229,,78.31,,
LU0231206078,2026-07-16,78.31,-0.00063808,-0.01496855,0.0057796,79.012857,78.082333,,0.16204341,,78.83,,
LU0231206078,2026-07-17,78.83,0.00664028,-0.01413207,0.01115957,79.06,78.213333,,0.16135059,,77.99,,
LU0231206078,2026-07-20,77.99,-0.01065584,-0.02157822,-0.01328441,78.844286,78.294667,,0.16508711,,78.88,,
LU0231206078,2026-07-21,78.88,0.01141172,0.00165079,-0.00202429,78.69,78.396,,0.15924502,,77.66,,
LU0231206078,2026-07-22,77.66,-0.01546653,-0.00893313,-0.019692,78.397143,78.497333,,0.16646947,,77.39,,
LU0231206078,2026-07-23,77.39,-0.00347669,-0.01174818,-0.01677042,78.202857,78.572333,,0.16447488,,77.72,,
LU0231206078,2026-07-24,77.72,0.00426412,-0.01408093,-0.0249655,78.111429,78.679667,,0.16445284,,79.87,,
LU0231206078,2026-07-27,79.87,0.02766341,0.02410565,-0.00224859,78.334286,78.862333,,0.16947982,,81.05,,
LU0231206078,2026-07-28,81.05,0.01477401,0.02751014,0.01249219,78.651429,79.025333,,0.16454791,,81.0,,
LU0098860793,2026-07-15,9.86,0.00305188,-0.00101317,-0.01202405,9.872857,9.910667,,0.05821941,,9.9,,
LU0098860793,2026-07-16,9.9,0.0040568,0.00303951,-0.01,9.87,9.907667,,0.05795928,,9.88,,
LU0098860793,2026-07-17,9.88,-0.0020202,0.0,-0.00302725,9.871429,9.905667,,0.0567847,,9.85,,
LU0098860793,2026-07-20,9.85,-0.00303644,-0.00303644,-0.00505051,9.868571,9.901333,,0.05475125,,9.85,,
LU0098860793,2026-07-21,9.85,0.0,0.00203459,-0.00505051,9.864286,9.899,,0.05470433,,9.85,,
LU0098860793,2026-07-22,9.85,0.0,-0.0010142,-0.00202634,9.86,9.897,,0.05428853,,9.81,,
LU0098860793,2026-07-23,9.81,-0.00406091,-0.00909091,-0.00708502,9.857143,9.893,,0.05484586,,9.85,,
LU0098860793,2026-07-24,9.85,0.00407747,-0.00303644,-0.00404449,9.855714,9.891333,,0.05405946,,9.88,,
LU0098860793,2026-07-27,9.88,0.00304569,0.00304569,-0.00302725,9.852857,9.889,,0.05407664,,9.92,,
LU0098860793,2026-07-28,9.92,0.00404858,0.0071066,0.00100908,9.858571,9.887,,0.05560224,,9.88,,
LU0348825331,2026-07-29,66.0509,0.01555367,0.01861707,0.03328202,65.423271,65.219107,,0.23783469,,65.6828,,
LU0348825331,2026-07-30,65.6828,-0.00557297,-0.00079562,0.02100685,65.396929,65.15426,,0.23762357,,66.302,,
LU0348825331,2026-07-31,66.302,0.00942713,0.02348701,0.03063201,65.605257,65.124943,,0.23948218,,66.6511,,
LU0348825331,2026-08-03,66.6511,0.0052653,0.01530782,0.0337174,65.736114,65.10785,,0.23773306,,66.892,,
LU0820561818,2026-07-29,8.4609,-0.00115693,-0.0235658,-0.0304027,8.574071,8.71695,,0.09339979,,8.5026,,
LU0820561818,2026-07-30,8.5026,0.00492855,-0.01483095,-0.03432219,8.5556,8.705223,,0.09404701,,8.533,,
LU0820561818,2026-07-31,8.533,0.00357538,-0.0050488,-0.0294034,8.536729,8.693393,,0.09489961,,8.5677,,
LU0820561818,2026-08-03,8.5677,0.00406657,-0.00178259,-0.02745868,8.527743,8.683893,,0.0961355,,8.6615,,
LU1564329115,2026-07-29,8.3,0.0,-0.00479616,-0.00240385,8.305714,8.325,,0.05469184,,8.33,,
LU1564329115,2026-07-30,8.33,0.00361446,0.00603865,0.00603865,8.307143,8.322667,,0.05321284,,8.28,,
LU1564329115,2026-07-31,8.28,-0.0060024,0.0,0.0,8.298571,8.320333,,0.05593846,,8.36,,
LU1564329115,2026-08-03,8.36,0.00966184,0.00480769,0.00239808,8.31,8.321,,0.06301676,,8.41,,
LU0056508442,2026-07-29,129.42,-0.00177401,-0.10590674,-0.14709371,138.507143,148.286333,,0.42696675,,134.06,,
LU0056508442,2026-07-30,134.06,0.03585226,-0.06935092,-0.15690837,137.151429,147.534333,,0.43879616,,138.31,,
LU0056508442,2026-07-31,138.31,0.03170222,-0.01009161,-0.11679438,136.231429,146.826333,,0.4499215,,137.48,,
LU0056508442,2026-08-03,137.48,-0.00600101,-0.00671917,-0.08772395,135.292857,146.031667,,0.44701158,,144.11,,
LU0109392836,2026-07-29,66.94,-0.03153935,-0.09613827,-0.14377079,71.36,75.263,,0.37367952,,70.58,,
LU0109392836,2026-07-30,70.58,0.05437705,-0.03301822,-0.12115552,70.78,75.027667,,0.41241349,,71.52,,
LU0109392836,2026-07-31,71.52,0.01331822,0.00505902,-0.08131021,70.417143,74.825,,0.39657992,,73.06,,
LU0109392836,2026-08-03,73.06,0.02153244,0.03469763,-0.0306488,70.427143,74.575667,,0.40351368,,75.86,,
LU0231206078,2026-07-29,81.0,-0.0006169,0.04300798,0.02324406,79.081429,79.134667,,0.16466236,,80.7,,
LU0231206078,2026-07-30,80.7,-0.0037037,0.04277038,0.01945427,79.341429,79.229333,,0.16535335,,80.68,,
LU0231206078,2026-07-31,80.68,-0.00024783,0.03808543,0.01497044,79.772857,79.32,,0.16083887,,82.37,,
LU0231206078,2026-08-03,82.37,0.02094695,0.03130086,0.0338898,80.484286,79.431,,0.17148929,,82.17,,
LU0098860793,2026-07-29,9.88,-0.00403226,0.00304569,-0.00403226,9.862857,9.883667,,0.0562898,,9.91,,
LU0098860793,2026-07-30,9.91,0.00303644,0.01019368,0.0010101,9.871429,9.880667,,0.05065982,,9.92,,
LU0098860793,2026-07-31,9.92,0.00100908,0.0071066,0.00813008,9.881429,9.881,,0.05064558,,9.91,,
LU0098860793,2026-08-03,9.91,-0.00100806,0.00303644,0.0,9.895714,9.881333,,0.04987479,,9.97,,
LU0348825331,2026-08-04,66.892,0.00361434,0.02848585,0.03745361,66.037757,65.123537,,0.23789244,,67.8114,,
LU0348825331,2026-08-05,67.8114,0.01374454,0.02665369,0.04306937,66.347071,65.165563,,0.22640552,,67.073,,
LU0348825331,2026-08-06,67.073,-0.01088902,0.02116536,0.04297512,66.6376,65.24178,,0.2283938,,67.7055,,
LU0348825331,2026-08-07,67.7055,0.00943002,0.02116829,0.03511143,66.873971,65.351693,,0.21476611,,68.3744,,
LU0348825331,2026-08-10,68.3744,0.00987955,0.02585554,0.04781126,67.258486,65.53722,,0.21101701,,67.4085,,
LU0348825331,2026-08-11,67.4085,-0.01412663,0.0077214,0.03300922,67.416557,65.65339,,0.21614017,,67.2253,,
LU0348825331,2026-08-12,67.2253,-0.00271776,-0.00864309,0.04224625,67.498586,65.749853,,0.21304481,,66.9646,,
LU0348825331,2026-08-13,66.9646,-0.003878,-0.00161615,0.02759871,67.508957,65.861497,,0.21071887,,66.2705,,
LU0348825331,2026-08-14,66.2705,-0.01036518,-0.02119473,0.00839025,67.288829,65.921277,,0.21239255,,67.4719,,
LU0820561818,2026-08-04,8.6615,0.0109481,0.0225247,-0.01681121,8.539914,8.677533,,0.10057072,,8.7369,,
LU0820561818,2026-08-05,8.7369,0.00870519,0.03262064,-0.00533937,8.5619,8.67198,,0.09434652,,8.6775,,
LU0820561818,2026-08-06,8.6775,-0.00679875,0.02057018,-0.00562648,8.591443,8.669,,0.09557678,,8.6928,,
LU0820561818,2026-08-07,8.6928,0.00176318,0.01872729,-0.00257022,8.624571,8.667823,,0.09526622,,8.7022,,
LU0820561818,2026-08-10,8.7022,0.00108135,0.0156985,-0.00808152,8.653086,8.66791,,0.09487088,,8.6873,,
LU0820561818,2026-08-11,8.6873,-0.00171221,0.0029787,-0.0097799,8.675129,8.666613,,0.09080759,,8.7181,,
LU0820561818,2026-08-12,8.7181,0.00354541,-0.00215179,-0.00240299,8.696614,8.663723,,0.09149531,,8.7488,,
LU0820561818,2026-08-13,8.7488,0.00352141,0.00821665,-0.00127854,8.709086,8.6623,,0.09193134,,8.7559,,
LU0820561818,2026-08-14,8.7559,0.00081154,0.00725888,0.00620554,8.7118,8.66051,,0.09160103,,8.6997,,
LU1564329115,2026-08-04,8.41,0.00598086,0.01325301,0.00839329,8.328571,8.323,,0.06134301,,8.48,,
LU1564329115,2026-08-05,8.48,0.00832342,0.02168675,0.01556886,8.351429,8.329333,,0.0654953,,8.46,,
LU1564329115,2026-08-06,8.46,-0.00235849,0.01560624,0.01317365,8.374286,8.335,,0.06611735,,8.47,,
LU1564329115,2026-08-07,8.47,0.00118203,0.02294686,0.02048193,8.398571,8.341,,0.06553971,,8.47,,
LU1564329115,2026-08-10,8.47,0.0,0.01315789,0.01437126,8.418571,8.346,,0.0634524,,8.48,,
LU1564329115,2026-08-11,8.48,0.00118064,0.00832342,0.01556886,8.447143,8.352667,,0.06341549,,8.49,,
LU1564329115,2026-08-12,8.49,0.00117925,0.00117925,0.01676647,8.465714,8.359667,,0.0603389,,8.53,,
LU1564329115,2026-08-13,8.53,0.00471143,0.00827423,0.02155689,8.482857,8.366,,0.06148932,,8.53,,
LU1564329115,2026-08-14,8.53,0.0,0.00708383,0.02033493,8.49,8.372333,,0.06151812,,8.51,,
LU0056508442,2026-08-04,144.11,0.0482252,0.11153105,-0.04372926,135.92,145.394333,,0.43847036,,147.0,,
LU0056508442,2026-08-05,147.0,0.02005413,0.13583681,-0.04215808,137.147143,145.196,,0.44296318,,143.25,,
LU0056508442,2026-08-06,143.25,-0.0255102,0.06855139,-0.02124898,139.09,144.898,,0.44879858,,144.63,,
LU0056508442,2026-08-07,144.63,0.00963351,0.04569445,-0.01195519,141.262857,144.671,,0.44990263,,145.32,,
LU0056508442,2026-08-10,145.32,0.00477079,0.05702648,-0.0310062,142.871429,144.457,,0.42473408,,145.13,,
LU0056508442,2026-08-11,145.13,-0.00130746,0.00707793,-0.03227312,143.845714,143.994333,,0.42305248,,148.08,,
LU0056508442,2026-08-12,148.08,0.0203266,0.00734694,0.01745225,145.36,143.710333,,0.42487804,,150.15,,
LU0056508442,2026-08-13,150.15,0.01397893,0.04816754,0.01824224,146.222857,143.595333,,0.42341059,,149.86,,
LU0056508442,2026-08-14,149.86,-0.0019314,0.03616124,0.01031484,146.631429,143.567333,,0.41978801,,150.66,,
LU0109392836,2026-08-04,75.86,0.03832466,0.09751157,0.00650126,71.098571,74.432333,,0.39384263,,75.05,,
LU0109392836,2026-08-05,75.05,-0.01067756,0.12115327,-0.02583074,71.732857,74.397333,,0.39514196,,74.89,,
LU0109392836,2026-08-06,74.89,-0.00213191,0.06106546,0.00106938,72.557143,74.356333,,0.39346117,,76.17,,
LU0109392836,2026-08-07,76.17,0.01709173,0.06501678,0.01048023,73.875714,74.328,,0.39460483,,75.78,,
LU0109392836,2026-08-10,75.78,-0.00512013,0.03722967,-0.01584416,74.618571,74.323,,0.38461045,,75.77,,
LU0109392836,2026-08-11,75.77,-0.00013196,-0.0011864,-0.01597403,75.225714,74.242667,,0.37499561,,76.94,,
LU0109392836,2026-08-12,76.94,0.01544147,0.02518321,0.03219748,75.78,74.130333,,0.36756565,,77.71,,
LU0109392836,2026-08-13,77.71,0.0100078,0.03765523,0.02061991,76.044286,74.125667,,0.35558412,,77.17,,
LU0109392836,2026-08-14,77.17,-0.00694891,0.01312853,0.0191495,76.347143,74.185667,,0.35053113,,77.51,,
LU0231206078,2026-08-04,82.17,-0.00242807,0.01381863,0.03137944,81.12,79.529333,,0.17024241,,82.03,,
LU0231206078,2026-08-05,82.03,-0.00170378,0.01271605,0.02065447,81.428571,79.64,,0.16700552,,82.03,,
LU0231206078,2026-08-06,82.03,0.0,0.01648079,0.0211627,81.568571,79.717333,,0.16702696,,81.99,,
LU0231206078,2026-08-07,81.99,-0.00048763,0.01623699,0.0444586,81.71,79.789333,,0.16699221,,81.69,,
LU0231206078,2026-08-10,81.69,-0.00365898,-0.00825543,0.02163582,81.851429,79.844,,0.16358197,,81.67,,
LU0231206078,2026-08-11,81.67,-0.00024483,-0.00608495,0.02138569,81.992857,79.927667,,0.16359887,,81.34,,
LU0231206078,2026-08-12,81.34,-0.00404065,-0.00841156,0.02044913,81.845714,80.000333,,0.16401496,,81.73,,
LU0231206078,2026-08-13,81.73,0.00479469,-0.0036572,0.03784127,81.782857,80.075,,0.16438123,,80.95,,
LU0231206078,2026-08-14,80.95,-0.00954362,-0.01268447,0.03305258,81.628571,80.117667,,0.16537669,,80.54,,
LU0098860793,2026-08-04,9.97,0.00605449,0.00504032,0.00605449,9.912857,9.884667,,0.05279386,,9.95,,
LU0098860793,2026-08-05,9.95,-0.00200602,0.00708502,0.00403633,9.922857,9.887,,0.05318498,,9.94,,
LU0098860793,2026-08-06,9.94,-0.00100503,0.00302725,0.00201613,9.925714,9.888667,,0.05330376,,9.98,,
LU0098860793,2026-08-07,9.98,0.00402414,0.00604839,0.01114488,9.94,9.891667,,0.05424502,,9.99,,
LU0098860793,2026-08-10,9.99,0.001002,0.00807265,0.0111336,9.951429,9.894333,,0.05424413,,10.0,,
LU0098860793,2026-08-11,10.0,0.001001,0.00300903,0.01214575,9.962857,9.897,,0.05383828,,10.01,,
LU0098860793,2026-08-12,10.01,0.001,0.00603015,0.01315789,9.977143,9.900667,,0.05016724,,10.04,,
LU0098860793,2026-08-13,10.04,0.002997,0.01006036,0.02136317,9.987143,9.907333,,0.0467013,,10.03,,
LU0098860793,2026-08-14,10.03,-0.00099602,0.00501002,0.01724138,9.998571,9.911333,,0.04688033,,9.99,,
LU0348825331,2026-08-17,67.4719,0.01812873,-0.01319938,0.06419702,67.345814,66.003293,,0.2153354,,,,
LU0820561818,2026-08-17,8.6997,-0.00641853,-0.00028728,0.01616577,8.714971,8.657707,,0.09154249,,,,
LU1564329115,2026-08-17,8.51,-0.00234467,0.00472255,0.02160864,8.497143,8.377667,,0.06215791,,,,
LU0056508442,2026-08-17,150.66,0.00533832,0.03674649,0.09475367,147.69,143.473667,,0.39595393,,,,
LU0109392836,2026-08-17,77.51,0.00440586,0.02282924,0.07503467,76.721429,74.201333,,0.33909492,,,,
LU0231206078,2026-08-17,80.54,-0.00506485,-0.01407761,0.02169225,81.415714,80.123333,,0.16612134,,,,
LU0098860793,2026-08-17,9.99,-0.00398804,0.0,0.0111336,10.005714,9.914,,0.04859743,,,,
